entry_zscore,lookback,max_holding_days,max_positions_per_side,min_history,min_holding_days,n_components,vol_target,zscore_window,total_return,cagr,vol,sharpe,sortino,calmar,max_dd,beta_mean_abs,avg_positions,avg_gross,total_costs,elapsed_s,combo_key
1.0,126,90,30,252,42,3,0.2,60,0.1983576058903902,0.007279411941851777,0.09459474976936044,-0.10866896662784874,-0.09041864096248213,0.02501714470180715,-0.2909769291667381,0.101966213226506,59.809129950691904,2.2946196671255876,407119.24553314666,105.82764172554016,"{""entry_zscore"": 1.0, ""lookback"": 126, ""max_holding_days"": 90, ""max_positions_per_side"": 30, ""min_history"": 252, ""min_holding_days"": 42, ""n_components"": 3, ""vol_target"": 0.2, ""zscore_window"": 60}"
1.0,126,90,50,252,63,3,0.2,60,0.11712373869356174,0.0044493214088952016,0.0833724630974591,-0.15724141703104416,-0.172929041372635,0.016631607341243866,-0.2675220330545899,0.08568793941944745,99.68188325115317,2.571330215490708,404226.79436521215,108.63299059867859,"{""entry_zscore"": 1.0, ""lookback"": 126, ""max_holding_days"": 90, ""max_positions_per_side"": 50, ""min_history"": 252, ""min_holding_days"": 63, ""n_components"": 3, ""vol_target"": 0.2, ""zscore_window"": 60}"
1.0,126,120,30,126,21,5,0.2,40,0.19745616144044176,0.007249029937810736,0.09385232109641621,-0.1098523253282764,-0.09673464993971458,0.02354292552338113,-0.3079069307088248,0.09627396586455586,59.809129950691904,2.3021112479313635,466703.60785489675,104.44654154777527,"{""entry_zscore"": 1.0, ""lookback"": 126, ""max_holding_days"": 120, ""max_positions_per_side"": 30, ""min_history"": 126, ""min_holding_days"": 21, ""n_components"": 5, ""vol_target"": 0.2, ""zscore_window"": 40}"
1.0,126,120,30,126,42,3,0.08,40,0.22619183309149227,0.008206890983874171,0.058809663145568146,-0.1590220750063708,-0.1955323098245179,0.036142744369459835,-0.22706883849165838,0.057500453516976455,59.809129950691904,1.453499507976213,230181.9062408057,106.64292669296265,"{""entry_zscore"": 1.0, ""lookback"": 126, ""max_holding_days"": 120, ""max_positions_per_side"": 30, ""min_history"": 126, ""min_holding_days"": 42, ""n_components"": 3, ""vol_target"": 0.08, ""zscore_window"": 40}"
1.0,126,120,30,126,42,3,0.1,90,0.24775652861530006,0.008911668739162826,0.06839212059458687,-0.12643644959927886,-0.13980850163206707,0.030656085911477234,-0.29069819170314937,0.0782978634841875,59.809129950691904,1.5860152624418071,249145.20839537735,108.02160310745239,"{""entry_zscore"": 1.0, ""lookback"": 126, ""max_holding_days"": 120, ""max_positions_per_side"": 30, ""min_history"": 126, ""min_holding_days"": 42, ""n_components"": 3, ""vol_target"": 0.1, ""zscore_window"": 90}"
1.0,126,120,30,252,63,8,0.15,60,0.008915380822752672,0.0003558323582408818,0.08084180762082621,-0.212799463492395,-0.2491265148919203,0.0012158719835836111,-0.2926561044626722,0.07995461864544522,59.809129950691904,2.013318451265889,258324.50956307523,106.61949062347412,"{""entry_zscore"": 1.0, ""lookback"": 126, ""max_holding_days"": 120, ""max_positions_per_side"": 30, ""min_history"": 252, ""min_holding_days"": 63, ""n_components"": 8, ""vol_target"": 0.15, ""zscore_window"": 60}"
1.0,126,120,50,126,42,10,0.1,90,0.38244458980997087,0.013065538881530836,0.058958775283344964,-0.0762123491300979,-0.07709259489786331,0.04922291526929353,-0.26543610450641963,0.06453765473493576,99.68188325115317,1.827822988869496,340850.37773611065,109.2251570224762,"{""entry_zscore"": 1.0, ""lookback"": 126, ""max_holding_days"": 120, ""max_positions_per_side"": 50, ""min_history"": 126, ""min_holding_days"": 42, ""n_components"": 10, ""vol_target"": 0.1, ""zscore_window"": 90}"
1.0,126,120,50,252,21,5,0.1,40,0.20067278894036433,0.00735734174003877,0.06133545768878105,-0.16632441155705804,-0.20371672325989323,0.03526352585458884,-0.2086388573388035,0.06220889369701921,99.68188325115317,1.803951422684696,371535.1882659844,110.18139982223511,"{""entry_zscore"": 1.0, ""lookback"": 126, ""max_holding_days"": 120, ""max_positions_per_side"": 50, ""min_history"": 252, ""min_holding_days"": 21, ""n_components"": 5, ""vol_target"": 0.1, ""zscore_window"": 40}"
1.0,126,120,50,252,63,10,0.15,90,0.09411433476948439,0.003611754494898367,0.07178642536326744,-0.1942870268610199,-0.24279436077742425,0.011235226273385558,-0.3214670009320624,0.08188423360168469,99.68188325115317,2.2658664668812705,353402.27261725435,110.25125026702881,"{""entry_zscore"": 1.0, ""lookback"": 126, ""max_holding_days"": 120, ""max_positions_per_side"": 50, ""min_history"": 252, ""min_holding_days"": 63, ""n_components"": 10, ""vol_target"": 0.15, ""zscore_window"": 90}"
1.0,126,180,30,126,42,3,0.08,40,0.13083806085868233,0.004940695349681112,0.05916457410587535,-0.21327340708050396,-0.2773923148887968,0.023712006937735838,-0.2083625971709031,0.05680966580550772,59.809129950691904,1.4533540016686735,220716.0210483268,104.99425649642944,"{""entry_zscore"": 1.0, ""lookback"": 126, ""max_holding_days"": 180, ""max_positions_per_side"": 30, ""min_history"": 126, ""min_holding_days"": 42, ""n_components"": 3, ""vol_target"": 0.08, ""zscore_window"": 40}"
1.0,126,180,50,252,21,5,0.15,60,0.8387903818597933,0.024715176823593588,0.07470754247676614,0.09579020991235329,0.1995381526237516,0.10209058798276653,-0.24209065019554643,0.08294103278009497,99.68188325115317,2.202088531044009,557064.3806556767,110.41064739227295,"{""entry_zscore"": 1.0, ""lookback"": 126, ""max_holding_days"": 180, ""max_positions_per_side"": 50, ""min_history"": 252, ""min_holding_days"": 21, ""n_components"": 5, ""vol_target"": 0.15, ""zscore_window"": 60}"
1.0,189,90,30,126,21,5,0.15,60,0.6254101455429786,0.01966137271781876,0.08206071149090327,0.02562062931106458,0.0955000812109506,0.07614608241883228,-0.25820596534006524,0.08808979739583758,59.809129950691904,1.995496260696526,507140.7482129195,108.45181584358215,"{""entry_zscore"": 1.0, ""lookback"": 189, ""max_holding_days"": 90, ""max_positions_per_side"": 30, ""min_history"": 126, ""min_holding_days"": 21, ""n_components"": 5, ""vol_target"": 0.15, ""zscore_window"": 60}"
1.0,189,90,30,126,42,5,0.15,40,0.2306372646845416,0.0083531449641987,0.08341562605726144,-0.1103603859208587,-0.09803090911012628,0.023056394501252273,-0.36229189970465725,0.0777076046775507,59.809129950691904,2.0216053075648373,356174.2408336458,111.65355086326599,"{""entry_zscore"": 1.0, ""lookback"": 189, ""max_holding_days"": 90, ""max_positions_per_side"": 30, ""min_history"": 126, ""min_holding_days"": 42, ""n_components"": 5, ""vol_target"": 0.15, ""zscore_window"": 40}"
1.0,189,90,30,126,63,10,0.08,40,-0.036980753795092025,-0.001509251882289453,0.060211641357211916,-0.31668589495631894,-0.40196939010882465,-0.005790336158602822,-0.2606501316934987,0.06072399231136988,59.809129950691904,1.4873461579750074,187578.96977618404,109.63512969017029,"{""entry_zscore"": 1.0, ""lookback"": 189, ""max_holding_days"": 90, ""max_positions_per_side"": 30, ""min_history"": 126, ""min_holding_days"": 63, ""n_components"": 10, ""vol_target"": 0.08, ""zscore_window"": 40}"
1.0,189,90,50,126,42,8,0.1,90,0.585800677453632,0.018653558341681586,0.06083323107795069,0.01799399233900355,0.07008899179069053,0.08783702661586312,-0.21236554856597123,0.07554811395685121,99.68188325115317,1.821383549595436,420734.8135583743,113.5322437286377,"{""entry_zscore"": 1.0, ""lookback"": 189, ""max_holding_days"": 90, ""max_positions_per_side"": 50, ""min_history"": 126, ""min_holding_days"": 42, ""n_components"": 8, ""vol_target"": 0.1, ""zscore_window"": 90}"
1.0,189,90,50,252,21,5,0.1,40,0.7526084614736712,0.022745439044618454,0.06226219308916549,0.08330116784487106,0.16312879270253952,0.11408623545114048,-0.1993705809879195,0.06233344762965082,99.68188325115317,1.7943094320644608,486503.5669340981,115.058358669281,"{""entry_zscore"": 1.0, ""lookback"": 189, ""max_holding_days"": 90, ""max_positions_per_side"": 50, ""min_history"": 252, ""min_holding_days"": 21, ""n_components"": 5, ""vol_target"": 0.1, ""zscore_window"": 40}"
1.0,189,90,50,252,21,8,0.08,40,0.7049460379130281,0.021615775099222523,0.053678814757691276,0.07557636042873199,0.1427680568245167,0.1014253458281688,-0.21312005320487837,0.05575340821824396,99.68188325115317,1.629963826358522,457793.29549945274,114.95089793205261,"{""entry_zscore"": 1.0, ""lookback"": 189, ""max_holding_days"": 90, ""max_positions_per_side"": 50, ""min_history"": 252, ""min_holding_days"": 21, ""n_components"": 8, ""vol_target"": 0.08, ""zscore_window"": 40}"
1.0,189,90,50,252,63,8,0.1,90,0.2099459449558969,0.0076680399702682145,0.0600501943846746,-0.16471030241933982,-0.20665750257272722,0.027224029776426482,-0.2816643984465531,0.06992928109743893,99.68188325115317,1.8389761748551776,322728.196086101,115.57758498191833,"{""entry_zscore"": 1.0, ""lookback"": 189, ""max_holding_days"": 90, ""max_positions_per_side"": 50, ""min_history"": 252, ""min_holding_days"": 63, ""n_components"": 8, ""vol_target"": 0.1, ""zscore_window"": 90}"
1.0,189,120,30,126,21,8,0.08,90,0.1689993732105186,0.006278468393007497,0.05902276908886767,-0.19112043417881977,-0.24678514961391831,0.02227508660867516,-0.2818605603339074,0.0722437627251115,59.809129950691904,1.4654075210486774,298835.98071692116,109.58270597457886,"{""entry_zscore"": 1.0, ""lookback"": 189, ""max_holding_days"": 120, ""max_positions_per_side"": 30, ""min_history"": 126, ""min_holding_days"": 21, ""n_components"": 8, ""vol_target"": 0.08, ""zscore_window"": 90}"
1.0,189,120,30,126,21,10,0.2,90,0.9146356212221565,0.02637668194779974,0.09213207898329723,0.09570777515712217,0.2110284563082075,0.09041273278866802,-0.2917363642735251,0.10329823097787895,59.809129950691904,2.3338724619456506,650752.0529177242,108.569904088974,"{""entry_zscore"": 1.0, ""lookback"": 189, ""max_holding_days"": 120, ""max_positions_per_side"": 30, ""min_history"": 126, ""min_holding_days"": 21, ""n_components"": 10, ""vol_target"": 0.2, ""zscore_window"": 90}"
1.0,189,120,30,126,63,5,0.08,90,-0.11678608338226892,-0.004965416839746828,0.058633508173235836,-0.38415478093013916,-0.5325439550714527,-0.01638297810533914,-0.30308389645766665,0.07048942336433696,59.809129950691904,1.464669819650628,193489.39576923338,110.30916738510132,"{""entry_zscore"": 1.0, ""lookback"": 189, ""max_holding_days"": 120, ""max_positions_per_side"": 30, ""min_history"": 126, ""min_holding_days"": 63, ""n_components"": 5, ""vol_target"": 0.08, ""zscore_window"": 90}"
1.0,189,120,30,126,63,10,0.1,60,0.25609058406695007,0.009180914173007926,0.06270848910625494,-0.133602508912378,-0.15710694918025336,0.04247744777033624,-0.21613620061748007,0.0675995580437188,59.809129950691904,1.6789344091046705,241280.10460483842,109.19341611862183,"{""entry_zscore"": 1.0, ""lookback"": 189, ""max_holding_days"": 120, ""max_positions_per_side"": 30, ""min_history"": 126, ""min_holding_days"": 63, ""n_components"": 10, ""vol_target"": 0.1, ""zscore_window"": 60}"
1.0,189,120,30,252,21,8,0.15,40,0.6061264710863261,0.019173703847627177,0.08156185175923703,0.019798204247320705,0.08263384813666781,0.06664584503458759,-0.28769541203471105,0.08285834565353063,59.809129950691904,2.018604274252537,530780.0808328087,110.70827507972717,"{""entry_zscore"": 1.0, ""lookback"": 189, ""max_holding_days"": 120, ""max_positions_per_side"": 30, ""min_history"": 252, ""min_holding_days"": 21, ""n_components"": 8, ""vol_target"": 0.15, ""zscore_window"": 40}"
1.0,189,120,30,252,21,10,0.1,60,0.9020131985525948,0.02610460084191102,0.06495847971362452,0.1315559605439861,0.24147765467530374,0.19639396191734107,-0.13291956935467297,0.06807122113048901,59.809129950691904,1.6460658543341657,400535.3497031711,112.26702547073364,"{""entry_zscore"": 1.0, ""lookback"": 189, ""max_holding_days"": 120, ""max_positions_per_side"": 30, ""min_history"": 252, ""min_holding_days"": 21, ""n_components"": 10, ""vol_target"": 0.1, ""zscore_window"": 60}"
1.0,189,120,30,252,42,8,0.08,90,0.09922054444967521,0.0037990760809751833,0.059444385658796714,-0.23147433376993293,-0.29788851949456147,0.011396105345196283,-0.3333661778211431,0.0678593445543407,59.809129950691904,1.4662562542585174,288203.3957027826,111.15435814857483,"{""entry_zscore"": 1.0, ""lookback"": 189, ""max_holding_days"": 120, ""max_positions_per_side"": 30, ""min_history"": 252, ""min_holding_days"": 42, ""n_components"": 8, ""vol_target"": 0.08, ""zscore_window"": 90}"
1.0,189,120,30,252,63,8,0.15,90,-0.08517410125809155,-0.0035618647133204284,0.07974883778871401,-0.26484135627137045,-0.3422841836237049,-0.009129275858617425,-0.3901585151420599,0.09086940176653792,59.809129950691904,2.019864521984519,321089.3653921037,110.88134002685547,"{""entry_zscore"": 1.0, ""lookback"": 189, ""max_holding_days"": 120, ""max_positions_per_side"": 30, ""min_history"": 252, ""min_holding_days"": 63, ""n_components"": 8, ""vol_target"": 0.15, ""zscore_window"": 90}"
1.0,189,120,50,126,21,5,0.15,90,0.046265452988367706,0.0018144694153545693,0.0756908669095016,-0.2080099868743492,-0.2477716909286324,0.004838743747379517,-0.3749877055045988,0.09496602658080232,99.68188325115317,2.19153348557506,413340.9181773291,112.32889485359192,"{""entry_zscore"": 1.0, ""lookback"": 189, ""max_holding_days"": 120, ""max_positions_per_side"": 50, ""min_history"": 126, ""min_holding_days"": 21, ""n_components"": 5, ""vol_target"": 0.15, ""zscore_window"": 90}"
1.0,189,120,50,126,42,5,0.1,90,-0.0863401562637719,-0.003612804114292101,0.06090413312443708,-0.3476238586097747,-0.46324471532248396,-0.01049725678752209,-0.34416649867864335,0.07755033898824198,99.68188325115317,1.8013172723335797,276158.834370722,111.75169014930725,"{""entry_zscore"": 1.0, ""lookback"": 189, ""max_holding_days"": 120, ""max_positions_per_side"": 50, ""min_history"": 126, ""min_holding_days"": 42, ""n_components"": 5, ""vol_target"": 0.1, ""zscore_window"": 90}"
1.0,189,120,50,126,42,8,0.1,40,0.3158108908000783,0.011061556588572108,0.05843314382292459,-0.11119321388603676,-0.12551732307800245,0.048536268792898955,-0.227902903615666,0.06228838650451491,99.68188325115317,1.8496288730011285,335149.84013154934,116.93940138816833,"{""entry_zscore"": 1.0, ""lookback"": 189, ""max_holding_days"": 120, ""max_positions_per_side"": 50, ""min_history"": 126, ""min_holding_days"": 42, ""n_components"": 8, ""vol_target"": 0.1, ""zscore_window"": 40}"
1.0,189,120,50,252,63,5,0.2,60,-0.14790575494193103,-0.006395028353942345,0.08422355292410845,-0.2844092082322235,-0.3624843590336945,-0.014283728172309091,-0.44771422956227624,0.09277948684683589,99.68188325115317,2.602876987635131,386136.1323707161,115.59438586235046,"{""entry_zscore"": 1.0, ""lookback"": 189, ""max_holding_days"": 120, ""max_positions_per_side"": 50, ""min_history"": 252, ""min_holding_days"": 63, ""n_components"": 5, ""vol_target"": 0.2, ""zscore_window"": 60}"
1.0,189,180,30,126,21,10,0.1,60,0.7219868438235366,0.02202310786192707,0.06478381866093247,0.06890890821956229,0.14800695131379324,0.17258115162553245,-0.1276101570449184,0.06931450997156063,59.809129950691904,1.6459835525619069,367336.2257175146,109.8804886341095,"{""entry_zscore"": 1.0, ""lookback"": 189, ""max_holding_days"": 180, ""max_positions_per_side"": 30, ""min_history"": 126, ""min_holding_days"": 21, ""n_components"": 10, ""vol_target"": 0.1, ""zscore_window"": 60}"
1.0,189,180,30,252,63,8,0.08,60,0.13590930406147073,0.005120946688420558,0.056222692148352904,-0.22122702567262129,-0.28750129476075836,0.0293543580476301,-0.17445268876639575,0.0587550847449122,59.809129950691904,1.4925582088544709,188561.47099459256,111.71560502052307,"{""entry_zscore"": 1.0, ""lookback"": 189, ""max_holding_days"": 180, ""max_positions_per_side"": 30, ""min_history"": 252, ""min_holding_days"": 63, ""n_components"": 8, ""vol_target"": 0.08, ""zscore_window"": 60}"
1.0,189,180,50,126,42,8,0.2,60,1.0336000083837447,0.028859609331237657,0.08219812310171326,0.1374810428401863,0.2633367296164197,0.080887500482442,-0.3567870086120676,0.09085703839919473,99.68188325115317,2.6187674078330683,689012.3312986358,114.9459764957428,"{""entry_zscore"": 1.0, ""lookback"": 189, ""max_holding_days"": 180, ""max_positions_per_side"": 50, ""min_history"": 126, ""min_holding_days"": 42, ""n_components"": 8, ""vol_target"": 0.2, ""zscore_window"": 60}"
1.0,252,90,30,126,21,5,0.1,90,-0.05225665782168887,-0.0021489887823042952,0.06820920315887118,-0.28893336261544095,-0.37357002549726703,-0.005539923019297142,-0.38790950250007994,0.0807214795138926,59.809129950691904,1.623862402142035,307053.47010560316,115.98991012573242,"{""entry_zscore"": 1.0, ""lookback"": 252, ""max_holding_days"": 90, ""max_positions_per_side"": 30, ""min_history"": 126, ""min_holding_days"": 21, ""n_components"": 5, ""vol_target"": 0.1, ""zscore_window"": 90}"
1.0,252,90,30,126,42,3,0.08,60,0.20872618301987855,0.007627302515146095,0.06055444544908538,-0.16401146206371578,-0.20123675766769789,0.0306850513544881,-0.24856737005364338,0.06183181666855229,59.809129950691904,1.458953288572612,285374.7507250719,114.20648097991943,"{""entry_zscore"": 1.0, ""lookback"": 252, ""max_holding_days"": 90, ""max_positions_per_side"": 30, ""min_history"": 126, ""min_holding_days"": 42, ""n_components"": 3, ""vol_target"": 0.08, ""zscore_window"": 60}"
1.0,252,90,30,126,42,5,0.08,60,0.06908946718988429,0.0026814070537843904,0.058631970223389666,-0.25374413544760477,-0.33902892208808294,0.009037683112713146,-0.296691864534673,0.06311231679059877,59.809129950691904,1.479860491436673,281233.5447813256,115.07634496688843,"{""entry_zscore"": 1.0, ""lookback"": 252, ""max_holding_days"": 90, ""max_positions_per_side"": 30, ""min_history"": 126, ""min_holding_days"": 42, ""n_components"": 5, ""vol_target"": 0.08, ""zscore_window"": 60}"
1.0,252,90,30,126,63,3,0.2,60,0.024390455256956267,0.0009663700851225698,0.09538703314822755,-0.17394980234683877,-0.18177526057138083,0.0028220064716875442,-0.3424407756742974,0.09990904993292071,59.809129950691904,2.3241573234967863,355849.5558565494,118.48367691040039,"{""entry_zscore"": 1.0, ""lookback"": 252, ""max_holding_days"": 90, ""max_positions_per_side"": 30, ""min_history"": 126, ""min_holding_days"": 63, ""n_components"": 3, ""vol_target"": 0.2, ""zscore_window"": 60}"
1.0,252,90,50,126,42,10,0.15,60,0.4901206114686514,0.016115752373470293,0.07278531643023255,-0.01982780792910547,0.022123695289823376,0.07159811246888971,-0.225086274173398,0.08401439723353367,99.68188325115317,2.2687127366362696,528865.5373504163,118.63630604743958,"{""entry_zscore"": 1.0, ""lookback"": 252, ""max_holding_days"": 90, ""max_positions_per_side"": 50, ""min_history"": 126, ""min_holding_days"": 42, ""n_components"": 10, ""vol_target"": 0.15, ""zscore_window"": 60}"
1.0,252,90,50,126,42,10,0.2,90,0.05475419046412111,0.002139003311473875,0.0859142978044836,-0.17948028128362956,-0.20712362257204642,0.005918815696594973,-0.3613904235444295,0.10658332174429976,99.68188325115317,2.6001986501674983,499551.5396564779,119.26295518875122,"{""entry_zscore"": 1.0, ""lookback"": 252, ""max_holding_days"": 90, ""max_positions_per_side"": 50, ""min_history"": 126, ""min_holding_days"": 42, ""n_components"": 10, ""vol_target"": 0.2, ""zscore_window"": 90}"
1.0,252,90,50,126,63,8,0.1,60,-0.19792333749667157,-0.008801324889072593,0.05873247441364246,-0.44881900175242245,-0.6351329184938906,-0.029819055648783756,-0.29515773379066,0.06342478717269415,99.68188325115317,1.8476082081452812,255639.6590512334,118.50692915916443,"{""entry_zscore"": 1.0, ""lookback"": 252, ""max_holding_days"": 90, ""max_positions_per_side"": 50, ""min_history"": 126, ""min_holding_days"": 63, ""n_components"": 8, ""vol_target"": 0.1, ""zscore_window"": 60}"
1.0,252,90,50,252,63,3,0.1,90,-0.04982824181293177,-0.00204663082872536,0.061475890303051006,-0.31891455950920095,-0.4245173532908203,-0.00791813247247915,-0.2584739313011979,0.0767840683318584,99.68188325115317,1.791989780956289,256807.37258169035,120.28610634803772,"{""entry_zscore"": 1.0, ""lookback"": 252, ""max_holding_days"": 90, ""max_positions_per_side"": 50, ""min_history"": 252, ""min_holding_days"": 63, ""n_components"": 3, ""vol_target"": 0.1, ""zscore_window"": 90}"
1.0,252,120,30,252,21,3,0.15,90,0.12909059841510762,0.004878404069431408,0.08526618193743034,-0.14871689209189484,-0.15747447483577387,0.015353330114984323,-0.31774240721042357,0.09255716552718274,59.809129950691904,1.9706421859976804,356586.245922241,117.01052474975586,"{""entry_zscore"": 1.0, ""lookback"": 252, ""max_holding_days"": 120, ""max_positions_per_side"": 30, ""min_history"": 252, ""min_holding_days"": 21, ""n_components"": 3, ""vol_target"": 0.15, ""zscore_window"": 90}"
1.0,252,120,30,252,21,5,0.1,90,-0.07329402939504881,-0.003046403992519209,0.06883321464594323,-0.2993515520990086,-0.384262197244894,-0.007597184029305488,-0.4009912068429521,0.0793703262154558,59.809129950691904,1.6292662457155704,287921.32163801393,117.23884963989258,"{""entry_zscore"": 1.0, ""lookback"": 252, ""max_holding_days"": 120, ""max_positions_per_side"": 30, ""min_history"": 252, ""min_holding_days"": 21, ""n_components"": 5, ""vol_target"": 0.1, ""zscore_window"": 90}"
1.0,252,120,30,252,42,3,0.1,60,0.6323583223891085,0.019835726542271503,0.06730672602163042,0.03382724178014092,0.09761558439769796,0.09316125060587893,-0.21291820808832906,0.07093250282379267,59.809129950691904,1.6189986995354884,361291.62592422613,117.22776746749878,"{""entry_zscore"": 1.0, ""lookback"": 252, ""max_holding_days"": 120, ""max_positions_per_side"": 30, ""min_history"": 252, ""min_holding_days"": 42, ""n_components"": 3, ""vol_target"": 0.1, ""zscore_window"": 60}"
1.0,252,120,50,126,42,10,0.1,40,0.18399872021588393,0.0067928351453085956,0.059179992945318526,-0.18192111838112635,-0.22502685964052996,0.026000049648118365,-0.2612623913124026,0.06221141046254289,99.68188325115317,1.8602938673824108,328714.13981670083,120.63240647315979,"{""entry_zscore"": 1.0, ""lookback"": 252, ""max_holding_days"": 120, ""max_positions_per_side"": 50, ""min_history"": 126, ""min_holding_days"": 42, ""n_components"": 10, ""vol_target"": 0.1, ""zscore_window"": 40}"
1.0,252,120,50,126,63,5,0.2,90,-0.3352686540203814,-0.016235430364347825,0.08482966585641827,-0.3983789829993658,-0.5244050544344023,-0.03362368954926326,-0.48285689589658864,0.09624663152435421,99.68188325115317,2.582007395088671,335819.1880354742,118.85343766212463,"{""entry_zscore"": 1.0, ""lookback"": 252, ""max_holding_days"": 120, ""max_positions_per_side"": 50, ""min_history"": 126, ""min_holding_days"": 63, ""n_components"": 5, ""vol_target"": 0.2, ""zscore_window"": 90}"
1.0,252,120,50,126,63,8,0.2,40,0.22496147329125704,0.008166322414365546,0.08047942439707095,-0.1167081313479723,-0.11932115230729894,0.030671192843896328,-0.26625382507712514,0.08537304808155806,99.68188325115317,2.641597455403763,395190.51988709124,118.69697785377502,"{""entry_zscore"": 1.0, ""lookback"": 252, ""max_holding_days"": 120, ""max_positions_per_side"": 50, ""min_history"": 126, ""min_holding_days"": 63, ""n_components"": 8, ""vol_target"": 0.2, ""zscore_window"": 40}"
1.0,252,120,50,252,42,5,0.08,60,0.6245162839314511,0.019638890713695734,0.054461108991852955,0.03819175012206921,0.0917710204426437,0.10250505216110754,-0.19158949046559404,0.05924119098755545,99.68188325115317,1.6304506769821425,354176.29151186964,120.41665387153625,"{""entry_zscore"": 1.0, ""lookback"": 252, ""max_holding_days"": 120, ""max_positions_per_side"": 50, ""min_history"": 252, ""min_holding_days"": 42, ""n_components"": 5, ""vol_target"": 0.08, ""zscore_window"": 60}"
1.0,252,120,50,252,63,5,0.1,60,0.045144229831567406,0.001771414966944107,0.05881468877553085,-0.2684280238397216,-0.36303244743318325,0.005197235558425939,-0.3408379218202314,0.06532229474392415,99.68188325115317,1.838725496262916,303779.69370015466,120.28200960159302,"{""entry_zscore"": 1.0, ""lookback"": 252, ""max_holding_days"": 120, ""max_positions_per_side"": 50, ""min_history"": 252, ""min_holding_days"": 63, ""n_components"": 5, ""vol_target"": 0.1, ""zscore_window"": 60}"
1.0,252,120,50,252,63,8,0.2,60,0.05356630408209773,0.0020937402888419054,0.08273184714985232,-0.18693146462515323,-0.21594396227979035,0.006530015321495907,-0.3206332888606864,0.09237874481465498,99.68188325115317,2.6311972352887936,413353.34296185494,120.28514122962952,"{""entry_zscore"": 1.0, ""lookback"": 252, ""max_holding_days"": 120, ""max_positions_per_side"": 50, ""min_history"": 252, ""min_holding_days"": 63, ""n_components"": 8, ""vol_target"": 0.2, ""zscore_window"": 60}"
1.0,252,180,30,126,63,3,0.15,40,0.2782993398776732,0.009890117187387304,0.08097771421430969,-0.09470270351204405,-0.08388463108173759,0.044358593985128605,-0.2229583108676304,0.08421040286013817,59.809129950691904,2.0173673644979297,260854.25910054636,114.97705435752869,"{""entry_zscore"": 1.0, ""lookback"": 252, ""max_holding_days"": 180, ""max_positions_per_side"": 30, ""min_history"": 126, ""min_holding_days"": 63, ""n_components"": 3, ""vol_target"": 0.15, ""zscore_window"": 40}"
1.0,252,180,30,252,42,10,0.08,40,0.5155616830817047,0.016805484278726412,0.05862693693430365,-0.012851453757954129,0.02049176155731101,0.09888926365879777,-0.16994245539850672,0.06097346598709053,59.809129950691904,1.4857446427219623,275811.76276977954,117.63709092140198,"{""entry_zscore"": 1.0, ""lookback"": 252, ""max_holding_days"": 180, ""max_positions_per_side"": 30, ""min_history"": 252, ""min_holding_days"": 42, ""n_components"": 10, ""vol_target"": 0.08, ""zscore_window"": 40}"
1.0,252,180,30,252,63,8,0.1,40,0.08116211603391088,0.0031328112942643482,0.06382613994196872,-0.2260220399754726,-0.2901835276287223,0.016002867239152993,-0.19576562421261223,0.06600040557446597,59.809129950691904,1.664029633176541,198258.41642895818,116.89672708511353,"{""entry_zscore"": 1.0, ""lookback"": 252, ""max_holding_days"": 180, ""max_positions_per_side"": 30, ""min_history"": 252, ""min_holding_days"": 63, ""n_components"": 8, ""vol_target"": 0.1, ""zscore_window"": 40}"
1.0,252,180,50,126,42,3,0.15,90,-0.07134588726051305,-0.0029624825599515736,0.07773859884404306,-0.2639796512004177,-0.3356986280749989,-0.008420719900761743,-0.3518087045839853,0.09153828478474979,99.68188325115317,2.151923069727778,323015.2219546377,118.0895025730133,"{""entry_zscore"": 1.0, ""lookback"": 252, ""max_holding_days"": 180, ""max_positions_per_side"": 50, ""min_history"": 126, ""min_holding_days"": 42, ""n_components"": 3, ""vol_target"": 0.15, ""zscore_window"": 90}"
1.0,252,180,50,126,63,3,0.1,60,0.16194836307359073,0.006034477999612653,0.06054309791065565,-0.19035113903656292,-0.2396246797041212,0.024833719060623215,-0.24299533971860976,0.07084751014991138,99.68188325115317,1.80343521594222,259530.770296701,118.65211462974548,"{""entry_zscore"": 1.0, ""lookback"": 252, ""max_holding_days"": 180, ""max_positions_per_side"": 50, ""min_history"": 126, ""min_holding_days"": 63, ""n_components"": 3, ""vol_target"": 0.1, ""zscore_window"": 60}"
1.0,504,90,30,126,21,3,0.2,90,0.12666410279324358,0.004791753848935487,0.09454903148819435,-0.13503228534251846,-0.13630186695287907,0.01235317978332119,-0.3878963904828081,0.11622149755711728,57.442341339271515,2.182196892511832,484135.89686909836,100.6931676864624,"{""entry_zscore"": 1.0, ""lookback"": 504, ""max_holding_days"": 90, ""max_positions_per_side"": 30, ""min_history"": 126, ""min_holding_days"": 21, ""n_components"": 3, ""vol_target"": 0.2, ""zscore_window"": 90}"
1.0,504,90,30,252,21,3,0.1,90,0.08978176899235746,0.0034521548053290108,0.06675619486736671,-0.21131777912756816,-0.2749461304172098,0.012065304239594279,-0.28612248284632535,0.08243066928616756,57.442341339271515,1.5428063412095847,310947.06627312343,100.05576801300049,"{""entry_zscore"": 1.0, ""lookback"": 504, ""max_holding_days"": 90, ""max_positions_per_side"": 30, ""min_history"": 252, ""min_holding_days"": 21, ""n_components"": 3, ""vol_target"": 0.1, ""zscore_window"": 90}"
1.0,504,90,50,126,21,5,0.1,40,0.8785747613016663,0.025594747041106425,0.06211412473316164,0.12937188486386467,0.22772510082072175,0.13112357435651847,-0.19519561731527835,0.07204931150880299,95.73723556545252,1.6862641396651572,474887.25423195417,104.29006147384644,"{""entry_zscore"": 1.0, ""lookback"": 504, ""max_holding_days"": 90, ""max_positions_per_side"": 50, ""min_history"": 126, ""min_holding_days"": 21, ""n_components"": 5, ""vol_target"": 0.1, ""zscore_window"": 40}"
1.0,504,90,50,126,21,10,0.1,40,0.22196645009764504,0.008067403991141697,0.0605092968051946,-0.15686055131534074,-0.1867511179507247,0.034000540844902095,-0.2372728136279424,0.06649173376326527,95.73723556545252,1.7530602698073348,398823.1665580346,105.08238530158997,"{""entry_zscore"": 1.0, ""lookback"": 504, ""max_holding_days"": 90, ""max_positions_per_side"": 50, ""min_history"": 126, ""min_holding_days"": 21, ""n_components"": 10, ""vol_target"": 0.1, ""zscore_window"": 40}"
1.0,504,90,50,126,63,3,0.2,90,0.22755537514147361,0.00825180533944625,0.08378022256945293,-0.11108970617195905,-0.10729461885663978,0.02349105153529296,-0.35127441302696627,0.09777653677469865,95.73723556545252,2.4383724626587604,517950.0184957923,105.40049409866333,"{""entry_zscore"": 1.0, ""lookback"": 504, ""max_holding_days"": 90, ""max_positions_per_side"": 50, ""min_history"": 126, ""min_holding_days"": 63, ""n_components"": 3, ""vol_target"": 0.2, ""zscore_window"": 90}"
1.0,504,120,30,126,63,10,0.15,40,-0.18626238305597442,-0.008227705766247984,0.0787374373800103,-0.3275015325873782,-0.4268929896518227,-0.021181797983214058,-0.3884328314701233,0.07845658207494526,57.442341339271515,1.9501848679463314,205474.657891637,107.71817469596863,"{""entry_zscore"": 1.0, ""lookback"": 504, ""max_holding_days"": 120, ""max_positions_per_side"": 30, ""min_history"": 126, ""min_holding_days"": 63, ""n_components"": 10, ""vol_target"": 0.15, ""zscore_window"": 40}"
1.0,504,120,50,252,21,8,0.1,90,0.8250705408496672,0.024407611627690562,0.058622541481211474,0.11682683498424334,0.2202733967350836,0.17287768218267105,-0.14118428312742115,0.07626357535087332,95.73723556545252,1.7463165952384672,469827.551627944,105.89117503166199,"{""entry_zscore"": 1.0, ""lookback"": 504, ""max_holding_days"": 120, ""max_positions_per_side"": 50, ""min_history"": 252, ""min_holding_days"": 21, ""n_components"": 8, ""vol_target"": 0.1, ""zscore_window"": 90}"
1.0,504,120,50,252,21,8,0.15,60,1.81377182036681,0.04233834792610591,0.07213266766945828,0.3435256601342871,0.574087422400023,0.14713388971023297,-0.2877538819199812,0.08584240771309834,95.73723556545252,2.1295270473122088,766513.5105635894,105.67628836631775,"{""entry_zscore"": 1.0, ""lookback"": 504, ""max_holding_days"": 120, ""max_positions_per_side"": 50, ""min_history"": 252, ""min_holding_days"": 21, ""n_components"": 8, ""vol_target"": 0.15, ""zscore_window"": 60}"
1.0,504,180,30,126,63,3,0.08,40,0.45360531018565853,0.015105769227219623,0.057589140027028085,-0.04259755258260768,-0.024300616012332337,0.0858700147790336,-0.17591436622074408,0.05746728279280984,57.442341339271515,1.4014511442489312,210648.40939208752,101.26698207855225,"{""entry_zscore"": 1.0, ""lookback"": 504, ""max_holding_days"": 180, ""max_positions_per_side"": 30, ""min_history"": 126, ""min_holding_days"": 63, ""n_components"": 3, ""vol_target"": 0.08, ""zscore_window"": 40}"
1.0,504,180,30,252,42,10,0.2,60,0.5907605852203828,0.018781072227790574,0.08905044673713573,0.01372420492948304,0.08551882091493557,0.05512328010920374,-0.340710353059247,0.10635053293200639,57.442341339271515,2.2740175111786574,526516.1164772903,102.05387282371521,"{""entry_zscore"": 1.0, ""lookback"": 504, ""max_holding_days"": 180, ""max_positions_per_side"": 30, ""min_history"": 252, ""min_holding_days"": 42, ""n_components"": 10, ""vol_target"": 0.2, ""zscore_window"": 60}"
1.0,504,180,50,126,63,5,0.2,60,0.5366686907101592,0.01736933173142563,0.08267434256259279,-0.0022932618561670097,0.05823369417458372,0.05498693515100128,-0.315881066724799,0.09069717705095519,95.73723556545252,2.467143410447806,430816.1300259774,105.33591961860657,"{""entry_zscore"": 1.0, ""lookback"": 504, ""max_holding_days"": 180, ""max_positions_per_side"": 50, ""min_history"": 126, ""min_holding_days"": 63, ""n_components"": 5, ""vol_target"": 0.2, ""zscore_window"": 60}"
1.25,126,90,30,252,63,10,0.15,90,0.11716459339205065,0.004450793783154383,0.07922461817000594,-0.16545528608828816,-0.19351677355028904,0.016743781188277816,-0.2658177225984264,0.08112398201943762,59.809129950691904,2.0302197036923157,297337.597343278,107.25273251533508,"{""entry_zscore"": 1.25, ""lookback"": 126, ""max_holding_days"": 90, ""max_positions_per_side"": 30, ""min_history"": 252, ""min_holding_days"": 63, ""n_components"": 10, ""vol_target"": 0.15, ""zscore_window"": 90}"
1.25,126,90,50,126,42,5,0.08,60,0.3078214969570652,0.010814768692921195,0.053088454775447255,-0.12703622630029915,-0.15428944433353436,0.0522008288175028,-0.20717618738833188,0.05616917423101392,99.68188325115317,1.6372542649815107,312155.68586650107,108.10801720619202,"{""entry_zscore"": 1.25, ""lookback"": 126, ""max_holding_days"": 90, ""max_positions_per_side"": 50, ""min_history"": 126, ""min_holding_days"": 42, ""n_components"": 5, ""vol_target"": 0.08, ""zscore_window"": 60}"
1.25,126,90,50,126,63,8,0.1,90,0.11494465611534954,0.004370713826454153,0.05952237317887069,-0.2215673051479661,-0.2935655387533477,0.01921437211896772,-0.22747107214289586,0.0649102333354855,99.68188325115317,1.8262078192697007,270987.8483769127,112.0919942855835,"{""entry_zscore"": 1.25, ""lookback"": 126, ""max_holding_days"": 90, ""max_positions_per_side"": 50, ""min_history"": 126, ""min_holding_days"": 63, ""n_components"": 8, ""vol_target"": 0.1, ""zscore_window"": 90}"
1.25,126,90,50,252,21,8,0.2,90,1.0430542558990963,0.029050906010482658,0.08450355459253692,0.13599404685621927,0.27446895665399673,0.1057354175336533,-0.2747509461646225,0.09232945443422345,99.68188325115317,2.546920690635517,741944.506229996,110.56950736045837,"{""entry_zscore"": 1.25, ""lookback"": 126, ""max_holding_days"": 90, ""max_positions_per_side"": 50, ""min_history"": 252, ""min_holding_days"": 21, ""n_components"": 8, ""vol_target"": 0.2, ""zscore_window"": 90}"
1.25,126,120,30,126,21,5,0.1,60,0.8884468208376743,0.02581023307903596,0.06597780752352479,0.12506186157195048,0.23585856322326237,0.15965688349356244,-0.16166063444471945,0.06959514538747638,59.809129950691904,1.6268345904870778,397001.5736986906,104.95257353782654,"{""entry_zscore"": 1.25, ""lookback"": 126, ""max_holding_days"": 120, ""max_positions_per_side"": 30, ""min_history"": 126, ""min_holding_days"": 21, ""n_components"": 5, ""vol_target"": 0.1, ""zscore_window"": 60}"
1.25,126,120,30,126,42,10,0.15,60,0.21880239926564782,0.007962649868102467,0.07925104726544685,-0.12108705324061479,-0.12555721940726977,0.021804317420026715,-0.36518684417926217,0.07908460139585828,59.809129950691904,2.0154040772539887,346719.5181914622,106.59003710746765,"{""entry_zscore"": 1.25, ""lookback"": 126, ""max_holding_days"": 120, ""max_positions_per_side"": 30, ""min_history"": 126, ""min_holding_days"": 42, ""n_components"": 10, ""vol_target"": 0.15, ""zscore_window"": 60}"
1.25,126,120,30,126,63,5,0.15,40,0.19955003100164626,0.007319567381773862,0.07826060734385609,-0.1308366828913716,-0.1399419665606928,0.03263326970497222,-0.22429770133204285,0.07011599069666709,59.809129950691904,2.059428456542537,273679.5699884624,105.40812015533447,"{""entry_zscore"": 1.25, ""lookback"": 126, ""max_holding_days"": 120, ""max_positions_per_side"": 30, ""min_history"": 126, ""min_holding_days"": 63, ""n_components"": 5, ""vol_target"": 0.15, ""zscore_window"": 40}"
1.25,126,120,30,126,63,8,0.08,60,0.062450385077356785,0.0024310776834735037,0.059055210877175815,-0.2561644897974846,-0.33538778501014976,0.010494796412366315,-0.23164600702581484,0.0593197400012749,59.809129950691904,1.470085491328099,198013.56296442467,105.0536618232727,"{""entry_zscore"": 1.25, ""lookback"": 126, ""max_holding_days"": 120, ""max_positions_per_side"": 30, ""min_history"": 126, ""min_holding_days"": 63, ""n_components"": 8, ""vol_target"": 0.08, ""zscore_window"": 60}"
1.25,126,120,30,126,63,10,0.08,60,0.014240708940110203,0.0005669406978918712,0.0576241617703304,-0.29487604553000357,-0.3972217173847782,0.00218706635018597,-0.2592242790638991,0.059200862607370924,59.809129950691904,1.4934109246854432,176511.0906319778,105.18327188491821,"{""entry_zscore"": 1.25, ""lookback"": 126, ""max_holding_days"": 120, ""max_positions_per_side"": 30, ""min_history"": 126, ""min_holding_days"": 63, ""n_components"": 10, ""vol_target"": 0.08, ""zscore_window"": 60}"
1.25,126,120,30,252,63,3,0.2,60,-0.06584909004812556,-0.0027266012557234376,0.09199035828579243,-0.2205179682028108,-0.2523426882657406,-0.007185432289263037,-0.3794623824926596,0.09738453852942962,59.809129950691904,2.311629847742463,342757.51469564106,107.45401763916016,"{""entry_zscore"": 1.25, ""lookback"": 126, ""max_holding_days"": 120, ""max_positions_per_side"": 30, ""min_history"": 252, ""min_holding_days"": 63, ""n_components"": 3, ""vol_target"": 0.2, ""zscore_window"": 60}"
1.25,126,120,50,126,42,10,0.15,60,0.8162213896163575,0.02420805574149698,0.07125318596170274,0.09331695143235638,0.19520234907518091,0.09474360027776407,-0.2555112500530393,0.0768260691474964,99.68188325115317,2.2632986434984743,475370.0931803507,114.25551509857178,"{""entry_zscore"": 1.25, ""lookback"": 126, ""max_holding_days"": 120, ""max_positions_per_side"": 50, ""min_history"": 126, ""min_holding_days"": 42, ""n_components"": 10, ""vol_target"": 0.15, ""zscore_window"": 60}"
1.25,126,120,50,126,63,10,0.1,60,0.15608335535739237,0.005830442358286003,0.05744698447183024,-0.20416186153641008,-0.2757588657852644,0.024511176175029313,-0.23786873043757684,0.06388828766177956,99.68188325115317,1.8439771194533954,248569.7397262378,111.2353265285492,"{""entry_zscore"": 1.25, ""lookback"": 126, ""max_holding_days"": 120, ""max_positions_per_side"": 50, ""min_history"": 126, ""min_holding_days"": 63, ""n_components"": 10, ""vol_target"": 0.1, ""zscore_window"": 60}"
1.25,126,180,30,126,21,3,0.2,60,0.7872265451707003,0.02354759485502056,0.09439393927052156,0.0634433656820874,0.16324892083774464,0.10521308655089007,-0.2238086119033389,0.10291220751958209,59.809129950691904,2.2762999623893996,484202.64930312464,106.61054039001465,"{""entry_zscore"": 1.25, ""lookback"": 126, ""max_holding_days"": 180, ""max_positions_per_side"": 30, ""min_history"": 126, ""min_holding_days"": 21, ""n_components"": 3, ""vol_target"": 0.2, ""zscore_window"": 60}"
1.25,126,180,30,126,42,8,0.1,60,0.07283572623481716,0.0028220035289800993,0.06652034105705878,-0.2215400866042945,-0.28255092988240865,0.011398851079036541,-0.24756911985366703,0.06629003437463399,59.809129950691904,1.6437074856699792,257473.93088444666,105.45928049087524,"{""entry_zscore"": 1.25, ""lookback"": 126, ""max_holding_days"": 180, ""max_positions_per_side"": 30, ""min_history"": 126, ""min_holding_days"": 42, ""n_components"": 8, ""vol_target"": 0.1, ""zscore_window"": 60}"
1.25,126,180,30,252,42,8,0.1,40,0.2469096403137936,0.008884212059013574,0.0637284081502652,-0.13612004191663518,-0.1582663969774365,0.03174778961181415,-0.27983718449827244,0.06372176173371083,59.809129950691904,1.6792738003078678,328043.7312663839,107.17884945869446,"{""entry_zscore"": 1.25, ""lookback"": 126, ""max_holding_days"": 180, ""max_positions_per_side"": 30, ""min_history"": 252, ""min_holding_days"": 42, ""n_components"": 8, ""vol_target"": 0.1, ""zscore_window"": 40}"
1.25,126,180,30,252,42,10,0.2,90,0.11874495005245223,0.004507709079326405,0.09323360066823817,-0.13998404518155494,-0.14216301329101558,0.011320224978961863,-0.3981996018368701,0.09495439065057668,59.809129950691904,2.298170206669739,400387.75031663204,107.31909966468811,"{""entry_zscore"": 1.25, ""lookback"": 126, ""max_holding_days"": 180, ""max_positions_per_side"": 30, ""min_history"": 252, ""min_holding_days"": 42, ""n_components"": 10, ""vol_target"": 0.2, ""zscore_window"": 90}"
1.25,126,180,50,126,21,3,0.08,60,0.5311930538534573,0.01722377444061718,0.055051234006190906,-0.006087987183961033,0.02847881770335985,0.10657078506533783,-0.16161816233273874,0.06473087064838004,99.68188325115317,1.5850216898664544,301686.3433282596,108.49601578712463,"{""entry_zscore"": 1.25, ""lookback"": 126, ""max_holding_days"": 180, ""max_positions_per_side"": 50, ""min_history"": 126, ""min_holding_days"": 21, ""n_components"": 3, ""vol_target"": 0.08, ""zscore_window"": 60}"
1.25,126,180,50,126,42,10,0.08,40,0.2050101386267542,0.007502950847440237,0.05248462286459482,-0.1915984959292039,-0.2489743301064385,0.04282964977886847,-0.17518123277165076,0.05350182391320256,99.68188325115317,1.6799987242764778,271846.14378278394,108.95859265327454,"{""entry_zscore"": 1.25, ""lookback"": 126, ""max_holding_days"": 180, ""max_positions_per_side"": 50, ""min_history"": 126, ""min_holding_days"": 42, ""n_components"": 10, ""vol_target"": 0.08, ""zscore_window"": 40}"
1.25,126,180,50,252,21,5,0.15,60,0.8387903818597933,0.024715176823593588,0.07470754247676614,0.09579020991235329,0.1995381526237516,0.10209058798276653,-0.24209065019554643,0.08294103278009497,99.68188325115317,2.202088531044009,557064.3806556767,109.88223648071289,"{""entry_zscore"": 1.25, ""lookback"": 126, ""max_holding_days"": 180, ""max_positions_per_side"": 50, ""min_history"": 252, ""min_holding_days"": 21, ""n_components"": 5, ""vol_target"": 0.15, ""zscore_window"": 60}"
1.25,126,180,50,252,42,8,0.08,90,0.4227004202209641,0.01423175156803902,0.05391794498936029,-0.061708102568182925,-0.05801971963389417,0.06614643945557183,-0.21515521750188793,0.05809714939034411,99.68188325115317,1.6122334429488296,275074.24244885205,111.04258751869202,"{""entry_zscore"": 1.25, ""lookback"": 126, ""max_holding_days"": 180, ""max_positions_per_side"": 50, ""min_history"": 252, ""min_holding_days"": 42, ""n_components"": 8, ""vol_target"": 0.08, ""zscore_window"": 90}"
1.25,189,90,30,252,42,3,0.15,40,1.3817294585556978,0.03539692307117703,0.08429399912515474,0.21161645678933944,0.37452087157331615,0.17893719605362307,-0.1978175798651134,0.08696655611934509,59.809129950691904,1.9797857241423151,553670.9731197733,114.78304123878479,"{""entry_zscore"": 1.25, ""lookback"": 189, ""max_holding_days"": 90, ""max_positions_per_side"": 30, ""min_history"": 252, ""min_holding_days"": 42, ""n_components"": 3, ""vol_target"": 0.15, ""zscore_window"": 40}"
1.25,189,90,50,126,21,3,0.1,60,1.3750428318431722,0.03528025165235804,0.06390096284937714,0.2773248667069602,0.44512205701813884,0.23322919290764824,-0.15126859211971788,0.07540696137568596,99.68188325115317,1.7630376361549354,539135.1467262803,113.34013748168945,"{""entry_zscore"": 1.25, ""lookback"": 189, ""max_holding_days"": 90, ""max_positions_per_side"": 50, ""min_history"": 126, ""min_holding_days"": 21, ""n_components"": 3, ""vol_target"": 0.1, ""zscore_window"": 60}"
1.25,189,90,50,126,63,8,0.15,60,-0.14853714374271976,-0.006424549592837003,0.07122729606873357,-0.33671747439915894,-0.43978200542954277,-0.023630113052316007,-0.2718797653914452,0.07581208685683094,99.68188325115317,2.286981820596722,294584.57055632706,117.5183973312378,"{""entry_zscore"": 1.25, ""lookback"": 189, ""max_holding_days"": 90, ""max_positions_per_side"": 50, ""min_history"": 126, ""min_holding_days"": 63, ""n_components"": 8, ""vol_target"": 0.15, ""zscore_window"": 60}"
1.25,189,90,50,252,21,8,0.15,90,0.7763726956456174,0.023297710894258028,0.07455246349040819,0.07697646701223043,0.1710805688857247,0.10049195855375168,-0.23183656911011863,0.08991776459523168,99.68188325115317,2.2296891054013335,603764.7483973067,115.00966215133667,"{""entry_zscore"": 1.25, ""lookback"": 189, ""max_holding_days"": 90, ""max_positions_per_side"": 50, ""min_history"": 252, ""min_holding_days"": 21, ""n_components"": 8, ""vol_target"": 0.15, ""zscore_window"": 90}"
1.25,189,90,50,252,42,10,0.2,40,0.43362894858424417,0.014542884800744504,0.08354052689201294,-0.036102727133409535,0.0064105459169241565,0.055042857390922705,-0.26421020801043693,0.08794165835185822,99.68188325115317,2.6259953263162634,594082.5131950909,114.3552794456482,"{""entry_zscore"": 1.25, ""lookback"": 189, ""max_holding_days"": 90, ""max_positions_per_side"": 50, ""min_history"": 252, ""min_holding_days"": 42, ""n_components"": 10, ""vol_target"": 0.2, ""zscore_window"": 40}"
1.25,189,90,50,252,63,8,0.15,40,-0.056578758955940556,-0.002331790111594678,0.07059826432385821,-0.28174511016386067,-0.36371590668555653,-0.010165972930131793,-0.229372055938029,0.07581382212129238,99.68188325115317,2.295192981300443,308171.48139936884,115.37029027938843,"{""entry_zscore"": 1.25, ""lookback"": 189, ""max_holding_days"": 90, ""max_positions_per_side"": 50, ""min_history"": 252, ""min_holding_days"": 63, ""n_components"": 8, ""vol_target"": 0.15, ""zscore_window"": 40}"
1.25,189,120,30,126,63,8,0.08,40,-0.07226070208013302,-0.0030018695874940438,0.0573236260774952,-0.35867925046134086,-0.4904971326908474,-0.016171152810778272,-0.18563114347007226,0.0580770482433232,59.809129950691904,1.4881604481425417,171721.53948021354,110.69664788246155,"{""entry_zscore"": 1.25, ""lookback"": 189, ""max_holding_days"": 120, ""max_positions_per_side"": 30, ""min_history"": 126, ""min_holding_days"": 63, ""n_components"": 8, ""vol_target"": 0.08, ""zscore_window"": 40}"
1.25,189,120,30,252,42,8,0.1,60,0.3993013908205054,0.013557797261364746,0.06486605600844014,-0.061682929910564475,-0.04551645436838427,0.058672475577680294,-0.2310759368490375,0.06836217809013748,59.809129950691904,1.6651178274136482,310161.52257404994,117.80628299713135,"{""entry_zscore"": 1.25, ""lookback"": 189, ""max_holding_days"": 120, ""max_positions_per_side"": 30, ""min_history"": 252, ""min_holding_days"": 42, ""n_components"": 8, ""vol_target"": 0.1, ""zscore_window"": 60}"
1.25,189,120,50,126,21,10,0.2,90,1.130328196025808,0.030777728862419806,0.08383474756280217,0.157676901273058,0.30002931364956065,0.15243134771451267,-0.20191206942592377,0.1030333865783967,99.67886114203912,2.6060801277686023,722534.432213825,113.45962309837341,"{""entry_zscore"": 1.25, ""lookback"": 189, ""max_holding_days"": 120, ""max_positions_per_side"": 50, ""min_history"": 126, ""min_holding_days"": 21, ""n_components"": 10, ""vol_target"": 0.2, ""zscore_window"": 90}"
1.25,189,120,50,126,42,8,0.1,40,0.3158108908000783,0.011061556588572108,0.05843314382292459,-0.11119321388603676,-0.12551732307800245,0.048536268792898955,-0.227902903615666,0.06228838650451491,99.68188325115317,1.8496288730011285,335149.84013154934,113.34117245674133,"{""entry_zscore"": 1.25, ""lookback"": 189, ""max_holding_days"": 120, ""max_positions_per_side"": 50, ""min_history"": 126, ""min_holding_days"": 42, ""n_components"": 8, ""vol_target"": 0.1, ""zscore_window"": 40}"
1.25,189,120,50,252,42,5,0.1,40,0.1642509440169866,0.006114311523157889,0.06131515596491516,-0.18665228758610491,-0.22867395973198987,0.022776876011327222,-0.26844381644423787,0.05941464035363157,99.68188325115317,1.8314799950080234,303554.3139429471,114.6366217136383,"{""entry_zscore"": 1.25, ""lookback"": 189, ""max_holding_days"": 120, ""max_positions_per_side"": 50, ""min_history"": 252, ""min_holding_days"": 42, ""n_components"": 5, ""vol_target"": 0.1, ""zscore_window"": 40}"
1.25,189,180,30,252,21,8,0.1,90,0.03188274892212628,0.0012587892879780682,0.06591187155400932,-0.24730198028701747,-0.32772347583798667,0.0038395322627232794,-0.32784964465573785,0.08255905757459833,59.809129950691904,1.6348963517628556,298343.2973682464,112.49248170852661,"{""entry_zscore"": 1.25, ""lookback"": 189, ""max_holding_days"": 180, ""max_positions_per_side"": 30, ""min_history"": 252, ""min_holding_days"": 21, ""n_components"": 8, ""vol_target"": 0.1, ""zscore_window"": 90}"
1.25,189,180,30,252,21,8,0.2,90,0.06274902861262577,0.0024423703753400083,0.09365767984729097,-0.16140219677676912,-0.17565949114275134,0.005556978631538794,-0.4395140844123935,0.11762073852380318,59.809129950691904,2.310103204897277,486914.5685624904,112.44911170005798,"{""entry_zscore"": 1.25, ""lookback"": 189, ""max_holding_days"": 180, ""max_positions_per_side"": 30, ""min_history"": 252, ""min_holding_days"": 21, ""n_components"": 8, ""vol_target"": 0.2, ""zscore_window"": 90}"
1.25,189,180,30,252,63,5,0.15,40,-0.18804066251698592,-0.008314669985054701,0.0803533381927243,-0.3219977690373736,-0.42171054503404987,-0.022117542969666105,-0.3759309972386242,0.07788242844886313,59.809129950691904,2.0309885024379435,215049.6080995542,111.44103169441223,"{""entry_zscore"": 1.25, ""lookback"": 189, ""max_holding_days"": 180, ""max_positions_per_side"": 30, ""min_history"": 252, ""min_holding_days"": 63, ""n_components"": 5, ""vol_target"": 0.15, ""zscore_window"": 40}"
1.25,189,180,50,126,21,3,0.2,60,1.9889819726467355,0.04486519423835689,0.09161128098909976,0.2980666605229303,0.5068468792447071,0.21939129931473908,-0.2044985119213557,0.11018881436043186,99.68188325115317,2.4831345610653712,871564.1957711339,113.08603072166443,"{""entry_zscore"": 1.25, ""lookback"": 189, ""max_holding_days"": 180, ""max_positions_per_side"": 50, ""min_history"": 126, ""min_holding_days"": 21, ""n_components"": 3, ""vol_target"": 0.2, ""zscore_window"": 60}"
1.25,189,180,50,126,42,5,0.15,90,-0.02820872048116496,-0.0011462784369669077,0.07480428908587138,-0.25005523497726756,-0.31526614237654116,-0.0032726440710270015,-0.3502606492148074,0.09424393642326512,99.68188325115317,2.208321751315811,349824.3732939851,113.60871195793152,"{""entry_zscore"": 1.25, ""lookback"": 189, ""max_holding_days"": 180, ""max_positions_per_side"": 50, ""min_history"": 126, ""min_holding_days"": 42, ""n_components"": 5, ""vol_target"": 0.15, ""zscore_window"": 90}"
1.25,189,180,50,126,42,8,0.1,60,0.6611749235715076,0.020551311834014374,0.05799281747060042,0.05159925516333573,0.11702674687894199,0.07731212130325711,-0.2658226354105816,0.064053581953424,99.68188325115317,1.8528763059782345,396551.64316321514,112.17184162139893,"{""entry_zscore"": 1.25, ""lookback"": 189, ""max_holding_days"": 180, ""max_positions_per_side"": 50, ""min_history"": 126, ""min_holding_days"": 42, ""n_components"": 8, ""vol_target"": 0.1, ""zscore_window"": 60}"
1.25,252,90,30,126,63,8,0.1,40,-0.19927304299941007,-0.008868235028805183,0.06418872611543446,-0.41171031543744513,-0.569548686189712,-0.030537356245478858,-0.29040611628317203,0.06448378341181253,59.809129950691904,1.6707284601122752,206809.57307458908,115.5529236793518,"{""entry_zscore"": 1.25, ""lookback"": 252, ""max_holding_days"": 90, ""max_positions_per_side"": 30, ""min_history"": 126, ""min_holding_days"": 63, ""n_components"": 8, ""vol_target"": 0.1, ""zscore_window"": 40}"
1.25,252,90,30,252,63,8,0.08,60,-0.034885532961554166,-0.0014222671834887013,0.05899343623953329,-0.3217509275799218,-0.4322366271788546,-0.005841957534285442,-0.24345729580224784,0.06163030672428969,59.809129950691904,1.4995652433406859,223396.3549434085,116.39164638519287,"{""entry_zscore"": 1.25, ""lookback"": 252, ""max_holding_days"": 90, ""max_positions_per_side"": 30, ""min_history"": 252, ""min_holding_days"": 63, ""n_components"": 8, ""vol_target"": 0.08, ""zscore_window"": 60}"
1.25,252,120,30,126,42,8,0.08,40,0.20883707680941876,0.00763100776227299,0.058284335471257866,-0.17033595399455034,-0.20830521073897174,0.04186249900327525,-0.18228743968858507,0.06130023289583284,59.809129950691904,1.4921774601109417,249301.3641926507,115.04320454597473,"{""entry_zscore"": 1.25, ""lookback"": 252, ""max_holding_days"": 120, ""max_positions_per_side"": 30, ""min_history"": 126, ""min_holding_days"": 42, ""n_components"": 8, ""vol_target"": 0.08, ""zscore_window"": 40}"
1.25,252,120,30,252,42,10,0.15,90,-0.19210393293920114,-0.00851406655730036,0.08180343055991149,-0.31872736909136146,-0.4206740837238043,-0.01922584848822536,-0.44284477548622614,0.09598963756886447,59.809129950691904,2.024536693584101,324728.61014252354,116.78664636611938,"{""entry_zscore"": 1.25, ""lookback"": 252, ""max_holding_days"": 120, ""max_positions_per_side"": 30, ""min_history"": 252, ""min_holding_days"": 42, ""n_components"": 10, ""vol_target"": 0.15, ""zscore_window"": 90}"
1.25,252,120,30,252,63,10,0.2,90,-0.1646795874503636,-0.007186531391720985,0.09196953094396369,-0.26906146835201655,-0.3396270568181863,-0.018518557340926087,-0.3880718815951565,0.09977636404837734,59.809129950691904,2.3624234449486408,313748.75769643235,117.34564661979675,"{""entry_zscore"": 1.25, ""lookback"": 252, ""max_holding_days"": 120, ""max_positions_per_side"": 30, ""min_history"": 252, ""min_holding_days"": 63, ""n_components"": 10, ""vol_target"": 0.2, ""zscore_window"": 90}"
1.25,252,120,50,126,21,8,0.08,60,0.45809175735072283,0.015231164714401668,0.05368124125800234,-0.04336265106312977,-0.027917646674798128,0.07640329938447377,-0.19935218553528666,0.058943205436338277,99.68188325115317,1.631524070892215,366496.97646261845,120.59128594398499,"{""entry_zscore"": 1.25, ""lookback"": 252, ""max_holding_days"": 120, ""max_positions_per_side"": 50, ""min_history"": 126, ""min_holding_days"": 21, ""n_components"": 8, ""vol_target"": 0.08, ""zscore_window"": 60}"
1.25,252,120,50,126,21,8,0.15,40,0.1973523720569048,0.007245530443311887,0.07486370887971197,-0.1377622797311228,-0.14847351793087638,0.02556733855473043,-0.2833900927076092,0.07700172626687252,99.68188325115317,2.227188184362324,499785.66206029645,119.08159756660461,"{""entry_zscore"": 1.25, ""lookback"": 252, ""max_holding_days"": 120, ""max_positions_per_side"": 50, ""min_history"": 126, ""min_holding_days"": 21, ""n_components"": 8, ""vol_target"": 0.15, ""zscore_window"": 40}"
1.25,252,120,50,252,63,3,0.08,90,0.03829759306862579,0.0015075413439398222,0.055124876801706385,-0.2911822254316842,-0.39163770621036853,0.006559165599755022,-0.22983736589851111,0.06642018008466338,99.68188325115317,1.5994122591158222,227877.5454542262,120.09223675727844,"{""entry_zscore"": 1.25, ""lookback"": 252, ""max_holding_days"": 120, ""max_positions_per_side"": 50, ""min_history"": 252, ""min_holding_days"": 63, ""n_components"": 3, ""vol_target"": 0.08, ""zscore_window"": 90}"
1.25,252,120,50,252,63,8,0.1,40,0.07280036927002032,0.00282067879232506,0.057608280038762144,-0.2558355647046972,-0.3510511167919562,0.012805500713522867,-0.22027087073185403,0.06314384170043098,99.68188325115317,1.8555270421971053,257734.31855975825,120.3506510257721,"{""entry_zscore"": 1.25, ""lookback"": 252, ""max_holding_days"": 120, ""max_positions_per_side"": 50, ""min_history"": 252, ""min_holding_days"": 63, ""n_components"": 8, ""vol_target"": 0.1, ""zscore_window"": 40}"
1.25,252,180,30,126,21,8,0.15,40,0.17436207931304004,0.006463093417892862,0.08295182123713397,-0.1337623703052359,-0.1301104827511909,0.023702103429764358,-0.2726801626296471,0.08626355688590631,59.809129950691904,2.00041192791081,422796.3463451042,114.82066702842712,"{""entry_zscore"": 1.25, ""lookback"": 252, ""max_holding_days"": 180, ""max_positions_per_side"": 30, ""min_history"": 126, ""min_holding_days"": 21, ""n_components"": 8, ""vol_target"": 0.15, ""zscore_window"": 40}"
1.25,252,180,50,126,21,10,0.08,40,0.3339109090806929,0.011615377157221385,0.054197997004767816,-0.10966361893344265,-0.12819481345793793,0.06619372442095356,-0.17547550404256373,0.05908923686300643,99.68188325115317,1.634540224367147,344381.24119976466,118.48403453826904,"{""entry_zscore"": 1.25, ""lookback"": 252, ""max_holding_days"": 180, ""max_positions_per_side"": 50, ""min_history"": 126, ""min_holding_days"": 21, ""n_components"": 10, ""vol_target"": 0.08, ""zscore_window"": 40}"
1.25,252,180,50,126,63,5,0.1,40,0.0029471141047081595,0.00011796155038368283,0.057485232945922705,-0.30339903316963895,-0.4356411800808912,0.0003998204984939908,-0.29503627459825144,0.05736967569892846,99.68188325115317,1.848580001644724,217142.66971104362,117.98146033287048,"{""entry_zscore"": 1.25, ""lookback"": 252, ""max_holding_days"": 180, ""max_positions_per_side"": 50, ""min_history"": 126, ""min_holding_days"": 63, ""n_components"": 5, ""vol_target"": 0.1, ""zscore_window"": 40}"
1.25,252,180,50,126,63,10,0.08,60,0.17344163777317445,0.006431462444827618,0.05100323666280517,-0.21817170695355792,-0.2941048243220212,0.0374600446697267,-0.17168859518272805,0.05889596182223227,99.68188325115317,1.6726140164255041,250249.02926555683,118.42209601402283,"{""entry_zscore"": 1.25, ""lookback"": 252, ""max_holding_days"": 180, ""max_positions_per_side"": 50, ""min_history"": 126, ""min_holding_days"": 63, ""n_components"": 10, ""vol_target"": 0.08, ""zscore_window"": 60}"
1.25,252,180,50,126,63,10,0.1,90,-0.08145400110445178,-0.003399766810107674,0.059418113827938615,-0.3527323758291521,-0.4781661321915979,-0.008668509894971027,-0.3921973731702174,0.06643542348545975,99.68188325115317,1.8461269905186168,243504.53126145594,119.14823865890503,"{""entry_zscore"": 1.25, ""lookback"": 252, ""max_holding_days"": 180, ""max_positions_per_side"": 50, ""min_history"": 126, ""min_holding_days"": 63, ""n_components"": 10, ""vol_target"": 0.1, ""zscore_window"": 90}"
1.25,252,180,50,252,21,10,0.1,40,0.2256660845117886,0.008189560295231546,0.060525945862456486,-0.1547991562786674,-0.18792103222852696,0.039458680202099965,-0.20754775003335524,0.06650875783355938,99.68188325115317,1.8257078139391623,376578.46805968473,120.50789666175842,"{""entry_zscore"": 1.25, ""lookback"": 252, ""max_holding_days"": 180, ""max_positions_per_side"": 50, ""min_history"": 252, ""min_holding_days"": 21, ""n_components"": 10, ""vol_target"": 0.1, ""zscore_window"": 40}"
1.25,252,180,50,252,42,3,0.1,60,0.3953591072235172,0.01344318525006094,0.06141808241998874,-0.06701186744162638,-0.056786037123673576,0.05768426564871487,-0.23304769678315973,0.07411866856193841,99.68188325115317,1.7896622864944123,350473.01794539957,121.2868390083313,"{""entry_zscore"": 1.25, ""lookback"": 252, ""max_holding_days"": 180, ""max_positions_per_side"": 50, ""min_history"": 252, ""min_holding_days"": 42, ""n_components"": 3, ""vol_target"": 0.1, ""zscore_window"": 60}"
1.25,252,180,50,252,63,8,0.1,40,-0.032815163256661894,-0.0013364920745605469,0.05723571431456477,-0.3301333432901761,-0.4699030690427855,-0.006766967480266783,-0.197502364014295,0.061336433493465,99.68188325115317,1.8621295188370626,220409.66357347037,119.69465637207031,"{""entry_zscore"": 1.25, ""lookback"": 252, ""max_holding_days"": 180, ""max_positions_per_side"": 50, ""min_history"": 252, ""min_holding_days"": 63, ""n_components"": 8, ""vol_target"": 0.1, ""zscore_window"": 40}"
1.25,504,90,30,126,21,10,0.08,90,0.24568343739660325,0.008844426008114636,0.0567847098573908,-0.15346560124158562,-0.19271587550156577,0.02612192363152123,-0.3385824923491507,0.06834307551901875,57.442341339271515,1.4207201616189207,299753.0359561549,101.23127436637878,"{""entry_zscore"": 1.25, ""lookback"": 504, ""max_holding_days"": 90, ""max_positions_per_side"": 30, ""min_history"": 126, ""min_holding_days"": 21, ""n_components"": 10, ""vol_target"": 0.08, ""zscore_window"": 90}"
1.25,504,90,30,126,21,10,0.15,60,0.41271839626125506,0.013945553840280844,0.07842245808340885,-0.046075727485921716,-0.012255212615881028,0.04073531090212251,-0.34234558498372014,0.09180944932841796,57.442341339271515,1.949199908118639,512068.3030936539,101.6665997505188,"{""entry_zscore"": 1.25, ""lookback"": 504, ""max_holding_days"": 90, ""max_positions_per_side"": 30, ""min_history"": 126, ""min_holding_days"": 21, ""n_components"": 10, ""vol_target"": 0.15, ""zscore_window"": 60}"
1.25,504,90,30,126,42,10,0.2,60,0.5234121453898353,0.017016074967223016,0.08917999863297696,-0.006087134882331762,0.05545021088974963,0.04787577643534845,-0.3554213891486765,0.09786164517542117,57.442341339271515,2.2711972929422375,582805.5331964233,102.48329019546509,"{""entry_zscore"": 1.25, ""lookback"": 504, ""max_holding_days"": 90, ""max_positions_per_side"": 30, ""min_history"": 126, ""min_holding_days"": 42, ""n_components"": 10, ""vol_target"": 0.2, ""zscore_window"": 60}"
1.25,504,90,30,126,63,5,0.1,90,-0.09850227560122427,-0.004147861064196179,0.06418270926270964,-0.3382030294647596,-0.4662950332118434,-0.010980822505581979,-0.3777368281918463,0.07598881550129905,57.442341339271515,1.5963662934150566,248748.47091387067,100.41475081443787,"{""entry_zscore"": 1.25, ""lookback"": 504, ""max_holding_days"": 90, ""max_positions_per_side"": 30, ""min_history"": 126, ""min_holding_days"": 63, ""n_components"": 5, ""vol_target"": 0.1, ""zscore_window"": 90}"
1.25,504,90,30,252,21,10,0.15,90,0.35777355677013034,0.012334598713742873,0.07780285347819015,-0.06714826899542611,-0.04493543096098546,0.02834537664738245,-0.4351538124606966,0.09361182808520696,57.442341339271515,1.9458273174478387,457003.28902505396,108.78480958938599,"{""entry_zscore"": 1.25, ""lookback"": 504, ""max_holding_days"": 90, ""max_positions_per_side"": 30, ""min_history"": 252, ""min_holding_days"": 21, ""n_components"": 10, ""vol_target"": 0.15, ""zscore_window"": 90}"
1.25,504,90,30,252,42,8,0.2,90,0.6726914266726716,0.020833966544132165,0.08962892044235327,0.036540001600604666,0.11802032461965127,0.06694716322915062,-0.3112001396208598,0.10805744391992174,57.442341339271515,2.2673710170949417,587792.928718751,101.89791369438171,"{""entry_zscore"": 1.25, ""lookback"": 504, ""max_holding_days"": 90, ""max_positions_per_side"": 30, ""min_history"": 252, ""min_holding_days"": 42, ""n_components"": 8, ""vol_target"": 0.2, ""zscore_window"": 90}"
1.25,504,90,30,252,42,10,0.08,90,0.18865367128723953,0.006951194202310607,0.057049401740348976,-0.18593939851774183,-0.240984134860214,0.01980433061863736,-0.3509936455902737,0.06559277417572114,57.442341339271515,1.4220713972694974,285410.45119993703,102.89941692352295,"{""entry_zscore"": 1.25, ""lookback"": 504, ""max_holding_days"": 90, ""max_positions_per_side"": 30, ""min_history"": 252, ""min_holding_days"": 42, ""n_components"": 10, ""vol_target"": 0.08, ""zscore_window"": 90}"
1.25,504,90,30,252,42,10,0.2,40,-0.28098067299016993,-0.0131349388633335,0.09529490205753054,-0.3220934577645234,-0.37692788869177307,-0.032819388791329354,-0.4002188750938487,0.0995767972123628,57.442341339271515,2.2587773939598557,324238.053329029,102.60726761817932,"{""entry_zscore"": 1.25, ""lookback"": 504, ""max_holding_days"": 90, ""max_positions_per_side"": 30, ""min_history"": 252, ""min_holding_days"": 42, ""n_components"": 10, ""vol_target"": 0.2, ""zscore_window"": 40}"
1.25,504,90,30,252,63,3,0.15,90,-0.031102458652439102,-0.00126566808250006,0.07993688317078695,-0.23549321644163934,-0.2991025038275392,-0.003305103407342401,-0.3829435653021732,0.09727790425819494,57.442341339271515,1.9158466045128857,331077.6249122815,103.2983169555664,"{""entry_zscore"": 1.25, ""lookback"": 504, ""max_holding_days"": 90, ""max_positions_per_side"": 30, ""min_history"": 252, ""min_holding_days"": 63, ""n_components"": 3, ""vol_target"": 0.15, ""zscore_window"": 90}"
1.25,504,90,50,126,21,3,0.08,60,1.1547378140573685,0.031248553774553045,0.05479333862784975,0.2498411023979277,0.4131605465775363,0.22555349811279438,-0.1385416499234533,0.06499602437007945,95.73723556545252,1.4953930300641274,432327.5507159171,105.04221272468567,"{""entry_zscore"": 1.25, ""lookback"": 504, ""max_holding_days"": 90, ""max_positions_per_side"": 50, ""min_history"": 126, ""min_holding_days"": 21, ""n_components"": 3, ""vol_target"": 0.08, ""zscore_window"": 60}"
1.25,504,90,50,252,21,10,0.08,60,0.5792554424512006,0.01848470018931425,0.052036569626525066,0.017790844943288486,0.06131593064415647,0.07458086291142701,-0.2478477650663129,0.0627954882764457,95.73723556545252,1.572499566184322,412206.4187181484,106.20978450775146,"{""entry_zscore"": 1.25, ""lookback"": 504, ""max_holding_days"": 90, ""max_positions_per_side"": 50, ""min_history"": 252, ""min_holding_days"": 21, ""n_components"": 10, ""vol_target"": 0.08, ""zscore_window"": 60}"
1.25,504,90,50,252,42,8,0.08,90,0.8193272500384612,0.024278201629232665,0.0523704760356999,0.12830274784869553,0.22879461609226126,0.14625577937672674,-0.16599823769491318,0.06612201678067034,95.73723556545252,1.5732202584264248,400346.88846162445,104.15378999710083,"{""entry_zscore"": 1.25, ""lookback"": 504, ""max_holding_days"": 90, ""max_positions_per_side"": 50, ""min_history"": 252, ""min_holding_days"": 42, ""n_components"": 8, ""vol_target"": 0.08, ""zscore_window"": 90}"
1.25,504,90,50,252,42,8,0.1,40,0.5626012296369467,0.018051995977648838,0.058438365068616036,0.008437442241270531,0.05218457751857384,0.08528595343474815,-0.21166435093512004,0.05985559498834725,95.73723556545252,1.7763536782409222,373838.4262800152,105.10984420776367,"{""entry_zscore"": 1.25, ""lookback"": 504, ""max_holding_days"": 90, ""max_positions_per_side"": 50, ""min_history"": 252, ""min_holding_days"": 42, ""n_components"": 8, ""vol_target"": 0.1, ""zscore_window"": 40}"
1.25,504,120,30,126,21,5,0.2,60,1.1539056498875233,0.031232587061279737,0.09197120277261299,0.14867329121896997,0.2921684343142686,0.13502719112127987,-0.23130590810577545,0.10673355564659541,57.442341339271515,2.212223135959528,669924.1871366635,104.78843688964844,"{""entry_zscore"": 1.25, ""lookback"": 504, ""max_holding_days"": 120, ""max_positions_per_side"": 30, ""min_history"": 126, ""min_holding_days"": 21, ""n_components"": 5, ""vol_target"": 0.2, ""zscore_window"": 60}"
1.25,504,120,30,126,21,10,0.1,60,0.4288768039695192,0.014407872833323232,0.06342298950199729,-0.0496831328691254,-0.029724710057724594,0.06117879647028462,-0.23550435223617605,0.0771139038502927,57.442341339271515,1.5938943542909372,349793.6938735594,104.74531984329224,"{""entry_zscore"": 1.25, ""lookback"": 504, ""max_holding_days"": 120, ""max_positions_per_side"": 30, ""min_history"": 126, ""min_holding_days"": 21, ""n_components"": 10, ""vol_target"": 0.1, ""zscore_window"": 60}"
1.25,504,120,30,126,63,3,0.15,40,1.1081058557671377,0.03034456803164831,0.07953395295152794,0.16075703406484054,0.30744021594937565,0.16563704056897166,-0.18319916805693448,0.07752662107161992,57.442341339271515,1.9183408814785081,398689.80141259223,101.02004647254944,"{""entry_zscore"": 1.25, ""lookback"": 504, ""max_holding_days"": 120, ""max_positions_per_side"": 30, ""min_history"": 126, ""min_holding_days"": 63, ""n_components"": 3, ""vol_target"": 0.15, ""zscore_window"": 40}"
1.25,504,120,30,126,63,5,0.2,40,0.30810214038610195,0.010823462106475557,0.08941459582304155,-0.07532845705149258,-0.048505790575719236,0.030340819254079446,-0.35672939533497594,0.09151074096473502,57.442341339271515,2.237381740896889,339162.1676128416,100.97201371192932,"{""entry_zscore"": 1.25, ""lookback"": 504, ""max_holding_days"": 120, ""max_positions_per_side"": 30, ""min_history"": 126, ""min_holding_days"": 63, ""n_components"": 5, ""vol_target"": 0.2, ""zscore_window"": 40}"
1.25,504,120,30,252,42,3,0.2,60,0.5669179309734604,0.018164574542939294,0.0946817436524579,0.0063966808369552266,0.07734981486920585,0.06403708557520545,-0.2836571086859775,0.10807877746859482,57.442341339271515,2.1809822183456222,474226.10018438735,100.79474234580994,"{""entry_zscore"": 1.25, ""lookback"": 504, ""max_holding_days"": 120, ""max_positions_per_side"": 30, ""min_history"": 252, ""min_holding_days"": 42, ""n_components"": 3, ""vol_target"": 0.2, ""zscore_window"": 60}"
1.25,504,120,30,252,42,10,0.1,40,-0.11960784000470748,-0.005093035957050018,0.0649255118502613,-0.3488915367660203,-0.45528399576443324,-0.019013496509299507,-0.2678642486698337,0.07117523714995615,57.442341339271515,1.5915005644680729,216368.56330321362,101.86355376243591,"{""entry_zscore"": 1.25, ""lookback"": 504, ""max_holding_days"": 120, ""max_positions_per_side"": 30, ""min_history"": 252, ""min_holding_days"": 42, ""n_components"": 10, ""vol_target"": 0.1, ""zscore_window"": 40}"
1.25,504,120,30,252,63,8,0.1,90,0.17889583309746993,0.006618549389315165,0.06277858535895377,-0.17426923840093472,-0.21166942946214942,0.035315215318914385,-0.1874135363340218,0.07379694518695898,57.442341339271515,1.6020056065409025,266431.69311772374,102.19725012779236,"{""entry_zscore"": 1.25, ""lookback"": 504, ""max_holding_days"": 120, ""max_positions_per_side"": 30, ""min_history"": 252, ""min_holding_days"": 63, ""n_components"": 8, ""vol_target"": 0.1, ""zscore_window"": 90}"
1.25,504,120,30,252,63,8,0.2,90,0.25898506338741667,0.009274024044901408,0.08890297886666929,-0.09319037121615284,-0.07288301923660735,0.03573873371945258,-0.25949503744878233,0.10416464219139199,57.442341339271515,2.265593442012908,414422.4468385504,101.64601397514343,"{""entry_zscore"": 1.25, ""lookback"": 504, ""max_holding_days"": 120, ""max_positions_per_side"": 30, ""min_history"": 252, ""min_holding_days"": 63, ""n_components"": 8, ""vol_target"": 0.2, ""zscore_window"": 90}"
1.25,504,120,50,126,42,10,0.08,60,0.5799375425926114,0.01850232876943747,0.05118575534974467,0.018430970008808664,0.06181868042133006,0.07883539294239686,-0.2346957131672659,0.06241410639778376,95.73723556545252,1.6022307367563051,366496.8705848124,106.15363764762878,"{""entry_zscore"": 1.25, ""lookback"": 504, ""max_holding_days"": 120, ""max_positions_per_side"": 50, ""min_history"": 126, ""min_holding_days"": 42, ""n_components"": 10, ""vol_target"": 0.08, ""zscore_window"": 60}"
1.25,504,120,50,126,63,8,0.15,40,0.29441131284726163,0.0103972639765475,0.07091374288181697,-0.10099116729878511,-0.10194082660609008,0.04180824071234293,-0.24868934447839475,0.07464467035369411,95.73723556545252,2.1816871148406833,340959.5748307742,105.3387382030487,"{""entry_zscore"": 1.25, ""lookback"": 504, ""max_holding_days"": 120, ""max_positions_per_side"": 50, ""min_history"": 126, ""min_holding_days"": 63, ""n_components"": 8, ""vol_target"": 0.15, ""zscore_window"": 40}"
1.25,504,180,30,126,42,8,0.1,40,0.6402562841799515,0.0200330507268216,0.06471226508638706,0.03823270713535803,0.10126460692528398,0.0855876753941779,-0.23406466684085625,0.06913238396068995,57.442341339271515,1.5938542484982723,290402.1104631156,101.85907125473022,"{""entry_zscore"": 1.25, ""lookback"": 504, ""max_holding_days"": 180, ""max_positions_per_side"": 30, ""min_history"": 126, ""min_holding_days"": 42, ""n_components"": 8, ""vol_target"": 0.1, ""zscore_window"": 40}"
1.25,504,180,30,252,42,3,0.15,40,1.6516264451462987,0.0398615560466451,0.08234668427780086,0.2708382322195013,0.4740342651097732,0.18013404696079183,-0.22128829457388144,0.08718012434457627,57.442341339271515,1.903580507880338,502109.4772184478,100.88763761520386,"{""entry_zscore"": 1.25, ""lookback"": 504, ""max_holding_days"": 180, ""max_positions_per_side"": 30, ""min_history"": 252, ""min_holding_days"": 42, ""n_components"": 3, ""vol_target"": 0.15, ""zscore_window"": 40}"
1.25,504,180,50,126,21,5,0.2,90,-0.03277282816926674,-0.0013347399776700852,0.08493679758036138,-0.22244381897613108,-0.2781266751763121,-0.003617643788743748,-0.368952847658222,0.11590444486468837,95.73723556545252,2.429602179115616,435025.8682461834,103.82750821113586,"{""entry_zscore"": 1.25, ""lookback"": 504, ""max_holding_days"": 180, ""max_positions_per_side"": 50, ""min_history"": 126, ""min_holding_days"": 21, ""n_components"": 5, ""vol_target"": 0.2, ""zscore_window"": 90}"
1.25,504,180,50,126,42,3,0.15,60,1.1701746909308386,0.031543672333839146,0.07417200415504023,0.18854481344334453,0.3403446407353176,0.1288857043666591,-0.24474143574606588,0.08930458152476832,95.73723556545252,2.067912687332205,501126.0720956711,104.05934023857117,"{""entry_zscore"": 1.25, ""lookback"": 504, ""max_holding_days"": 180, ""max_positions_per_side"": 50, ""min_history"": 126, ""min_holding_days"": 42, ""n_components"": 3, ""vol_target"": 0.15, ""zscore_window"": 60}"
1.25,504,180,50,126,63,3,0.08,90,0.05375889285743396,0.0021010819853732876,0.05397228481656285,-0.28640335896232366,-0.39743958800822765,0.009772651655820785,-0.21499609925437602,0.06690338000223678,95.73723556545252,1.5502845356354589,225648.38071921124,104.60122513771057,"{""entry_zscore"": 1.25, ""lookback"": 504, ""max_holding_days"": 180, ""max_positions_per_side"": 50, ""min_history"": 126, ""min_holding_days"": 63, ""n_components"": 3, ""vol_target"": 0.08, ""zscore_window"": 90}"
1.25,504,180,50,126,63,3,0.15,60,0.6778670660306299,0.020960386672333797,0.07233995366672193,0.04702050322421537,0.12314559817980984,0.09169046295218465,-0.22859942023920587,0.08606695851558602,95.73723556545252,2.1179185290262925,397731.6120722814,104.10740780830383,"{""entry_zscore"": 1.25, ""lookback"": 504, ""max_holding_days"": 180, ""max_positions_per_side"": 50, ""min_history"": 126, ""min_holding_days"": 63, ""n_components"": 3, ""vol_target"": 0.15, ""zscore_window"": 60}"
1.25,504,180,50,126,63,3,0.15,90,0.09242908700157759,0.0035497468639691387,0.07403353545538098,-0.18922747235517495,-0.23420590789080128,0.012504330144519765,-0.2838814093152263,0.09126131695721713,95.73723556545252,2.12313393997282,334079.4418743122,103.9165267944336,"{""entry_zscore"": 1.25, ""lookback"": 504, ""max_holding_days"": 180, ""max_positions_per_side"": 50, ""min_history"": 126, ""min_holding_days"": 63, ""n_components"": 3, ""vol_target"": 0.15, ""zscore_window"": 90}"
1.25,504,180,50,126,63,5,0.08,90,-0.009469726340662232,-0.00038130823181448115,0.052547876763097405,-0.3414073980648712,-0.47665655840605275,-0.0015697709250614995,-0.24290692719993046,0.06819032232831929,95.73723556545252,1.5679561103575212,225361.24685915958,104.49521946907043,"{""entry_zscore"": 1.25, ""lookback"": 504, ""max_holding_days"": 180, ""max_positions_per_side"": 50, ""min_history"": 126, ""min_holding_days"": 63, ""n_components"": 5, ""vol_target"": 0.08, ""zscore_window"": 90}"
1.25,504,180,50,252,21,3,0.2,90,0.28063911842703115,0.00996414452836114,0.0874483837837501,-0.08684873053946883,-0.06692890317159987,0.03278317074210259,-0.3039408422921229,0.11199124285884586,95.73723556545252,2.3861768473706264,490054.8089889653,104.73973107337952,"{""entry_zscore"": 1.25, ""lookback"": 504, ""max_holding_days"": 180, ""max_positions_per_side"": 50, ""min_history"": 252, ""min_holding_days"": 21, ""n_components"": 3, ""vol_target"": 0.2, ""zscore_window"": 90}"
1.25,504,180,50,252,21,5,0.08,90,-0.005356324585701677,-0.00021524988961074687,0.0537213817503904,-0.3308584954107158,-0.46973561425897187,-0.0008815642166124304,-0.24416813381773073,0.07345916054067164,95.73723556545252,1.5372036223869514,255490.10262490774,103.39370894432068,"{""entry_zscore"": 1.25, ""lookback"": 504, ""max_holding_days"": 180, ""max_positions_per_side"": 50, ""min_history"": 252, ""min_holding_days"": 21, ""n_components"": 5, ""vol_target"": 0.08, ""zscore_window"": 90}"
1.25,504,180,50,252,63,5,0.1,60,0.3752712195018557,0.012854309630204064,0.05848298127080336,-0.08044418932269352,-0.08252826029800055,0.0550992264289893,-0.23329383120778335,0.06417719007395838,95.73723556545252,1.7454992822993076,275538.9352380238,105.45993089675903,"{""entry_zscore"": 1.25, ""lookback"": 504, ""max_holding_days"": 180, ""max_positions_per_side"": 50, ""min_history"": 252, ""min_holding_days"": 63, ""n_components"": 5, ""vol_target"": 0.1, ""zscore_window"": 60}"
1.5,126,90,30,126,42,5,0.08,60,0.2152181137254292,0.007843666964817642,0.05836883297017152,-0.16644599846385996,-0.21264453562531657,0.029086858829378035,-0.26966359656875205,0.05818416694133372,59.809129950691904,1.474303669088671,274835.99851854134,105.17927980422974,"{""entry_zscore"": 1.5, ""lookback"": 126, ""max_holding_days"": 90, ""max_positions_per_side"": 30, ""min_history"": 126, ""min_holding_days"": 42, ""n_components"": 5, ""vol_target"": 0.08, ""zscore_window"": 60}"
1.5,126,90,30,126,42,5,0.15,60,0.29870554328467214,0.010531408120997954,0.08012596219692067,-0.08770587377707934,-0.07453135933774749,0.029816689360584743,-0.3532051460723076,0.08005355730185194,59.809129950691904,2.016983116584537,414794.88215937023,105.2425467967987,"{""entry_zscore"": 1.5, ""lookback"": 126, ""max_holding_days"": 90, ""max_positions_per_side"": 30, ""min_history"": 126, ""min_holding_days"": 42, ""n_components"": 5, ""vol_target"": 0.15, ""zscore_window"": 60}"
1.5,126,90,30,252,42,8,0.1,60,0.31039316812012596,0.01089436374599817,0.06629265710793168,-0.10053242987167198,-0.10205199396117466,0.04372937687791958,-0.24913146547713783,0.06444585381237639,59.809129950691904,1.6445198478447327,332696.8458885791,106.5281732082367,"{""entry_zscore"": 1.5, ""lookback"": 126, ""max_holding_days"": 90, ""max_positions_per_side"": 30, ""min_history"": 252, ""min_holding_days"": 42, ""n_components"": 8, ""vol_target"": 0.1, ""zscore_window"": 60}"
1.5,126,90,50,252,63,10,0.1,90,0.10603620369309419,0.004047811574847238,0.05748044844280818,-0.23505582226457647,-0.32025188200795757,0.015241483494971253,-0.2655785820443768,0.06038835489861783,99.55527278511214,1.8668363575013092,285805.3561842246,110.17067670822144,"{""entry_zscore"": 1.5, ""lookback"": 126, ""max_holding_days"": 90, ""max_positions_per_side"": 50, ""min_history"": 252, ""min_holding_days"": 63, ""n_components"": 10, ""vol_target"": 0.1, ""zscore_window"": 90}"
1.5,126,120,30,126,21,3,0.1,40,0.5854031698506945,0.018643322284982444,0.06870640126055608,0.01578305103132917,0.07043986445880214,0.12187122896404862,-0.1529755828628111,0.07023853664413082,59.809129950691904,1.5921294832038817,372031.5950934787,106.30467700958252,"{""entry_zscore"": 1.5, ""lookback"": 126, ""max_holding_days"": 120, ""max_positions_per_side"": 30, ""min_history"": 126, ""min_holding_days"": 21, ""n_components"": 3, ""vol_target"": 0.1, ""zscore_window"": 40}"
1.5,126,120,50,252,63,3,0.1,60,0.3249479664044317,0.011342038664287069,0.05877881008655113,-0.1057674861785522,-0.1182404912717272,0.0753444215725721,-0.15053587813879976,0.06666738078911807,99.62748528710037,1.8112267661492978,270188.2419436406,116.0109031200409,"{""entry_zscore"": 1.5, ""lookback"": 126, ""max_holding_days"": 120, ""max_positions_per_side"": 50, ""min_history"": 252, ""min_holding_days"": 63, ""n_components"": 3, ""vol_target"": 0.1, ""zscore_window"": 60}"
1.5,126,180,30,126,21,3,0.08,90,0.6022650213944225,0.019075375765206903,0.06150346477620522,0.02465633640343278,0.0801427299404438,0.08885326396724458,-0.2146840184986223,0.07194759151732769,59.809129950691904,1.4092357768143422,260597.4730708254,107.12083983421326,"{""entry_zscore"": 1.5, ""lookback"": 126, ""max_holding_days"": 180, ""max_positions_per_side"": 30, ""min_history"": 126, ""min_holding_days"": 21, ""n_components"": 3, ""vol_target"": 0.08, ""zscore_window"": 90}"
1.5,126,180,30,126,21,3,0.2,60,0.7872265451707003,0.02354759485502056,0.09439393927052156,0.0634433656820874,0.16324892083774464,0.10521308655089007,-0.2238086119033389,0.10291220751958209,59.809129950691904,2.2762999623893996,484202.64930312464,106.14776659011841,"{""entry_zscore"": 1.5, ""lookback"": 126, ""max_holding_days"": 180, ""max_positions_per_side"": 30, ""min_history"": 126, ""min_holding_days"": 21, ""n_components"": 3, ""vol_target"": 0.2, ""zscore_window"": 60}"
1.5,126,180,30,126,42,10,0.1,90,0.23792281311906804,0.008591745228213155,0.06586666056799745,-0.1361414157354719,-0.15976115818427938,0.029417277092757536,-0.2920645986751922,0.06490011866316804,59.809129950691904,1.623740615851077,284567.8332670502,104.31487441062927,"{""entry_zscore"": 1.5, ""lookback"": 126, ""max_holding_days"": 180, ""max_positions_per_side"": 30, ""min_history"": 126, ""min_holding_days"": 42, ""n_components"": 10, ""vol_target"": 0.1, ""zscore_window"": 90}"
1.5,126,180,30,126,63,3,0.2,60,0.31579551424366215,0.011061082998354399,0.09151894006945108,-0.07099997710225539,-0.0380577792664373,0.035645069374232764,-0.31031172592836287,0.09400178857368936,59.809129950691904,2.3122091595152465,327342.0600057075,104.70728206634521,"{""entry_zscore"": 1.5, ""lookback"": 126, ""max_holding_days"": 180, ""max_positions_per_side"": 30, ""min_history"": 126, ""min_holding_days"": 63, ""n_components"": 3, ""vol_target"": 0.2, ""zscore_window"": 60}"
1.5,126,180,30,252,42,5,0.1,90,0.49366411618734296,0.01621249473096209,0.0672846473819893,-0.020010967867633202,0.017957552660139396,0.06383249512060264,-0.25398497583919966,0.07665354554445662,59.809129950691904,1.6076178834777668,292590.48976151267,107.51577281951904,"{""entry_zscore"": 1.5, ""lookback"": 126, ""max_holding_days"": 180, ""max_positions_per_side"": 30, ""min_history"": 252, ""min_holding_days"": 42, ""n_components"": 5, ""vol_target"": 0.1, ""zscore_window"": 90}"
1.5,126,180,30,252,42,10,0.15,90,0.104492974039891,0.003991620971444121,0.08065638007892491,-0.16821117762770826,-0.1945782617565313,0.01132437655668704,-0.3524804170422141,0.08209007032926305,59.809129950691904,1.9906161974730436,332649.6463403755,107.04820132255554,"{""entry_zscore"": 1.5, ""lookback"": 126, ""max_holding_days"": 180, ""max_positions_per_side"": 30, ""min_history"": 252, ""min_holding_days"": 42, ""n_components"": 10, ""vol_target"": 0.15, ""zscore_window"": 90}"
1.5,126,180,30,252,63,10,0.15,40,-0.09178280063618915,-0.003851395850777539,0.07736413413105092,-0.2767473809274159,-0.3623310348432746,-0.010348600912185197,-0.3721658496118664,0.0763401006598969,59.809129950691904,2.0563423363306397,222827.83004984824,106.26508283615112,"{""entry_zscore"": 1.5, ""lookback"": 126, ""max_holding_days"": 180, ""max_positions_per_side"": 30, ""min_history"": 252, ""min_holding_days"": 63, ""n_components"": 10, ""vol_target"": 0.15, ""zscore_window"": 40}"
1.5,126,180,50,126,42,3,0.2,40,0.30508998470259296,0.010730061737733942,0.08611630492624661,-0.07929815283903174,-0.054662576148032015,0.029335730671668222,-0.36576766598477095,0.09220585954815072,99.63352950532845,2.531692173939783,435493.3021004165,110.49138164520264,"{""entry_zscore"": 1.5, ""lookback"": 126, ""max_holding_days"": 180, ""max_positions_per_side"": 50, ""min_history"": 126, ""min_holding_days"": 42, ""n_components"": 3, ""vol_target"": 0.2, ""zscore_window"": 40}"
1.5,126,180,50,126,63,3,0.15,90,0.3018719806536547,0.010630049560208521,0.07562046527238091,-0.09162699624423287,-0.08261867737594544,0.03974386205560959,-0.26746393053938644,0.08542596774931784,99.56704310481948,2.150436907588827,314420.3918685791,108.83633923530579,"{""entry_zscore"": 1.5, ""lookback"": 126, ""max_holding_days"": 180, ""max_positions_per_side"": 50, ""min_history"": 126, ""min_holding_days"": 63, ""n_components"": 3, ""vol_target"": 0.15, ""zscore_window"": 90}"
1.5,126,180,50,252,42,8,0.08,90,0.45237495482979795,0.015071316077500008,0.05385768255894606,-0.04618857425745095,-0.03383498344124704,0.07004857354838578,-0.21515521750188893,0.05775240291306896,99.59980912995069,1.6123406624726377,280567.1842654512,110.3694212436676,"{""entry_zscore"": 1.5, ""lookback"": 126, ""max_holding_days"": 180, ""max_positions_per_side"": 50, ""min_history"": 252, ""min_holding_days"": 42, ""n_components"": 8, ""vol_target"": 0.08, ""zscore_window"": 90}"
1.5,126,180,50,252,63,8,0.08,60,0.3473719607303707,0.012022597908703414,0.05230114237154695,-0.10585481478921935,-0.1241225378105046,0.06028712941274259,-0.19942229835481695,0.0531596268601301,99.6515031016383,1.6460246482461602,235510.93511891106,110.23772668838501,"{""entry_zscore"": 1.5, ""lookback"": 126, ""max_holding_days"": 180, ""max_positions_per_side"": 50, ""min_history"": 252, ""min_holding_days"": 63, ""n_components"": 8, ""vol_target"": 0.08, ""zscore_window"": 60}"
1.5,126,180,50,252,63,8,0.15,60,0.4971081187926958,0.016306309664556373,0.0715528941048164,-0.01750615399730448,0.025123564924047957,0.06139518351542966,-0.2655959104749368,0.0727764877170499,99.6515031016383,2.252428275390266,351193.83452520496,110.58740901947021,"{""entry_zscore"": 1.5, ""lookback"": 126, ""max_holding_days"": 180, ""max_positions_per_side"": 50, ""min_history"": 252, ""min_holding_days"": 63, ""n_components"": 8, ""vol_target"": 0.15, ""zscore_window"": 60}"
1.5,189,90,30,126,42,5,0.15,60,0.16638218610564737,0.006188069553537678,0.08154202479134313,-0.13944780158779688,-0.14967656761628748,0.020298514995801643,-0.3048533133984216,0.08915840873162699,59.809129950691904,2.0185670350477882,397342.6055823079,108.41226959228516,"{""entry_zscore"": 1.5, ""lookback"": 189, ""max_holding_days"": 90, ""max_positions_per_side"": 30, ""min_history"": 126, ""min_holding_days"": 42, ""n_components"": 5, ""vol_target"": 0.15, ""zscore_window"": 60}"
1.5,189,90,30,252,42,10,0.15,90,0.5979749362183286,0.01896586579024806,0.0811418756826786,0.01733926077876323,0.0840872367582101,0.07673957216078732,-0.2471458369680527,0.088186662065155,59.809129950691904,2.02010711859144,495265.8503922703,111.73330473899841,"{""entry_zscore"": 1.5, ""lookback"": 189, ""max_holding_days"": 90, ""max_positions_per_side"": 30, ""min_history"": 252, ""min_holding_days"": 42, ""n_components"": 10, ""vol_target"": 0.15, ""zscore_window"": 90}"
1.5,189,90,30,252,63,3,0.15,90,-0.17117681505208437,-0.007497220667410431,0.08374342767096023,-0.29920134644557045,-0.3824558583640784,-0.018174771402816127,-0.41250701322431815,0.10279750979707447,59.809129950691904,1.982453610896046,312263.630761264,111.10795712471008,"{""entry_zscore"": 1.5, ""lookback"": 189, ""max_holding_days"": 90, ""max_positions_per_side"": 30, ""min_history"": 252, ""min_holding_days"": 63, ""n_components"": 3, ""vol_target"": 0.15, ""zscore_window"": 90}"
1.5,189,90,50,126,63,10,0.08,40,-0.053626373595757504,-0.0022068335295688524,0.051360058017633436,-0.38484690127279036,-0.5243293512379209,-0.008907124800103198,-0.24776048153533048,0.05663690056919633,99.65675202799427,1.6809288315799482,214985.48602004402,114.25921082496643,"{""entry_zscore"": 1.5, ""lookback"": 189, ""max_holding_days"": 90, ""max_positions_per_side"": 50, ""min_history"": 126, ""min_holding_days"": 63, ""n_components"": 10, ""vol_target"": 0.08, ""zscore_window"": 40}"
1.5,189,90,50,252,42,5,0.08,60,0.2597102107507241,0.009297318461632065,0.05548431269923757,-0.14889987429166748,-0.17986625916909965,0.04048205529648989,-0.22966517864615965,0.05960709476063344,99.63130268808652,1.6346688817565782,317061.7518607808,115.35476517677307,"{""entry_zscore"": 1.5, ""lookback"": 189, ""max_holding_days"": 90, ""max_positions_per_side"": 50, ""min_history"": 252, ""min_holding_days"": 42, ""n_components"": 5, ""vol_target"": 0.08, ""zscore_window"": 60}"
1.5,189,90,50,252,63,8,0.2,90,0.29338193917815025,0.010365044697734804,0.08535293872004211,-0.08428392809730026,-0.06532157576226871,0.02786727972248007,-0.3719431821461029,0.10001536581028621,99.57022427230794,2.591462454760037,516902.8087641935,114.78160881996155,"{""entry_zscore"": 1.5, ""lookback"": 189, ""max_holding_days"": 90, ""max_positions_per_side"": 50, ""min_history"": 252, ""min_holding_days"": 63, ""n_components"": 8, ""vol_target"": 0.2, ""zscore_window"": 90}"
1.5,189,120,30,126,42,10,0.2,90,0.818090822001148,0.02425029067206297,0.09302967543886831,0.07192721024542208,0.17583419841937864,0.07222611456600145,-0.33575516027381813,0.10012084388061222,59.809129950691904,2.3312621596928573,650185.6098864888,109.40735340118408,"{""entry_zscore"": 1.5, ""lookback"": 189, ""max_holding_days"": 120, ""max_positions_per_side"": 30, ""min_history"": 126, ""min_holding_days"": 42, ""n_components"": 10, ""vol_target"": 0.2, ""zscore_window"": 90}"
1.5,189,120,30,252,21,10,0.2,90,0.8908431231106813,0.025862376147773425,0.09260154764429715,0.08966859314231648,0.2039508259297501,0.08431389115646491,-0.3067392074193267,0.10630235109206808,59.809129950691904,2.3354666797438357,658155.5195384845,110.84461879730225,"{""entry_zscore"": 1.5, ""lookback"": 189, ""max_holding_days"": 120, ""max_positions_per_side"": 30, ""min_history"": 252, ""min_holding_days"": 21, ""n_components"": 10, ""vol_target"": 0.2, ""zscore_window"": 90}"
1.5,189,120,50,252,21,3,0.2,40,1.3200010959537694,0.034307698613943005,0.08949331031020417,0.18715111675028936,0.3496018497579278,0.16232996024642135,-0.21134545072186905,0.09383118518676599,99.54588834102115,2.4652069307264903,698394.7435443524,115.37682318687439,"{""entry_zscore"": 1.5, ""lookback"": 189, ""max_holding_days"": 120, ""max_positions_per_side"": 50, ""min_history"": 252, ""min_holding_days"": 21, ""n_components"": 3, ""vol_target"": 0.2, ""zscore_window"": 40}"
1.5,189,180,30,126,21,5,0.15,40,0.7858898095278759,0.023516898486815707,0.08444270875458812,0.07055639174748615,0.15502353657092888,0.09629638909169091,-0.24421371048942997,0.07621595425487718,59.809129950691904,2.0079671858902755,513496.41856817866,109.46597170829773,"{""entry_zscore"": 1.5, ""lookback"": 189, ""max_holding_days"": 180, ""max_positions_per_side"": 30, ""min_history"": 126, ""min_holding_days"": 21, ""n_components"": 5, ""vol_target"": 0.15, ""zscore_window"": 40}"
1.5,189,180,30,252,42,5,0.15,40,0.2946842597631236,0.010405803058540775,0.08339913265628598,-0.08576974797385002,-0.06319521000698962,0.03146187516347545,-0.33074325686159434,0.07436223429886672,59.809129950691904,2.025615020590616,350769.211252516,111.22941613197327,"{""entry_zscore"": 1.5, ""lookback"": 189, ""max_holding_days"": 180, ""max_positions_per_side"": 30, ""min_history"": 252, ""min_holding_days"": 42, ""n_components"": 5, ""vol_target"": 0.15, ""zscore_window"": 40}"
1.5,189,180,50,252,63,10,0.15,90,-0.010282476321558098,-0.00041419731394243264,0.07181857895234871,-0.2502572902977602,-0.32300812536325846,-0.0009767427303951615,-0.42405978673100597,0.08516476852555994,99.60633052330205,2.2790089721180498,347924.6900784449,115.08975338935852,"{""entry_zscore"": 1.5, ""lookback"": 189, ""max_holding_days"": 180, ""max_positions_per_side"": 50, ""min_history"": 252, ""min_holding_days"": 63, ""n_components"": 10, ""vol_target"": 0.15, ""zscore_window"": 90}"
1.5,252,90,30,126,21,5,0.15,90,-0.052352946538950396,-0.002153052547621326,0.08358177296145895,-0.2358406324357223,-0.28468784115894796,-0.004718286909288275,-0.45632081919030665,0.09907034317340628,59.809129950691904,1.9878220387984975,398007.9362721556,115.10149121284485,"{""entry_zscore"": 1.5, ""lookback"": 252, ""max_holding_days"": 90, ""max_positions_per_side"": 30, ""min_history"": 126, ""min_holding_days"": 21, ""n_components"": 5, ""vol_target"": 0.15, ""zscore_window"": 90}"
1.5,252,90,30,126,21,8,0.08,90,0.19953179001427146,0.0073189533971476095,0.060160120826500366,-0.17021196283983892,-0.20566359787143584,0.033761716263123805,-0.2167826226636982,0.06985741145212458,59.809129950691904,1.4671041659359743,311494.0741008351,115.72255373001099,"{""entry_zscore"": 1.5, ""lookback"": 252, ""max_holding_days"": 90, ""max_positions_per_side"": 30, ""min_history"": 126, ""min_holding_days"": 21, ""n_components"": 8, ""vol_target"": 0.08, ""zscore_window"": 90}"
1.5,252,90,30,126,42,5,0.15,90,-0.1325548178621656,-0.0056836665516596385,0.08245477187087587,-0.2818829240806783,-0.36034151983435714,-0.011447101664763896,-0.49651577474452946,0.09440214205950505,59.809129950691904,2.000914919766702,366543.7188079151,116.0564877986908,"{""entry_zscore"": 1.5, ""lookback"": 252, ""max_holding_days"": 90, ""max_positions_per_side"": 30, ""min_history"": 126, ""min_holding_days"": 42, ""n_components"": 5, ""vol_target"": 0.15, ""zscore_window"": 90}"
1.5,252,90,30,126,42,8,0.1,90,0.4092589102905042,0.013845912709953723,0.06787199162504177,-0.054706114390555886,-0.03172755601184415,0.06093960241051266,-0.22720713890915,0.07738262423367263,59.809129950691904,1.6506676594753409,366844.2359455018,114.53834080696106,"{""entry_zscore"": 1.5, ""lookback"": 252, ""max_holding_days"": 90, ""max_positions_per_side"": 30, ""min_history"": 126, ""min_holding_days"": 42, ""n_components"": 8, ""vol_target"": 0.1, ""zscore_window"": 90}"
1.5,252,90,30,252,21,5,0.1,60,0.7883547162934452,0.02357348467028908,0.06831131264036984,0.08804631019528317,0.17270167725716204,0.10149007738025297,-0.23227378753458117,0.07281006148387581,59.809129950691904,1.6263452833927097,477504.80613655783,116.60998678207397,"{""entry_zscore"": 1.5, ""lookback"": 252, ""max_holding_days"": 90, ""max_positions_per_side"": 30, ""min_history"": 252, ""min_holding_days"": 21, ""n_components"": 5, ""vol_target"": 0.1, ""zscore_window"": 60}"
1.5,252,90,30,252,42,3,0.1,90,-0.13399606829857147,-0.0057499378731773465,0.0700148256195222,-0.33291325536610716,-0.4295913706340204,-0.016197885356114095,-0.3549807735246725,0.07855773860477618,59.809129950691904,1.6155722254587535,257312.46604704348,116.47295999526978,"{""entry_zscore"": 1.5, ""lookback"": 252, ""max_holding_days"": 90, ""max_positions_per_side"": 30, ""min_history"": 252, ""min_holding_days"": 42, ""n_components"": 3, ""vol_target"": 0.1, ""zscore_window"": 90}"
1.5,252,90,50,126,42,3,0.2,40,0.6751491706858146,0.02089404612871104,0.08802732371325565,0.03788733248175204,0.12020678074543294,0.08976036304513513,-0.23277586475674872,0.09604690791009518,99.5788134245268,2.5187873918384804,528462.9307302965,117.66948223114014,"{""entry_zscore"": 1.5, ""lookback"": 252, ""max_holding_days"": 90, ""max_positions_per_side"": 50, ""min_history"": 126, ""min_holding_days"": 42, ""n_components"": 3, ""vol_target"": 0.2, ""zscore_window"": 40}"
1.5,252,120,30,126,21,10,0.2,90,-0.1810290921627843,-0.007972833518760325,0.09451770308958236,-0.2701267416779039,-0.33674032784924485,-0.01781025152745928,-0.44765417863234913,0.11159108832411282,59.809129950691904,2.30805461691914,367840.9540353063,123.017507314682,"{""entry_zscore"": 1.5, ""lookback"": 252, ""max_holding_days"": 120, ""max_positions_per_side"": 30, ""min_history"": 126, ""min_holding_days"": 21, ""n_components"": 10, ""vol_target"": 0.2, ""zscore_window"": 90}"
1.5,252,120,30,126,42,8,0.08,90,0.24222917497145713,0.008732144666895536,0.059837050306372805,-0.14751363804897477,-0.17743993938124977,0.04205121938274741,-0.2076549692273162,0.0716164461399193,59.809129950691904,1.4731282719749428,250372.76878936935,114.89186549186707,"{""entry_zscore"": 1.5, ""lookback"": 252, ""max_holding_days"": 120, ""max_positions_per_side"": 30, ""min_history"": 126, ""min_holding_days"": 42, ""n_components"": 8, ""vol_target"": 0.08, ""zscore_window"": 90}"
1.5,252,120,30,126,63,8,0.08,60,0.2721857166262951,0.009696074986261127,0.058685035071274566,-0.13398391347806704,-0.15930833611561293,0.04680433815858493,-0.20716188643472266,0.06446843080045354,59.809129950691904,1.4886680985551999,240555.9528859186,114.80056881904602,"{""entry_zscore"": 1.5, ""lookback"": 252, ""max_holding_days"": 120, ""max_positions_per_side"": 30, ""min_history"": 126, ""min_holding_days"": 63, ""n_components"": 8, ""vol_target"": 0.08, ""zscore_window"": 60}"
1.5,252,120,50,126,42,5,0.08,60,0.6347306423495052,0.01989509316138527,0.0542171409852176,0.04308909454141302,0.09995468924669572,0.09848865566534455,-0.202003906206081,0.06207868155771474,99.65738826149197,1.628725533656561,369360.26263413124,118.19337439537048,"{""entry_zscore"": 1.5, ""lookback"": 252, ""max_holding_days"": 120, ""max_positions_per_side"": 50, ""min_history"": 126, ""min_holding_days"": 42, ""n_components"": 5, ""vol_target"": 0.08, ""zscore_window"": 60}"
1.5,252,120,50,126,42,10,0.15,40,0.23859068797400584,0.008613550503980605,0.07261245978810313,-0.12319339091158457,-0.12870833669448353,0.02767291115426472,-0.3112628973498206,0.07668920322017467,99.66343247972006,2.2778570379463456,431434.6357568074,118.08554124832153,"{""entry_zscore"": 1.5, ""lookback"": 252, ""max_holding_days"": 120, ""max_positions_per_side"": 50, ""min_history"": 126, ""min_holding_days"": 42, ""n_components"": 10, ""vol_target"": 0.15, ""zscore_window"": 40}"
1.5,252,120,50,126,63,5,0.08,90,-0.22809244306527598,-0.010323376522288541,0.05367626128939115,-0.5194531344065025,-0.7259111534209991,-0.03143027990939235,-0.32845321619943935,0.06073788477561145,99.62923492921902,1.6335220640288095,208200.04419349923,118.52813148498535,"{""entry_zscore"": 1.5, ""lookback"": 252, ""max_holding_days"": 120, ""max_positions_per_side"": 50, ""min_history"": 126, ""min_holding_days"": 63, ""n_components"": 5, ""vol_target"": 0.08, ""zscore_window"": 90}"
1.5,252,120,50,126,63,8,0.2,90,-0.24649939037785706,-0.011280321837537022,0.08368843795589494,-0.3446025304050226,-0.46044852756025584,-0.02637067433447078,-0.4277600828277568,0.1008578481448896,99.64545888341021,2.604943590426276,369794.8669679492,118.05642557144165,"{""entry_zscore"": 1.5, ""lookback"": 252, ""max_holding_days"": 120, ""max_positions_per_side"": 50, ""min_history"": 126, ""min_holding_days"": 63, ""n_components"": 8, ""vol_target"": 0.2, ""zscore_window"": 90}"
1.5,252,120,50,252,21,3,0.2,40,1.3013346905561396,0.03397283955532049,0.09065913546429724,0.18105085409816637,0.3230641438905921,0.14915492511153888,-0.2277688083709969,0.10228261021615637,99.54238905678383,2.452773200913844,731857.5152571617,119.91165065765381,"{""entry_zscore"": 1.5, ""lookback"": 252, ""max_holding_days"": 120, ""max_positions_per_side"": 50, ""min_history"": 252, ""min_holding_days"": 21, ""n_components"": 3, ""vol_target"": 0.2, ""zscore_window"": 40}"
1.5,252,120,50,252,42,8,0.08,60,0.4332494264090294,0.014532118089361168,0.053494669862617056,-0.056581479353368686,-0.04744534357723305,0.06928501022806795,-0.2097440419150589,0.057010273020162816,99.6406871321775,1.646010811549304,320199.5923938956,122.80739688873291,"{""entry_zscore"": 1.5, ""lookback"": 252, ""max_holding_days"": 120, ""max_positions_per_side"": 50, ""min_history"": 252, ""min_holding_days"": 42, ""n_components"": 8, ""vol_target"": 0.08, ""zscore_window"": 60}"
1.5,252,120,50,252,42,8,0.2,90,0.41314299618214423,0.013957767150349687,0.08619925536769825,-0.041777141600551425,0.0003219961021375942,0.037781009892500966,-0.3694386992318096,0.10690400691817549,99.63575632257039,2.583109746104322,597529.3636969946,119.55873918533325,"{""entry_zscore"": 1.5, ""lookback"": 252, ""max_holding_days"": 120, ""max_positions_per_side"": 50, ""min_history"": 252, ""min_holding_days"": 42, ""n_components"": 8, ""vol_target"": 0.2, ""zscore_window"": 90}"
1.5,252,180,30,126,63,5,0.1,40,-0.12349582081439214,-0.005269521732780835,0.06402900484822542,-0.3565329093369728,-0.492610018476829,-0.01185738890851811,-0.444408273477082,0.0632701925444422,59.809129950691904,1.6504180082051965,180656.48701079446,115.69315433502197,"{""entry_zscore"": 1.5, ""lookback"": 252, ""max_holding_days"": 180, ""max_positions_per_side"": 30, ""min_history"": 126, ""min_holding_days"": 63, ""n_components"": 5, ""vol_target"": 0.1, ""zscore_window"": 40}"
1.5,252,180,30,126,63,10,0.15,90,-0.27468348551246535,-0.012789952494891232,0.08020875870990088,-0.3783736169308541,-0.5112355322384841,-0.02574183851809049,-0.496854662727485,0.08757360575466389,59.809129950691904,2.0392606032872234,238146.62713836567,114.2241849899292,"{""entry_zscore"": 1.5, ""lookback"": 252, ""max_holding_days"": 180, ""max_positions_per_side"": 30, ""min_history"": 126, ""min_holding_days"": 63, ""n_components"": 10, ""vol_target"": 0.15, ""zscore_window"": 90}"
1.5,252,180,30,252,63,8,0.2,90,-0.19363826655889826,-0.008589611279026133,0.09504699768680529,-0.2751116559504358,-0.3361172647186376,-0.018776674070024913,-0.457461808571231,0.10827600921117234,59.809129950691904,2.3490747861682193,295802.9204935523,115.99945759773254,"{""entry_zscore"": 1.5, ""lookback"": 252, ""max_holding_days"": 180, ""max_positions_per_side"": 30, ""min_history"": 252, ""min_holding_days"": 63, ""n_components"": 8, ""vol_target"": 0.2, ""zscore_window"": 90}"
1.5,252,180,50,126,21,3,0.08,60,0.5064198473142576,0.016558928474537105,0.056300868341917776,-0.0177616651860141,0.011779259807707627,0.0856096679161713,-0.1934235802754375,0.06549137871258014,99.63352950532845,1.5722036863765003,336864.41506686475,117.98090720176697,"{""entry_zscore"": 1.5, ""lookback"": 252, ""max_holding_days"": 180, ""max_positions_per_side"": 50, ""min_history"": 126, ""min_holding_days"": 21, ""n_components"": 3, ""vol_target"": 0.08, ""zscore_window"": 60}"
1.5,252,180,50,126,21,3,0.2,90,0.4569751028592157,0.015199989053648721,0.08933572896919109,-0.02640529854379882,0.026192975975089853,0.045211997467558294,-0.336193707534276,0.10810263190518775,99.63957372355655,2.4751056034371883,508747.0153247769,119.05855226516724,"{""entry_zscore"": 1.5, ""lookback"": 252, ""max_holding_days"": 180, ""max_positions_per_side"": 50, ""min_history"": 126, ""min_holding_days"": 21, ""n_components"": 3, ""vol_target"": 0.2, ""zscore_window"": 90}"
1.5,252,180,50,126,63,3,0.2,40,0.17506101190295098,0.006487096343553045,0.08702485998099077,-0.1272260513441048,-0.12306294995109794,0.026108013621211842,-0.2484714631174586,0.09503354812258143,99.62446317798631,2.5513530332713956,312452.1727674422,123.2618796825409,"{""entry_zscore"": 1.5, ""lookback"": 252, ""max_holding_days"": 180, ""max_positions_per_side"": 50, ""min_history"": 126, ""min_holding_days"": 63, ""n_components"": 3, ""vol_target"": 0.2, ""zscore_window"": 40}"
1.5,252,180,50,126,63,5,0.08,40,-0.00811483134153057,-0.0003265380254463546,0.05145236995318237,-0.34761204759720177,-0.507840981906136,-0.001212607066712332,-0.269285933102532,0.05068817728653626,99.6425958326706,1.6545030058138073,191343.64486507964,118.89886164665222,"{""entry_zscore"": 1.5, ""lookback"": 252, ""max_holding_days"": 180, ""max_positions_per_side"": 50, ""min_history"": 126, ""min_holding_days"": 63, ""n_components"": 5, ""vol_target"": 0.08, ""zscore_window"": 40}"
1.5,504,90,30,126,42,5,0.2,40,0.28143713197369347,0.009989362879124775,0.09107289043795752,-0.08311543349708464,-0.05769640324395826,0.021747913751276337,-0.45932511014020927,0.08828761334014278,57.442341339271515,2.22984802347381,418247.4082210066,100.98689007759094,"{""entry_zscore"": 1.5, ""lookback"": 504, ""max_holding_days"": 90, ""max_positions_per_side"": 30, ""min_history"": 126, ""min_holding_days"": 42, ""n_components"": 5, ""vol_target"": 0.2, ""zscore_window"": 40}"
1.5,504,90,30,252,21,5,0.15,60,0.8519736131813818,0.02500864422748883,0.07975012302175247,0.09341325502092018,0.1952158469620803,0.11062765676690109,-0.22606141138995195,0.08877058325182285,57.442341339271515,1.9207286801397783,555546.4303761943,102.91250467300415,"{""entry_zscore"": 1.5, ""lookback"": 504, ""max_holding_days"": 90, ""max_positions_per_side"": 30, ""min_history"": 252, ""min_holding_days"": 21, ""n_components"": 5, ""vol_target"": 0.15, ""zscore_window"": 60}"
1.5,504,90,30,252,21,8,0.08,60,0.6684447006867933,0.020729955282208,0.05705880223357569,0.05557476691359517,0.12447533996188027,0.11153665176877534,-0.18585778713514645,0.06483231305262167,57.442341339271515,1.4105920926946856,378817.22024274466,101.8813750743866,"{""entry_zscore"": 1.5, ""lookback"": 504, ""max_holding_days"": 90, ""max_positions_per_side"": 30, ""min_history"": 252, ""min_holding_days"": 21, ""n_components"": 8, ""vol_target"": 0.08, ""zscore_window"": 60}"
1.5,504,90,30,252,21,10,0.08,40,0.16349847351531333,0.006088239061140532,0.05936117797730459,-0.19323549460142342,-0.22820476085876207,0.032287217441988154,-0.18856499703263485,0.06014520977534673,57.442341339271515,1.4203109067796948,302378.73370726674,101.86123085021973,"{""entry_zscore"": 1.5, ""lookback"": 504, ""max_holding_days"": 90, ""max_positions_per_side"": 30, ""min_history"": 252, ""min_holding_days"": 21, ""n_components"": 10, ""vol_target"": 0.08, ""zscore_window"": 40}"
1.5,504,90,30,252,42,3,0.2,90,0.08858526356913266,0.0034079715364421226,0.09452802085786226,-0.14970115721077215,-0.1555804262426629,0.009294105784710285,-0.3666809497744872,0.11535558498073673,57.442341339271515,2.182404273891777,424452.1729053504,100.29647135734558,"{""entry_zscore"": 1.5, ""lookback"": 504, ""max_holding_days"": 90, ""max_positions_per_side"": 30, ""min_history"": 252, ""min_holding_days"": 42, ""n_components"": 3, ""vol_target"": 0.2, ""zscore_window"": 90}"
1.5,504,90,30,252,63,8,0.15,40,0.14135919950797615,0.005313797655226216,0.07989669109586216,-0.15326201654321162,-0.16457162682135215,0.01453671534305367,-0.3655432145312937,0.07275714986150314,57.442341339271515,1.9510987106844186,278833.10644604306,101.47395372390747,"{""entry_zscore"": 1.5, ""lookback"": 504, ""max_holding_days"": 90, ""max_positions_per_side"": 30, ""min_history"": 252, ""min_holding_days"": 63, ""n_components"": 8, ""vol_target"": 0.15, ""zscore_window"": 40}"
1.5,504,90,50,126,42,5,0.15,40,0.24068427638923984,0.008681830468876939,0.07451897714874083,-0.11912529557554682,-0.12348189140853602,0.02856463709431642,-0.30393631258856024,0.07999764815845535,95.71051375854938,2.1140799340051477,388530.49363219587,104.11089158058167,"{""entry_zscore"": 1.5, ""lookback"": 504, ""max_holding_days"": 90, ""max_positions_per_side"": 50, ""min_history"": 126, ""min_holding_days"": 42, ""n_components"": 5, ""vol_target"": 0.15, ""zscore_window"": 40}"
1.5,504,90,50,126,63,5,0.15,40,0.13159461331832611,0.004967635296256212,0.0738554486616888,-0.17048559828170678,-0.19717972196106612,0.015439582825714603,-0.32174673061649195,0.07690132001845443,95.66056942898044,2.146055831861121,333339.9143799535,104.23013019561768,"{""entry_zscore"": 1.5, ""lookback"": 504, ""max_holding_days"": 90, ""max_positions_per_side"": 50, ""min_history"": 126, ""min_holding_days"": 63, ""n_components"": 5, ""vol_target"": 0.15, ""zscore_window"": 40}"
1.5,504,120,30,126,42,3,0.08,40,0.8885613800920538,0.025812727311237404,0.05982760311556357,0.13795975826720272,0.24804610450910355,0.1430313482448151,-0.18046902044897084,0.06409565246716054,57.439160171783044,1.3903784319883854,311462.46903936815,103.7007749080658,"{""entry_zscore"": 1.5, ""lookback"": 504, ""max_holding_days"": 120, ""max_positions_per_side"": 30, ""min_history"": 126, ""min_holding_days"": 42, ""n_components"": 3, ""vol_target"": 0.08, ""zscore_window"": 40}"
1.5,504,120,30,252,21,3,0.2,40,1.9254983987149203,0.043966479321004615,0.09616705796781977,0.27460082726179713,0.4767342111782704,0.1534363845814532,-0.28654532913387687,0.1075421162879279,57.442341339271515,2.161477109100573,735594.2743806125,101.01924633979797,"{""entry_zscore"": 1.5, ""lookback"": 504, ""max_holding_days"": 120, ""max_positions_per_side"": 30, ""min_history"": 252, ""min_holding_days"": 21, ""n_components"": 3, ""vol_target"": 0.2, ""zscore_window"": 40}"
1.5,504,120,30,252,21,8,0.1,90,0.6394156477866002,0.020012091529214127,0.06372633443549842,0.038495323844321014,0.10254724404399806,0.12195756690217714,-0.1640906098533922,0.07778148148004657,57.442341339271515,1.5922943569727566,381256.34662370017,101.73164749145508,"{""entry_zscore"": 1.5, ""lookback"": 504, ""max_holding_days"": 120, ""max_positions_per_side"": 30, ""min_history"": 252, ""min_holding_days"": 21, ""n_components"": 8, ""vol_target"": 0.1, ""zscore_window"": 90}"
1.5,504,120,30,252,63,5,0.2,40,0.30810214038610195,0.010823462106475557,0.08941459582304155,-0.07532845705149258,-0.048505790575719236,0.030340819254079446,-0.35672939533497594,0.09151074096473502,57.442341339271515,2.237381740896889,339162.1676128416,100.58150100708008,"{""entry_zscore"": 1.5, ""lookback"": 504, ""max_holding_days"": 120, ""max_positions_per_side"": 30, ""min_history"": 252, ""min_holding_days"": 63, ""n_components"": 5, ""vol_target"": 0.2, ""zscore_window"": 40}"
1.5,504,120,50,126,21,3,0.15,90,0.5857897799792433,0.01865327775808523,0.0756603443640317,0.014464011756432957,0.07670054934112788,0.08023070207910644,-0.23249550701542332,0.09404157425872957,95.64991251789407,2.06694584609053,490540.066913616,103.83820581436157,"{""entry_zscore"": 1.5, ""lookback"": 504, ""max_holding_days"": 120, ""max_positions_per_side"": 50, ""min_history"": 126, ""min_holding_days"": 21, ""n_components"": 3, ""vol_target"": 0.15, ""zscore_window"": 90}"
1.5,504,120,50,126,21,8,0.08,60,1.1491746267879903,0.03114170035583319,0.0525865334398962,0.2582937839713188,0.4308933526794095,0.14259782832149256,-0.21838832135383557,0.06327529102128365,95.68729123588356,1.5551531698984513,446376.2269239422,104.88951826095581,"{""entry_zscore"": 1.5, ""lookback"": 504, ""max_holding_days"": 120, ""max_positions_per_side"": 50, ""min_history"": 126, ""min_holding_days"": 21, ""n_components"": 8, ""vol_target"": 0.08, ""zscore_window"": 60}"
1.5,504,120,50,252,63,5,0.15,40,0.0253416808414626,0.0010036093487717501,0.07157515569555045,-0.23129975950531587,-0.2964196981288845,0.004344459838291126,-0.23100900598186114,0.07894935670699064,95.73723556545252,2.1382290207043897,299542.9796529371,103.77362298965454,"{""entry_zscore"": 1.5, ""lookback"": 504, ""max_holding_days"": 120, ""max_positions_per_side"": 50, ""min_history"": 252, ""min_holding_days"": 63, ""n_components"": 5, ""vol_target"": 0.15, ""zscore_window"": 40}"
1.5,504,180,30,252,21,3,0.15,60,1.0375325532744366,0.028939283692335893,0.08176517141966297,0.13918344262030158,0.2721497878685025,0.10402151328409531,-0.2782047941688679,0.09374894304471468,57.442341339271515,1.8779144391266536,477470.12601719913,101.3667471408844,"{""entry_zscore"": 1.5, ""lookback"": 504, ""max_holding_days"": 180, ""max_positions_per_side"": 30, ""min_history"": 252, ""min_holding_days"": 21, ""n_components"": 3, ""vol_target"": 0.15, ""zscore_window"": 60}"
1.5,504,180,30,252,42,5,0.2,40,0.5142593359482639,0.016770447248760645,0.09169505038688687,-0.008598919959372451,0.054704334870914535,0.04371570264872375,-0.3836252475116112,0.09849891979750808,57.442341339271515,2.218395750677125,421386.4823746017,106.86671757698059,"{""entry_zscore"": 1.5, ""lookback"": 504, ""max_holding_days"": 180, ""max_positions_per_side"": 30, ""min_history"": 252, ""min_holding_days"": 42, ""n_components"": 5, ""vol_target"": 0.2, ""zscore_window"": 40}"
1.5,504,180,30,252,63,5,0.08,60,0.2379718877994812,0.008593347839290333,0.057021138815346886,-0.15723252805334617,-0.19381163898663092,0.03335746911924551,-0.257613903757837,0.05838584349251479,57.442341339271515,1.4132316452662628,207614.25044216003,101.95047378540039,"{""entry_zscore"": 1.5, ""lookback"": 504, ""max_holding_days"": 180, ""max_positions_per_side"": 30, ""min_history"": 252, ""min_holding_days"": 63, ""n_components"": 5, ""vol_target"": 0.08, ""zscore_window"": 60}"
2.0,126,90,30,126,21,8,0.1,60,0.5703628332072603,0.018254203400791535,0.06727713128877434,0.01033453329184145,0.06129439359354261,0.09254139967244582,-0.1972544554696931,0.07040186179050509,57.42738985207571,1.6166001215275743,380620.6893311791,105.98922038078308,"{""entry_zscore"": 2.0, ""lookback"": 126, ""max_holding_days"": 90, ""max_positions_per_side"": 30, ""min_history"": 126, ""min_holding_days"": 21, ""n_components"": 8, ""vol_target"": 0.1, ""zscore_window"": 60}"
2.0,126,90,30,126,42,10,0.08,40,-0.024634820933814194,-0.0009992968611715058,0.057332836375535705,-0.3236927332065247,-0.4476219719040503,-0.00441554283970393,-0.22631347887421027,0.05792957497270133,58.076984253220935,1.4867292999528314,243656.1948012991,103.63502287864685,"{""entry_zscore"": 2.0, ""lookback"": 126, ""max_holding_days"": 90, ""max_positions_per_side"": 30, ""min_history"": 126, ""min_holding_days"": 42, ""n_components"": 10, ""vol_target"": 0.08, ""zscore_window"": 40}"
2.0,126,90,30,126,42,10,0.15,40,-0.05033381173488416,-0.002067919932220885,0.0785322939447809,-0.2499206962390452,-0.31946283379984675,-0.0068856206001409945,-0.3003244082571934,0.07959396708467566,58.076984253220935,2.0341392869425974,342276.16141085874,104.2762176990509,"{""entry_zscore"": 2.0, ""lookback"": 126, ""max_holding_days"": 90, ""max_positions_per_side"": 30, ""min_history"": 126, ""min_holding_days"": 42, ""n_components"": 10, ""vol_target"": 0.15, ""zscore_window"": 40}"
2.0,126,90,30,252,21,5,0.2,60,0.7709666632523546,0.023172702610576135,0.09564566904642269,0.058693477904820934,0.15434085485323093,0.07267073441087382,-0.3188725530081993,0.09812219785090939,57.32797836806108,2.2786663697454075,626237.8999187213,106.93781089782715,"{""entry_zscore"": 2.0, ""lookback"": 126, ""max_holding_days"": 90, ""max_positions_per_side"": 30, ""min_history"": 252, ""min_holding_days"": 21, ""n_components"": 5, ""vol_target"": 0.2, ""zscore_window"": 60}"
2.0,126,90,30,252,21,10,0.1,90,0.2399521996135996,0.008657967215451201,0.0679150647526493,-0.13106014791673581,-0.148991492234485,0.027427623715203533,-0.31566596163604077,0.07060211446912242,56.027198982026405,1.6050989507130364,318926.2449138506,106.02242588996887,"{""entry_zscore"": 2.0, ""lookback"": 126, ""max_holding_days"": 90, ""max_positions_per_side"": 30, ""min_history"": 252, ""min_holding_days"": 21, ""n_components"": 10, ""vol_target"": 0.1, ""zscore_window"": 90}"
2.0,126,90,30,252,63,10,0.15,60,-0.21535510545769476,-0.009673923949478747,0.07894110833682606,-0.3449767829581222,-0.463248534815123,-0.029959779801470007,-0.32289703107244083,0.08211486597379294,58.516621600127245,2.019035415176309,247493.29276062912,105.09290981292725,"{""entry_zscore"": 2.0, ""lookback"": 126, ""max_holding_days"": 90, ""max_positions_per_side"": 30, ""min_history"": 252, ""min_holding_days"": 63, ""n_components"": 10, ""vol_target"": 0.15, ""zscore_window"": 60}"
2.0,126,90,50,126,21,8,0.2,60,1.8003849341115625,0.04213912003124709,0.08990916822040448,0.27338918677662305,0.48301330380037855,0.12183999800461111,-0.34585621077942164,0.09120226402160683,77.65532050262446,2.4098489521380952,975175.6227567049,106.90971779823303,"{""entry_zscore"": 2.0, ""lookback"": 126, ""max_holding_days"": 90, ""max_positions_per_side"": 50, ""min_history"": 126, ""min_holding_days"": 21, ""n_components"": 8, ""vol_target"": 0.2, ""zscore_window"": 60}"
2.0,126,90,50,126,21,10,0.15,60,1.0600479241037966,0.02939262830995104,0.07758003847621905,0.15253540594556894,0.29023036825825294,0.08823461633399377,-0.33311901304915714,0.08121880205261683,76.709241291554,2.0990898975201056,618865.7374457574,106.84095740318298,"{""entry_zscore"": 2.0, ""lookback"": 126, ""max_holding_days"": 90, ""max_positions_per_side"": 50, ""min_history"": 126, ""min_holding_days"": 21, ""n_components"": 10, ""vol_target"": 0.15, ""zscore_window"": 60}"
2.0,126,90,50,126,63,10,0.2,90,-0.13266572930335407,-0.005688762706514305,0.08747577182387119,-0.2657614545091487,-0.34249608920527036,-0.014794587886675528,-0.38451646981243626,0.09197342325585912,80.89454429775728,2.4846868397269044,365794.78593351314,106.06010365486145,"{""entry_zscore"": 2.0, ""lookback"": 126, ""max_holding_days"": 90, ""max_positions_per_side"": 50, ""min_history"": 126, ""min_holding_days"": 63, ""n_components"": 10, ""vol_target"": 0.2, ""zscore_window"": 90}"
2.0,126,90,50,252,42,5,0.1,90,0.15586171231978985,0.005822712228832572,0.06564923885782409,-0.1787715078356436,-0.22457408398485143,0.028977878552553737,-0.20093645634799007,0.07371636267888829,73.88356926992206,1.659800606471067,297343.1604611409,108.04835867881775,"{""entry_zscore"": 2.0, ""lookback"": 126, ""max_holding_days"": 90, ""max_positions_per_side"": 50, ""min_history"": 252, ""min_holding_days"": 42, ""n_components"": 5, ""vol_target"": 0.1, ""zscore_window"": 90}"
2.0,126,120,30,126,21,5,0.08,90,0.28881646178414444,0.010221848445176818,0.060940998309782585,-0.12039640645915548,-0.14196276724610482,0.04254124273725805,-0.24028090830135573,0.06912660319617223,57.02210911404485,1.4155736948480573,269247.6635599079,105.67256665229797,"{""entry_zscore"": 2.0, ""lookback"": 126, ""max_holding_days"": 120, ""max_positions_per_side"": 30, ""min_history"": 126, ""min_holding_days"": 21, ""n_components"": 5, ""vol_target"": 0.08, ""zscore_window"": 90}"
2.0,126,120,30,126,42,8,0.2,40,-0.0022094690504289582,-8.865555915615886e-05,0.09252951251662998,-0.19072381045661008,-0.2129675471161605,-0.00016811900258082658,-0.5273381223727872,0.09045471483152653,58.39589629393988,2.351706335431956,516922.55190579954,104.27216029167175,"{""entry_zscore"": 2.0, ""lookback"": 126, ""max_holding_days"": 120, ""max_positions_per_side"": 30, ""min_history"": 126, ""min_holding_days"": 42, ""n_components"": 8, ""vol_target"": 0.2, ""zscore_window"": 40}"
2.0,126,120,30,126,63,5,0.1,60,0.42698185593963567,0.01435391570916722,0.06482362801456205,-0.04944200188580793,-0.028682021952340632,0.08657631021874199,-0.16579495791517218,0.062208080133528694,58.89136313026881,1.643851422094606,250741.1889925994,104.12964820861816,"{""entry_zscore"": 2.0, ""lookback"": 126, ""max_holding_days"": 120, ""max_positions_per_side"": 30, ""min_history"": 126, ""min_holding_days"": 63, ""n_components"": 5, ""vol_target"": 0.1, ""zscore_window"": 60}"
2.0,126,120,30,126,63,8,0.15,40,-0.1232773350634162,-0.005259584174707177,0.0784316891356553,-0.29093482588330377,-0.3733448728268198,-0.015548850317017446,-0.33826193367819757,0.0835392620465474,58.95148719580086,2.0551944333764123,260428.7309424607,103.54203987121582,"{""entry_zscore"": 2.0, ""lookback"": 126, ""max_holding_days"": 120, ""max_positions_per_side"": 30, ""min_history"": 126, ""min_holding_days"": 63, ""n_components"": 8, ""vol_target"": 0.15, ""zscore_window"": 40}"
2.0,126,120,30,252,21,3,0.1,60,0.46710273514765643,0.015481905041702326,0.06702244250457044,-0.030989927080979553,0.0011444186557281882,0.07926901262536674,-0.19530841282042144,0.0745587763160092,57.33211388579609,1.5925496697532107,335972.2863036045,108.31595230102539,"{""entry_zscore"": 2.0, ""lookback"": 126, ""max_holding_days"": 120, ""max_positions_per_side"": 30, ""min_history"": 252, ""min_holding_days"": 21, ""n_components"": 3, ""vol_target"": 0.1, ""zscore_window"": 60}"
2.0,126,120,30,252,42,3,0.1,90,0.11723015810401383,0.004453156580685569,0.06917178106700095,-0.18946698877578522,-0.22958267609680033,0.0154937678373898,-0.28741598734551466,0.07797509179669161,57.30586925401622,1.5727682918551444,244808.12048576027,107.30516052246094,"{""entry_zscore"": 2.0, ""lookback"": 126, ""max_holding_days"": 120, ""max_positions_per_side"": 30, ""min_history"": 252, ""min_holding_days"": 42, ""n_components"": 3, ""vol_target"": 0.1, ""zscore_window"": 90}"
2.0,126,120,30,252,63,3,0.2,90,-0.14881050440931864,-0.006437337373526586,0.09775167337010204,-0.24548186433987024,-0.29446232912187204,-0.018062513687443403,-0.3563921104736191,0.11324217969383435,58.33195482742166,2.2332900637840627,290716.63601149735,105.93212151527405,"{""entry_zscore"": 2.0, ""lookback"": 126, ""max_holding_days"": 120, ""max_positions_per_side"": 30, ""min_history"": 252, ""min_holding_days"": 63, ""n_components"": 3, ""vol_target"": 0.2, ""zscore_window"": 90}"
2.0,126,120,50,126,21,3,0.1,60,0.827328114440183,0.02445837312567889,0.06410900488857299,0.10762056734405126,0.20252583329076682,0.1502801996652445,-0.16275180083710927,0.07476517098350893,81.48751391760776,1.7014034567493115,427656.1575362806,105.41664624214172,"{""entry_zscore"": 2.0, ""lookback"": 126, ""max_holding_days"": 120, ""max_positions_per_side"": 50, ""min_history"": 126, ""min_holding_days"": 21, ""n_components"": 3, ""vol_target"": 0.1, ""zscore_window"": 60}"
2.0,126,120,50,126,21,5,0.2,90,0.37592160508910033,0.012873504627628707,0.09354089668490931,-0.05008954570814252,-0.006527047428323941,0.036137098314878824,-0.3562406841704904,0.10641495578597462,73.72180690313346,2.329060956100198,543068.7005592741,119.84469699859619,"{""entry_zscore"": 2.0, ""lookback"": 126, ""max_holding_days"": 120, ""max_positions_per_side"": 50, ""min_history"": 126, ""min_holding_days"": 21, ""n_components"": 5, ""vol_target"": 0.2, ""zscore_window"": 90}"
2.0,126,120,50,126,63,5,0.15,60,0.678212734818195,0.020968816634970855,0.07254857575996905,0.04700148764525106,0.12461428779991504,0.0801409292941947,-0.26164928232857176,0.07884974021088864,92.53205026244632,2.2093992340899042,380807.01413371135,107.08023595809937,"{""entry_zscore"": 2.0, ""lookback"": 126, ""max_holding_days"": 120, ""max_positions_per_side"": 50, ""min_history"": 126, ""min_holding_days"": 63, ""n_components"": 5, ""vol_target"": 0.15, ""zscore_window"": 60}"
2.0,126,120,50,252,21,3,0.08,60,0.6867099240349923,0.02117551861593525,0.05736568945551175,0.06304453066901398,0.13190009388900528,0.14489103778901047,-0.1461478842243571,0.0670192821945095,80.9416255765866,1.5186032057449332,360013.0780451792,109.28741335868835,"{""entry_zscore"": 2.0, ""lookback"": 126, ""max_holding_days"": 120, ""max_positions_per_side"": 50, ""min_history"": 252, ""min_holding_days"": 21, ""n_components"": 3, ""vol_target"": 0.08, ""zscore_window"": 60}"
2.0,126,120,50,252,42,8,0.08,40,-0.006916324168064647,-0.0002781494601192813,0.05403258393103702,-0.33011701107230484,-0.4557540441142415,-0.0008852369778315899,-0.3142090390311252,0.053373711715060175,87.13774455225068,1.6063993907085428,277566.12026558997,109.38515424728394,"{""entry_zscore"": 2.0, ""lookback"": 126, ""max_holding_days"": 120, ""max_positions_per_side"": 50, ""min_history"": 252, ""min_holding_days"": 42, ""n_components"": 8, ""vol_target"": 0.08, ""zscore_window"": 40}"
2.0,126,120,50,252,63,3,0.15,40,0.23228025295544308,0.008407070690808371,0.07475948918153988,-0.12241730189830638,-0.12792563025627665,0.023705377504108754,-0.35464825183025284,0.0737801189988705,92.09193574041673,2.184173900050669,294949.26322310866,109.30427742004395,"{""entry_zscore"": 2.0, ""lookback"": 126, ""max_holding_days"": 120, ""max_positions_per_side"": 50, ""min_history"": 252, ""min_holding_days"": 63, ""n_components"": 3, ""vol_target"": 0.15, ""zscore_window"": 40}"
2.0,126,120,50,252,63,8,0.2,90,-0.037254295686438677,-0.0015206215878704743,0.08752652992036188,-0.217985875287625,-0.2698883263133307,-0.004220138877742262,-0.36032501107735915,0.09813171137631714,86.29171305869254,2.4717973135486915,356072.5562553457,108.6786904335022,"{""entry_zscore"": 2.0, ""lookback"": 126, ""max_holding_days"": 120, ""max_positions_per_side"": 50, ""min_history"": 252, ""min_holding_days"": 63, ""n_components"": 8, ""vol_target"": 0.2, ""zscore_window"": 90}"
2.0,126,180,30,126,21,5,0.15,60,0.9948853376430928,0.02806724838821939,0.08132330174224463,0.12921662691238928,0.2543879204158727,0.15602601346480602,-0.17988826199517283,0.08298108119514336,58.12120248131064,1.9798612728028002,480396.36535238556,104.58985567092896,"{""entry_zscore"": 2.0, ""lookback"": 126, ""max_holding_days"": 180, ""max_positions_per_side"": 30, ""min_history"": 126, ""min_holding_days"": 21, ""n_components"": 5, ""vol_target"": 0.15, ""zscore_window"": 60}"
2.0,126,180,30,252,42,3,0.08,90,0.15160259348617422,0.005673892111551115,0.06193921964638953,-0.19188219683761834,-0.24029682275743894,0.022673730079606724,-0.25024078930243354,0.06960695287096862,57.66486400508987,1.4070967767606293,215193.94497180116,106.21377730369568,"{""entry_zscore"": 2.0, ""lookback"": 126, ""max_holding_days"": 180, ""max_positions_per_side"": 30, ""min_history"": 252, ""min_holding_days"": 42, ""n_components"": 3, ""vol_target"": 0.08, ""zscore_window"": 90}"
2.0,126,180,30,252,42,5,0.1,40,0.36649706266638304,0.012594500459193858,0.06509415551328174,-0.07626529831086472,-0.0688835755050309,0.05349170077377206,-0.2354477475386082,0.06455802724797015,58.59074280260856,1.6615597802574296,326450.6162165695,106.0296573638916,"{""entry_zscore"": 2.0, ""lookback"": 126, ""max_holding_days"": 180, ""max_positions_per_side"": 30, ""min_history"": 252, ""min_holding_days"": 42, ""n_components"": 5, ""vol_target"": 0.1, ""zscore_window"": 40}"
2.0,126,180,50,126,63,8,0.08,90,0.011638212265343784,0.0004639049803702999,0.05552508008445795,-0.3078792617918778,-0.42521425898451365,0.0021009517108307846,-0.22080706471204747,0.0624668324937239,88.99141084778114,1.5727352128968737,199762.09630304278,107.3464515209198,"{""entry_zscore"": 2.0, ""lookback"": 126, ""max_holding_days"": 180, ""max_positions_per_side"": 50, ""min_history"": 126, ""min_holding_days"": 63, ""n_components"": 8, ""vol_target"": 0.08, ""zscore_window"": 90}"
2.0,126,180,50,252,21,3,0.08,60,0.6589329879404018,0.02049606833572226,0.05706686965737368,0.051468438792045094,0.11466953350662086,0.13686266919477766,-0.1497564562806608,0.06604811794670626,83.00493080960713,1.5275334558108973,342950.71725679137,111.72393250465393,"{""entry_zscore"": 2.0, ""lookback"": 126, ""max_holding_days"": 180, ""max_positions_per_side"": 50, ""min_history"": 252, ""min_holding_days"": 21, ""n_components"": 3, ""vol_target"": 0.08, ""zscore_window"": 60}"
2.0,126,180,50,252,42,8,0.1,60,0.6119485658615988,0.01932152968854428,0.06109304339838757,0.028851141517737725,0.08576819365198034,0.08396705470896207,-0.23010846046124367,0.06602890319525448,88.97773182758073,1.7707908657469484,374637.2458051762,108.68492126464844,"{""entry_zscore"": 2.0, ""lookback"": 126, ""max_holding_days"": 180, ""max_positions_per_side"": 50, ""min_history"": 252, ""min_holding_days"": 42, ""n_components"": 8, ""vol_target"": 0.1, ""zscore_window"": 60}"
2.0,189,90,30,126,42,3,0.2,90,0.28590439504830534,0.010130256875432009,0.10027060766954013,-0.0740862047705806,-0.036291730238255285,0.034221473419157475,-0.2960204767150968,0.12211292796105178,56.83298870685542,2.2387843839278556,451908.95212432346,108.30338335037231,"{""entry_zscore"": 2.0, ""lookback"": 189, ""max_holding_days"": 90, ""max_positions_per_side"": 30, ""min_history"": 126, ""min_holding_days"": 42, ""n_components"": 3, ""vol_target"": 0.2, ""zscore_window"": 90}"
2.0,189,90,30,126,63,8,0.2,40,0.0021648939153871005,8.668477887674442e-05,0.09101233949737118,-0.19197661509773667,-0.2155991599616492,0.0003180631887245881,-0.27253948884919543,0.09404123451095878,58.53045967870209,2.3629589479561024,323173.39441491006,116.45528054237366,"{""entry_zscore"": 2.0, ""lookback"": 189, ""max_holding_days"": 90, ""max_positions_per_side"": 30, ""min_history"": 126, ""min_holding_days"": 63, ""n_components"": 8, ""vol_target"": 0.2, ""zscore_window"": 40}"
2.0,189,90,30,252,42,3,0.2,40,1.1324128556638144,0.03081814053791021,0.09786213815956621,0.13548871033844245,0.2699818973621795,0.1378613018687014,-0.2235445343992275,0.09616699765307384,57.65023063464292,2.266914877105043,649392.9898770923,111.88909578323364,"{""entry_zscore"": 2.0, ""lookback"": 189, ""max_holding_days"": 90, ""max_positions_per_side"": 30, ""min_history"": 252, ""min_holding_days"": 42, ""n_components"": 3, ""vol_target"": 0.2, ""zscore_window"": 40}"
2.0,189,90,50,126,42,8,0.2,90,0.6406807513881823,0.020043629853643274,0.08993718997556675,0.027627105167619594,0.1097762577447389,0.08154329585179816,-0.2458035285950645,0.11212545637582355,78.83919198345792,2.443871786401307,616879.8202964163,110.05704045295715,"{""entry_zscore"": 2.0, ""lookback"": 189, ""max_holding_days"": 90, ""max_positions_per_side"": 50, ""min_history"": 126, ""min_holding_days"": 42, ""n_components"": 8, ""vol_target"": 0.2, ""zscore_window"": 90}"
2.0,189,90,50,126,42,10,0.15,40,0.22343872601317183,0.008116058776566293,0.07446964898317245,-0.1268015493570485,-0.1294947779048678,0.030305403468529328,-0.2678089663117147,0.07770394528267922,86.70669635756323,2.185274260536135,429660.9404987096,112.68064856529236,"{""entry_zscore"": 2.0, ""lookback"": 189, ""max_holding_days"": 90, ""max_positions_per_side"": 50, ""min_history"": 126, ""min_holding_days"": 42, ""n_components"": 10, ""vol_target"": 0.15, ""zscore_window"": 40}"
2.0,189,90,50,126,63,3,0.2,40,0.19180337311532125,0.007058008128185245,0.09093542916688825,-0.11547663672704694,-0.1060344225872108,0.024152806928429377,-0.2922231005737691,0.08942950771469434,90.53061873707651,2.512395128667225,414105.5574770906,111.02220320701599,"{""entry_zscore"": 2.0, ""lookback"": 189, ""max_holding_days"": 90, ""max_positions_per_side"": 50, ""min_history"": 126, ""min_holding_days"": 63, ""n_components"": 3, ""vol_target"": 0.2, ""zscore_window"": 40}"
2.0,189,90,50,252,42,10,0.08,60,0.8926093592696502,0.025900768509075967,0.0548700235062887,0.1520291468512273,0.2600520210971466,0.1448609280932304,-0.1787974773460419,0.055773677862042306,84.68092890090664,1.5975088251948601,373944.1881913937,114.4781243801117,"{""entry_zscore"": 2.0, ""lookback"": 189, ""max_holding_days"": 90, ""max_positions_per_side"": 50, ""min_history"": 252, ""min_holding_days"": 42, ""n_components"": 10, ""vol_target"": 0.08, ""zscore_window"": 60}"
2.0,189,120,30,126,42,3,0.15,90,-0.13135183969913022,-0.005628432302632325,0.08501244824254663,-0.27275250189460765,-0.34664383943811417,-0.015283301701149964,-0.3682733229174442,0.10008594361786578,57.86973119134723,1.9481194817679335,288557.2686357084,109.58059191703796,"{""entry_zscore"": 2.0, ""lookback"": 189, ""max_holding_days"": 120, ""max_positions_per_side"": 30, ""min_history"": 126, ""min_holding_days"": 42, ""n_components"": 3, ""vol_target"": 0.15, ""zscore_window"": 90}"
2.0,189,120,50,126,63,10,0.1,40,-0.03612408068410189,-0.0014736645086931288,0.058607313574260717,-0.32474769778152757,-0.43935302559280254,-0.006335067026518012,-0.23262019210286233,0.06332952878608035,93.3275011929378,1.8307975065968387,241293.47574245787,112.11955189704895,"{""entry_zscore"": 2.0, ""lookback"": 189, ""max_holding_days"": 120, ""max_positions_per_side"": 50, ""min_history"": 126, ""min_holding_days"": 63, ""n_components"": 10, ""vol_target"": 0.1, ""zscore_window"": 40}"
2.0,189,120,50,252,21,5,0.08,90,0.11055110841107574,0.004211772845327033,0.05835879922527246,-0.22870848920073478,-0.28769516962932945,0.021808505207649886,-0.19312524197438563,0.07294626887826389,79.01304278670273,1.5175255075598568,276475.6645516008,115.97126460075378,"{""entry_zscore"": 2.0, ""lookback"": 189, ""max_holding_days"": 120, ""max_positions_per_side"": 50, ""min_history"": 252, ""min_holding_days"": 21, ""n_components"": 5, ""vol_target"": 0.08, ""zscore_window"": 90}"
2.0,189,120,50,252,21,5,0.15,60,1.13481532338731,0.03086466599739013,0.07903957680436342,0.1683427579909242,0.303192595451159,0.13860948647785934,-0.22267354696765485,0.08889420169037199,82.79815492285668,2.1107063380364446,662033.1205365434,114.49029517173767,"{""entry_zscore"": 2.0, ""lookback"": 189, ""max_holding_days"": 120, ""max_positions_per_side"": 50, ""min_history"": 252, ""min_holding_days"": 21, ""n_components"": 5, ""vol_target"": 0.15, ""zscore_window"": 60}"
2.0,189,120,50,252,21,5,0.15,90,0.1574513670604949,0.005878122329730395,0.0798020757499183,-0.1463721740093919,-0.1537555104388524,0.022390607873347047,-0.2625262504251836,0.10020172883632487,79.01304278670273,2.0763800655927698,410106.9371706771,113.72802758216858,"{""entry_zscore"": 2.0, ""lookback"": 189, ""max_holding_days"": 120, ""max_positions_per_side"": 50, ""min_history"": 252, ""min_holding_days"": 21, ""n_components"": 5, ""vol_target"": 0.15, ""zscore_window"": 90}"
2.0,189,120,50,252,21,8,0.15,90,0.282671488789205,0.010028340613359,0.07775082202161081,-0.09685537514003371,-0.0897195999016558,0.034790020860479776,-0.28825336591708794,0.10151715024491308,79.60060442182281,2.1114016218087577,455747.3487180831,113.00808310508728,"{""entry_zscore"": 2.0, ""lookback"": 189, ""max_holding_days"": 120, ""max_positions_per_side"": 50, ""min_history"": 252, ""min_holding_days"": 21, ""n_components"": 8, ""vol_target"": 0.15, ""zscore_window"": 90}"
2.0,189,120,50,252,42,3,0.2,60,0.9239881124778626,0.02657717018260808,0.0920031013442496,0.09802109280160293,0.2099137484960258,0.1095396656557818,-0.2426259932737458,0.10329769394079187,85.89883887386671,2.4434171264688236,596489.3908831207,112.8550157546997,"{""entry_zscore"": 2.0, ""lookback"": 189, ""max_holding_days"": 120, ""max_positions_per_side"": 50, ""min_history"": 252, ""min_holding_days"": 42, ""n_components"": 3, ""vol_target"": 0.2, ""zscore_window"": 60}"
2.0,189,180,30,126,21,3,0.2,40,1.8545312295397913,0.042939387792164885,0.09750874274490415,0.26028909234175485,0.4430919629337849,0.23268351837573922,-0.184539876704228,0.10350265629800567,57.59058374423413,2.2320117300630113,690720.3557624674,108.31710577011108,"{""entry_zscore"": 2.0, ""lookback"": 189, ""max_holding_days"": 180, ""max_positions_per_side"": 30, ""min_history"": 126, ""min_holding_days"": 21, ""n_components"": 3, ""vol_target"": 0.2, ""zscore_window"": 40}"
2.0,252,90,30,126,63,8,0.08,60,-0.10069246711180946,-0.004244951470947278,0.05911116613580045,-0.3688622394720437,-0.5041255764147915,-0.01751400319806723,-0.2423747114203869,0.059026290931593194,58.18212183871481,1.4776802310899912,208992.68941232515,117.7747437953949,"{""entry_zscore"": 2.0, ""lookback"": 252, ""max_holding_days"": 90, ""max_positions_per_side"": 30, ""min_history"": 126, ""min_holding_days"": 63, ""n_components"": 8, ""vol_target"": 0.08, ""zscore_window"": 60}"
2.0,252,90,30,252,63,8,0.2,90,0.2769584284899671,0.00984763396362287,0.09285209238828565,-0.08304919669271886,-0.05576130656421761,0.034945237268083656,-0.28180189157327473,0.1039562842985188,58.120884364561796,2.3317001080837594,455177.07006885327,116.46119976043701,"{""entry_zscore"": 2.0, ""lookback"": 252, ""max_holding_days"": 90, ""max_positions_per_side"": 30, ""min_history"": 252, ""min_holding_days"": 63, ""n_components"": 8, ""vol_target"": 0.2, ""zscore_window"": 90}"
2.0,252,90,50,252,21,5,0.2,60,1.2045303002989343,0.032193307049627196,0.09207703693753744,0.15893627649906517,0.2942723087682189,0.1092311905548572,-0.29472632208892147,0.10406281599056445,78.90376968347384,2.4105287589249014,947488.3936917668,120.02968740463257,"{""entry_zscore"": 2.0, ""lookback"": 252, ""max_holding_days"": 90, ""max_positions_per_side"": 50, ""min_history"": 252, ""min_holding_days"": 21, ""n_components"": 5, ""vol_target"": 0.2, ""zscore_window"": 60}"
2.0,252,120,30,126,21,5,0.2,90,-0.053704422078426295,-0.0022101320306626704,0.09804161024877332,-0.20163946336874985,-0.2240134799027862,-0.005081157295196592,-0.43496626895451374,0.11477672819716436,57.889772546524576,2.2812692134416825,417992.20891157974,115.37783479690552,"{""entry_zscore"": 2.0, ""lookback"": 252, ""max_holding_days"": 120, ""max_positions_per_side"": 30, ""min_history"": 126, ""min_holding_days"": 21, ""n_components"": 5, ""vol_target"": 0.2, ""zscore_window"": 90}"
2.0,252,120,30,126,42,3,0.2,40,1.0568099386456442,0.029327725492638512,0.09737299159326819,0.12086308176798412,0.25432068718484285,0.11580484500510267,-0.2532512822874229,0.09759621315921731,57.97995864482265,2.2909272477802993,528159.4017294185,114.48576927185059,"{""entry_zscore"": 2.0, ""lookback"": 252, ""max_holding_days"": 120, ""max_positions_per_side"": 30, ""min_history"": 126, ""min_holding_days"": 42, ""n_components"": 3, ""vol_target"": 0.2, ""zscore_window"": 40}"
2.0,252,120,30,126,63,5,0.15,40,0.02292331202336717,0.0009088681751348027,0.07837519683903117,-0.21244039114529545,-0.26362595035255026,0.0022418547260564053,-0.40540904126003363,0.0791773223321186,58.98918403053921,2.033461254429635,239733.3893795232,114.6991708278656,"{""entry_zscore"": 2.0, ""lookback"": 252, ""max_holding_days"": 120, ""max_positions_per_side"": 30, ""min_history"": 126, ""min_holding_days"": 63, ""n_components"": 5, ""vol_target"": 0.15, ""zscore_window"": 40}"
2.0,252,120,30,252,63,5,0.2,90,-0.44603970776838975,-0.023397282421429355,0.09398364208386659,-0.4357801757947417,-0.6029195960407303,-0.045465776367813134,-0.5146130626286443,0.11685774496229108,58.70017496421187,2.3173278823312327,254939.8466953771,116.28953862190247,"{""entry_zscore"": 2.0, ""lookback"": 252, ""max_holding_days"": 120, ""max_positions_per_side"": 30, ""min_history"": 252, ""min_holding_days"": 63, ""n_components"": 5, ""vol_target"": 0.2, ""zscore_window"": 90}"
2.0,252,120,50,252,21,10,0.08,40,0.22701443897632068,0.008233992921203859,0.056046229373448886,-0.16637930563303527,-0.20928168730100133,0.03525715758534045,-0.23354103067649068,0.05841038206517074,79.80865277556863,1.5556205802761227,319057.9245035719,120.26161980628967,"{""entry_zscore"": 2.0, ""lookback"": 252, ""max_holding_days"": 120, ""max_positions_per_side"": 50, ""min_history"": 252, ""min_holding_days"": 21, ""n_components"": 10, ""vol_target"": 0.08, ""zscore_window"": 40}"
2.0,252,120,50,252,42,10,0.08,60,0.28614197616463,0.01013773683395458,0.05581085345027962,-0.1329703517321208,-0.15330063923642684,0.045491601621290484,-0.22284853627158352,0.06015611184541695,87.71162716717035,1.5894276148269117,321102.6870980062,119.45937609672546,"{""entry_zscore"": 2.0, ""lookback"": 252, ""max_holding_days"": 120, ""max_positions_per_side"": 50, ""min_history"": 252, ""min_holding_days"": 42, ""n_components"": 10, ""vol_target"": 0.08, ""zscore_window"": 60}"
2.0,252,180,30,126,21,5,0.2,90,-0.1915098166400302,-0.008484851525006776,0.0992649381480459,-0.2623663265056653,-0.3083783584018308,-0.01635299607687149,-0.5188560851553767,0.1177481063545966,58.51169079052012,2.2721745726227742,357014.46079503355,114.87615513801575,"{""entry_zscore"": 2.0, ""lookback"": 252, ""max_holding_days"": 180, ""max_positions_per_side"": 30, ""min_history"": 126, ""min_holding_days"": 21, ""n_components"": 5, ""vol_target"": 0.2, ""zscore_window"": 90}"
2.0,252,180,30,252,42,3,0.15,90,-0.15876096639408688,-0.006905522816438858,0.08589150336990653,-0.28482966887640343,-0.35343126835698163,-0.01616057826950625,-0.42730666571932274,0.0943232003144695,58.32447908382376,1.9563316976597804,267895.12520413793,115.89929986000061,"{""entry_zscore"": 2.0, ""lookback"": 252, ""max_holding_days"": 180, ""max_positions_per_side"": 30, ""min_history"": 252, ""min_holding_days"": 42, ""n_components"": 3, ""vol_target"": 0.15, ""zscore_window"": 90}"
2.0,252,180,50,252,21,5,0.1,40,0.4394165404797774,0.014706735590084286,0.06364011225762607,-0.04481748941732959,-0.021939328507492802,0.06366093182014027,-0.23101665604950428,0.07064180239921951,82.44711309050422,1.7130893533320266,359561.1042671425,118.06643843650818,"{""entry_zscore"": 2.0, ""lookback"": 252, ""max_holding_days"": 180, ""max_positions_per_side"": 50, ""min_history"": 252, ""min_holding_days"": 21, ""n_components"": 5, ""vol_target"": 0.1, ""zscore_window"": 40}"
2.0,252,180,50,252,21,10,0.2,90,-0.025635906013897425,-0.0010404156815290166,0.08913184907225129,-0.20867222572887822,-0.2471714858829229,-0.0021957068201316214,-0.47384089350628744,0.10599943607079404,83.50389693017337,2.465988637210558,469204.1293470826,118.68550157546997,"{""entry_zscore"": 2.0, ""lookback"": 252, ""max_holding_days"": 180, ""max_positions_per_side"": 50, ""min_history"": 252, ""min_holding_days"": 21, ""n_components"": 10, ""vol_target"": 0.2, ""zscore_window"": 90}"
2.0,252,180,50,252,63,10,0.15,60,0.04782665974645295,0.0018743453183465153,0.07390765944299954,-0.21221860423625175,-0.2513599998986127,0.0051731472101332904,-0.3623220531352753,0.08155857492699992,94.08255129632575,2.2277392703681365,337499.8067217074,118.50059509277344,"{""entry_zscore"": 2.0, ""lookback"": 252, ""max_holding_days"": 180, ""max_positions_per_side"": 50, ""min_history"": 252, ""min_holding_days"": 63, ""n_components"": 10, ""vol_target"": 0.15, ""zscore_window"": 60}"
2.0,504,90,50,252,21,3,0.2,90,0.6184256522266909,0.019485385033198632,0.09269228311755316,0.020783384772682434,0.09806324158367695,0.07693790721370947,-0.2532611782521498,0.11145896229918131,66.70160648958168,2.225928031940753,611029.1976804028,100.5378589630127,"{""entry_zscore"": 2.0, ""lookback"": 504, ""max_holding_days"": 90, ""max_positions_per_side"": 50, ""min_history"": 252, ""min_holding_days"": 21, ""n_components"": 3, ""vol_target"": 0.2, ""zscore_window"": 90}"
2.0,504,90,50,252,42,8,0.15,90,0.8590466192446877,0.02516526848196654,0.074561865313322,0.10201384853095143,0.20482246703761872,0.10111342120017724,-0.24888158449456588,0.08888282886616582,72.67742961666931,2.0424037595204116,570802.366361066,104.00137042999268,"{""entry_zscore"": 2.0, ""lookback"": 504, ""max_holding_days"": 90, ""max_positions_per_side"": 50, ""min_history"": 252, ""min_holding_days"": 42, ""n_components"": 8, ""vol_target"": 0.15, ""zscore_window"": 90}"
2.0,504,90,50,252,63,8,0.1,90,0.2979884453977759,0.010509036895968826,0.0596761847393785,-0.11813571498459544,-0.1330437037617501,0.03843935980659113,-0.2733926097844861,0.07167157542239964,77.37044695403213,1.7031474411038847,349752.2235988533,102.96545624732971,"{""entry_zscore"": 2.0, ""lookback"": 504, ""max_holding_days"": 90, ""max_positions_per_side"": 50, ""min_history"": 252, ""min_holding_days"": 63, ""n_components"": 8, ""vol_target"": 0.1, ""zscore_window"": 90}"
2.0,504,120,30,126,21,3,0.08,90,0.17513976376452045,0.006489800001427071,0.06030493139445091,-0.1835525783766929,-0.22827542358102335,0.028335091090827085,-0.22903755560990635,0.07513271332105895,55.00397645936059,1.3703673661188756,247717.3947261573,99.97750306129456,"{""entry_zscore"": 2.0, ""lookback"": 504, ""max_holding_days"": 120, ""max_positions_per_side"": 30, ""min_history"": 126, ""min_holding_days"": 21, ""n_components"": 3, ""vol_target"": 0.08, ""zscore_window"": 90}"
2.0,504,120,30,126,21,8,0.08,60,0.5105126751972331,0.016669489333023035,0.05734629357167905,-0.015509918065992135,0.01671499152840044,0.07237017651336732,-0.23033644708527212,0.06404039907724705,55.3912836010816,1.4071357150578416,306559.2649895747,108.57567405700684,"{""entry_zscore"": 2.0, ""lookback"": 504, ""max_holding_days"": 120, ""max_positions_per_side"": 30, ""min_history"": 126, ""min_holding_days"": 21, ""n_components"": 8, ""vol_target"": 0.08, ""zscore_window"": 60}"
2.0,504,120,30,126,42,10,0.2,90,0.14663943231432763,0.005499803664448244,0.09151875044624656,-0.13176668086549956,-0.13019403116153333,0.011417151461253373,-0.4817141721481968,0.11083315519107804,55.749483060283126,2.2291028267956645,477289.2188236597,103.89360928535461,"{""entry_zscore"": 2.0, ""lookback"": 504, ""max_holding_days"": 120, ""max_positions_per_side"": 30, ""min_history"": 126, ""min_holding_days"": 42, ""n_components"": 10, ""vol_target"": 0.2, ""zscore_window"": 90}"
2.0,504,120,30,252,42,3,0.1,90,0.04290497292291495,0.001685295684174637,0.06743046919138657,-0.23540737820583246,-0.30094853292412793,0.005499121473331849,-0.3064663496428526,0.08200227821682927,55.58438046763162,1.5410320077801145,244596.97363316122,101.73012280464172,"{""entry_zscore"": 2.0, ""lookback"": 504, ""max_holding_days"": 120, ""max_positions_per_side"": 30, ""min_history"": 252, ""min_holding_days"": 42, ""n_components"": 3, ""vol_target"": 0.1, ""zscore_window"": 90}"
2.0,504,120,30,252,42,5,0.15,40,0.14898112645991213,0.005582031155425993,0.07965487868685339,-0.15035983595388788,-0.16735231027224268,0.013642296154952152,-0.4091709410222498,0.08305676620555358,55.76761571496739,1.9022742119604248,310087.88884358236,99.64729428291321,"{""entry_zscore"": 2.0, ""lookback"": 504, ""max_holding_days"": 120, ""max_positions_per_side"": 30, ""min_history"": 252, ""min_holding_days"": 42, ""n_components"": 5, ""vol_target"": 0.15, ""zscore_window"": 40}"
2.0,504,120,50,252,42,10,0.08,90,0.3532359245495613,0.012198773410943886,0.05423857657609118,-0.09882545920511902,-0.11149838972374639,0.0462772431315202,-0.2636019906431094,0.06597930716550295,77.3885796087164,1.5017522031772663,303748.38255417114,103.03513050079346,"{""entry_zscore"": 2.0, ""lookback"": 504, ""max_holding_days"": 120, ""max_positions_per_side"": 50, ""min_history"": 252, ""min_holding_days"": 42, ""n_components"": 10, ""vol_target"": 0.08, ""zscore_window"": 90}"
2.0,504,180,30,252,42,8,0.1,40,0.758366013502829,0.022879899247647995,0.0651528640514016,0.08166906670045948,0.16638129269742355,0.10590381171430044,-0.21604415249350717,0.06922724960104111,56.284396373469065,1.5772593706987024,295687.0752479473,102.35131168365479,"{""entry_zscore"": 2.0, ""lookback"": 504, ""max_holding_days"": 180, ""max_positions_per_side"": 30, ""min_history"": 252, ""min_holding_days"": 42, ""n_components"": 8, ""vol_target"": 0.1, ""zscore_window"": 40}"
2.0,504,180,30,252,63,5,0.1,60,0.2110317241023334,0.00770426953442338,0.06439482843033319,-0.1530348997504696,-0.1785409291128778,0.028336448646393793,-0.27188550091663855,0.06498271048769154,56.71162716717035,1.5769090922929327,233184.97720568415,100.49650526046753,"{""entry_zscore"": 2.0, ""lookback"": 504, ""max_holding_days"": 180, ""max_positions_per_side"": 30, ""min_history"": 252, ""min_holding_days"": 63, ""n_components"": 5, ""vol_target"": 0.1, ""zscore_window"": 60}"
2.0,504,180,50,126,21,10,0.1,90,0.3893207350156389,0.013267030635205845,0.0603611122845353,-0.07110364355565164,-0.06515609628494884,0.04636912941819936,-0.286117742594466,0.07614205898260076,76.84937171942103,1.6732173993263935,348689.15814971813,103.07918119430542,"{""entry_zscore"": 2.0, ""lookback"": 504, ""max_holding_days"": 180, ""max_positions_per_side"": 50, ""min_history"": 126, ""min_holding_days"": 21, ""n_components"": 10, ""vol_target"": 0.1, ""zscore_window"": 90}"
2.0,504,180,50,126,63,8,0.15,60,0.5234497306335706,0.017017080693303654,0.0716725813778114,-0.0075600033372343455,0.04074612575240149,0.0691109156023822,-0.24622855224793305,0.08120357882968696,89.90170192460633,2.1261339163638,411937.3570181755,104.11605072021484,"{""entry_zscore"": 2.0, ""lookback"": 504, ""max_holding_days"": 180, ""max_positions_per_side"": 50, ""min_history"": 126, ""min_holding_days"": 63, ""n_components"": 8, ""vol_target"": 0.15, ""zscore_window"": 60}"
2.0,504,180,50,252,21,8,0.15,90,0.7650791637432064,0.023036143575908996,0.07475731174813317,0.07326665178456826,0.1643953080756364,0.11006030445222191,-0.20930474152839706,0.092790189625323,76.7567997455066,2.0431352511387533,523774.0074829742,106.25796508789062,"{""entry_zscore"": 2.0, ""lookback"": 504, ""max_holding_days"": 180, ""max_positions_per_side"": 50, ""min_history"": 252, ""min_holding_days"": 21, ""n_components"": 8, ""vol_target"": 0.15, ""zscore_window"": 90}"
2.0,504,180,50,252,63,3,0.08,40,0.6619300359188232,0.020569902433629883,0.05383264198848684,0.05593217562247326,0.12388369392864436,0.12729481066078352,-0.16159262366511362,0.05824239265476785,90.3505646572292,1.5221798958737065,257325.25774055492,103.57164883613586,"{""entry_zscore"": 2.0, ""lookback"": 504, ""max_holding_days"": 180, ""max_positions_per_side"": 50, ""min_history"": 252, ""min_holding_days"": 63, ""n_components"": 3, ""vol_target"": 0.08, ""zscore_window"": 40}"
