beta_lookback,n_buckets,tc_bps,vol_window,long_short_style,total_return,cagr,vol,sharpe,sortino,calmar,max_dd,beta_mean_abs,avg_positions,avg_gross,total_costs,elapsed_s,long_buckets,short_buckets,combo_key
126,3,5,40,extreme_only,0.2827329438552401,0.0100302802612652,0.0447997063857957,-0.1680512216220653,-0.2207397710243034,0.0525343574381395,-0.1909280088383338,0.0540856501762873,308.3225703833307,0.9968188325115316,30064.999806962955,66.59816884994507,[1],[3],"{""beta_lookback"": 126, ""long_short_style"": ""extreme_only"", ""n_buckets"": 3, ""tc_bps"": 5, ""vol_window"": 40}"
126,3,5,40,extreme_plus_one,0.3022170563014139,0.0106407855001979,0.0341721046732415,-0.2024499284917435,-0.2865338993243438,0.0811202839159008,-0.1311729321759956,0.0406760192146423,461.9611897566407,0.9968188325115316,23140.237937798684,90.45333313941956,"[1, 2]","[2, 3]","{""beta_lookback"": 126, ""long_short_style"": ""extreme_plus_one"", ""n_buckets"": 3, ""tc_bps"": 5, ""vol_window"": 40}"
126,3,5,60,extreme_only,0.2827329438552401,0.0100302802612652,0.0447997063857957,-0.1680512216220653,-0.2207397710243034,0.0525343574381395,-0.1909280088383338,0.0540856501762873,308.3225703833307,0.9968188325115316,30064.999806962955,65.3419451713562,[1],[3],"{""beta_lookback"": 126, ""long_short_style"": ""extreme_only"", ""n_buckets"": 3, ""tc_bps"": 5, ""vol_window"": 60}"
126,3,5,60,extreme_plus_one,0.3022170563014139,0.0106407855001979,0.0341721046732415,-0.2024499284917435,-0.2865338993243438,0.0811202839159008,-0.1311729321759956,0.0406760192146423,461.9611897566407,0.9968188325115316,23140.237937798684,98.37584710121156,"[1, 2]","[2, 3]","{""beta_lookback"": 126, ""long_short_style"": ""extreme_plus_one"", ""n_buckets"": 3, ""tc_bps"": 5, ""vol_window"": 60}"
126,3,5,90,extreme_only,0.2827329438552401,0.0100302802612652,0.0447997063857957,-0.1680512216220653,-0.2207397710243034,0.0525343574381395,-0.1909280088383338,0.0540856501762873,308.3225703833307,0.9968188325115316,30064.999806962955,78.63349676132202,[1],[3],"{""beta_lookback"": 126, ""long_short_style"": ""extreme_only"", ""n_buckets"": 3, ""tc_bps"": 5, ""vol_window"": 90}"
126,3,5,90,extreme_plus_one,0.3022170563014139,0.0106407855001979,0.0341721046732415,-0.2024499284917435,-0.2865338993243438,0.0811202839159008,-0.1311729321759956,0.0406760192146423,461.9611897566407,0.9968188325115316,23140.237937798684,103.0461049079895,"[1, 2]","[2, 3]","{""beta_lookback"": 126, ""long_short_style"": ""extreme_plus_one"", ""n_buckets"": 3, ""tc_bps"": 5, ""vol_window"": 90}"
126,3,5,126,extreme_only,0.2827329438552401,0.0100302802612652,0.0447997063857957,-0.1680512216220653,-0.2207397710243034,0.0525343574381395,-0.1909280088383338,0.0540856501762873,308.3225703833307,0.9968188325115316,30064.999806962955,69.02455997467041,[1],[3],"{""beta_lookback"": 126, ""long_short_style"": ""extreme_only"", ""n_buckets"": 3, ""tc_bps"": 5, ""vol_window"": 126}"
126,3,5,126,extreme_plus_one,0.3022170563014139,0.0106407855001979,0.0341721046732415,-0.2024499284917435,-0.2865338993243438,0.0811202839159008,-0.1311729321759956,0.0406760192146423,461.9611897566407,0.9968188325115316,23140.237937798684,96.0754096508026,"[1, 2]","[2, 3]","{""beta_lookback"": 126, ""long_short_style"": ""extreme_plus_one"", ""n_buckets"": 3, ""tc_bps"": 5, ""vol_window"": 126}"
126,3,10,40,extreme_only,0.2525362993304851,0.0090662974793542,0.0448165325339063,-0.1894976627638172,-0.2527240587976926,0.046158334327594,-0.1964173450239585,0.0540809114818825,308.3225703833307,0.9968188325115316,59403.85552202206,69.26091289520264,[1],[3],"{""beta_lookback"": 126, ""long_short_style"": ""extreme_only"", ""n_buckets"": 3, ""tc_bps"": 10, ""vol_window"": 40}"
126,3,10,40,extreme_plus_one,0.2779331807398169,0.0098785206527653,0.0341854489810507,-0.2246688349537262,-0.3202273255040003,0.0740844851242841,-0.1333412878039604,0.0406865143247419,461.9611897566407,0.9968188325115316,45834.76598434064,93.71552538871764,"[1, 2]","[2, 3]","{""beta_lookback"": 126, ""long_short_style"": ""extreme_plus_one"", ""n_buckets"": 3, ""tc_bps"": 10, ""vol_window"": 40}"
126,3,10,60,extreme_only,0.2525362993304851,0.0090662974793542,0.0448165325339063,-0.1894976627638172,-0.2527240587976926,0.046158334327594,-0.1964173450239585,0.0540809114818825,308.3225703833307,0.9968188325115316,59403.85552202206,67.72450518608093,[1],[3],"{""beta_lookback"": 126, ""long_short_style"": ""extreme_only"", ""n_buckets"": 3, ""tc_bps"": 10, ""vol_window"": 60}"
126,3,10,60,extreme_plus_one,0.2779331807398169,0.0098785206527653,0.0341854489810507,-0.2246688349537262,-0.3202273255040003,0.0740844851242841,-0.1333412878039604,0.0406865143247419,461.9611897566407,0.9968188325115316,45834.76598434064,94.73014378547668,"[1, 2]","[2, 3]","{""beta_lookback"": 126, ""long_short_style"": ""extreme_plus_one"", ""n_buckets"": 3, ""tc_bps"": 10, ""vol_window"": 60}"
126,3,10,90,extreme_only,0.2525362993304851,0.0090662974793542,0.0448165325339063,-0.1894976627638172,-0.2527240587976926,0.046158334327594,-0.1964173450239585,0.0540809114818825,308.3225703833307,0.9968188325115316,59403.85552202206,67.43479824066162,[1],[3],"{""beta_lookback"": 126, ""long_short_style"": ""extreme_only"", ""n_buckets"": 3, ""tc_bps"": 10, ""vol_window"": 90}"
126,3,10,90,extreme_plus_one,0.2779331807398169,0.0098785206527653,0.0341854489810507,-0.2246688349537262,-0.3202273255040003,0.0740844851242841,-0.1333412878039604,0.0406865143247419,461.9611897566407,0.9968188325115316,45834.76598434064,94.01971864700316,"[1, 2]","[2, 3]","{""beta_lookback"": 126, ""long_short_style"": ""extreme_plus_one"", ""n_buckets"": 3, ""tc_bps"": 10, ""vol_window"": 90}"
126,3,10,126,extreme_only,0.2525362993304851,0.0090662974793542,0.0448165325339063,-0.1894976627638172,-0.2527240587976926,0.046158334327594,-0.1964173450239585,0.0540809114818825,308.3225703833307,0.9968188325115316,59403.85552202206,82.33510041236877,[1],[3],"{""beta_lookback"": 126, ""long_short_style"": ""extreme_only"", ""n_buckets"": 3, ""tc_bps"": 10, ""vol_window"": 126}"
126,3,10,126,extreme_plus_one,0.2779331807398169,0.0098785206527653,0.0341854489810507,-0.2246688349537262,-0.3202273255040003,0.0740844851242841,-0.1333412878039604,0.0406865143247419,461.9611897566407,0.9968188325115316,45834.76598434064,95.17954802513124,"[1, 2]","[2, 3]","{""beta_lookback"": 126, ""long_short_style"": ""extreme_plus_one"", ""n_buckets"": 3, ""tc_bps"": 10, ""vol_window"": 126}"
126,3,15,40,extreme_only,0.2230465598146549,0.0081031042253434,0.044836154201162,-0.2108972455563462,-0.2846488209491778,0.0401401967023655,-0.2018700676886795,0.0540771991814253,308.3225703833307,0.9968188325115316,88033.47533271613,67.3403639793396,[1],[3],"{""beta_lookback"": 126, ""long_short_style"": ""extreme_only"", ""n_buckets"": 3, ""tc_bps"": 15, ""vol_window"": 40}"
126,3,15,40,extreme_plus_one,0.2540994968421457,0.0091167450557994,0.0342012015755105,-0.2468387133495813,-0.3538675510045936,0.0670749224333337,-0.1359188311378311,0.0406974452329319,461.9611897566407,0.9968188325115316,68091.87184568332,93.5261092185974,"[1, 2]","[2, 3]","{""beta_lookback"": 126, ""long_short_style"": ""extreme_plus_one"", ""n_buckets"": 3, ""tc_bps"": 15, ""vol_window"": 40}"
126,3,15,60,extreme_only,0.2230465598146549,0.0081031042253434,0.044836154201162,-0.2108972455563462,-0.2846488209491778,0.0401401967023655,-0.2018700676886795,0.0540771991814253,308.3225703833307,0.9968188325115316,88033.47533271613,69.12431764602661,[1],[3],"{""beta_lookback"": 126, ""long_short_style"": ""extreme_only"", ""n_buckets"": 3, ""tc_bps"": 15, ""vol_window"": 60}"
126,3,15,60,extreme_plus_one,0.2540994968421457,0.0091167450557994,0.0342012015755105,-0.2468387133495813,-0.3538675510045936,0.0670749224333337,-0.1359188311378311,0.0406974452329319,461.9611897566407,0.9968188325115316,68091.87184568332,93.59168553352356,"[1, 2]","[2, 3]","{""beta_lookback"": 126, ""long_short_style"": ""extreme_plus_one"", ""n_buckets"": 3, ""tc_bps"": 15, ""vol_window"": 60}"
126,3,15,90,extreme_only,0.2230465598146549,0.0081031042253434,0.044836154201162,-0.2108972455563462,-0.2846488209491778,0.0401401967023655,-0.2018700676886795,0.0540771991814253,308.3225703833307,0.9968188325115316,88033.47533271613,67.51975846290588,[1],[3],"{""beta_lookback"": 126, ""long_short_style"": ""extreme_only"", ""n_buckets"": 3, ""tc_bps"": 15, ""vol_window"": 90}"
126,3,15,90,extreme_plus_one,0.2540994968421457,0.0091167450557994,0.0342012015755105,-0.2468387133495813,-0.3538675510045936,0.0670749224333337,-0.1359188311378311,0.0406974452329319,461.9611897566407,0.9968188325115316,68091.87184568332,95.21818900108336,"[1, 2]","[2, 3]","{""beta_lookback"": 126, ""long_short_style"": ""extreme_plus_one"", ""n_buckets"": 3, ""tc_bps"": 15, ""vol_window"": 90}"
126,3,15,126,extreme_only,0.2230465598146549,0.0081031042253434,0.044836154201162,-0.2108972455563462,-0.2846488209491778,0.0401401967023655,-0.2018700676886795,0.0540771991814253,308.3225703833307,0.9968188325115316,88033.47533271613,67.89139986038208,[1],[3],"{""beta_lookback"": 126, ""long_short_style"": ""extreme_only"", ""n_buckets"": 3, ""tc_bps"": 15, ""vol_window"": 126}"
126,3,15,126,extreme_plus_one,0.2540994968421457,0.0091167450557994,0.0342012015755105,-0.2468387133495813,-0.3538675510045936,0.0670749224333337,-0.1359188311378311,0.0406974452329319,461.9611897566407,0.9968188325115316,68091.87184568332,94.55962634086607,"[1, 2]","[2, 3]","{""beta_lookback"": 126, ""long_short_style"": ""extreme_plus_one"", ""n_buckets"": 3, ""tc_bps"": 15, ""vol_window"": 126}"
126,5,5,40,extreme_only,0.5388803378743159,0.017427982201734,0.0573992058862812,-0.002281276264231,0.0359599647412087,0.0861151990940002,-0.2023798630798062,0.0678661662773909,185.3839669158581,0.9968188325115316,43450.15597809132,46.47745728492737,[1],[5],"{""beta_lookback"": 126, ""long_short_style"": ""extreme_only"", ""n_buckets"": 5, ""tc_bps"": 5, ""vol_window"": 40}"
126,5,5,40,extreme_plus_one,0.2677761943457131,0.0095555633480224,0.0400687740681122,-0.1997406330945112,-0.2713643604852593,0.0567607628381877,-0.1683480430885541,0.0481894568256962,369.76316208048354,0.9968188325115316,26806.934609925665,78.63486981391907,"[1, 2]","[4, 5]","{""beta_lookback"": 126, ""long_short_style"": ""extreme_plus_one"", ""n_buckets"": 5, ""tc_bps"": 5, ""vol_window"": 40}"
126,5,5,60,extreme_only,0.5388803378743159,0.017427982201734,0.0573992058862812,-0.002281276264231,0.0359599647412087,0.0861151990940002,-0.2023798630798062,0.0678661662773909,185.3839669158581,0.9968188325115316,43450.15597809132,46.4453980922699,[1],[5],"{""beta_lookback"": 126, ""long_short_style"": ""extreme_only"", ""n_buckets"": 5, ""tc_bps"": 5, ""vol_window"": 60}"
126,5,5,60,extreme_plus_one,0.2677761943457131,0.0095555633480224,0.0400687740681122,-0.1997406330945112,-0.2713643604852593,0.0567607628381877,-0.1683480430885541,0.0481894568256962,369.76316208048354,0.9968188325115316,26806.934609925665,78.97768783569336,"[1, 2]","[4, 5]","{""beta_lookback"": 126, ""long_short_style"": ""extreme_plus_one"", ""n_buckets"": 5, ""tc_bps"": 5, ""vol_window"": 60}"
126,5,5,90,extreme_only,0.5388803378743159,0.017427982201734,0.0573992058862812,-0.002281276264231,0.0359599647412087,0.0861151990940002,-0.2023798630798062,0.0678661662773909,185.3839669158581,0.9968188325115316,43450.15597809132,46.51510310173035,[1],[5],"{""beta_lookback"": 126, ""long_short_style"": ""extreme_only"", ""n_buckets"": 5, ""tc_bps"": 5, ""vol_window"": 90}"
126,5,5,90,extreme_plus_one,0.2677761943457131,0.0095555633480224,0.0400687740681122,-0.1997406330945112,-0.2713643604852593,0.0567607628381877,-0.1683480430885541,0.0481894568256962,369.76316208048354,0.9968188325115316,26806.934609925665,82.02249193191528,"[1, 2]","[4, 5]","{""beta_lookback"": 126, ""long_short_style"": ""extreme_plus_one"", ""n_buckets"": 5, ""tc_bps"": 5, ""vol_window"": 90}"
126,5,5,126,extreme_only,0.5388803378743159,0.017427982201734,0.0573992058862812,-0.002281276264231,0.0359599647412087,0.0861151990940002,-0.2023798630798062,0.0678661662773909,185.3839669158581,0.9968188325115316,43450.15597809132,49.40909790992737,[1],[5],"{""beta_lookback"": 126, ""long_short_style"": ""extreme_only"", ""n_buckets"": 5, ""tc_bps"": 5, ""vol_window"": 126}"
126,5,5,126,extreme_plus_one,0.2677761943457131,0.0095555633480224,0.0400687740681122,-0.1997406330945112,-0.2713643604852593,0.0567607628381877,-0.1683480430885541,0.0481894568256962,369.76316208048354,0.9968188325115316,26806.934609925665,85.4350016117096,"[1, 2]","[4, 5]","{""beta_lookback"": 126, ""long_short_style"": ""extreme_plus_one"", ""n_buckets"": 5, ""tc_bps"": 5, ""vol_window"": 126}"
126,5,10,40,extreme_only,0.4930632169762061,0.0161961049115817,0.0574179767320913,-0.0237350880976736,0.0040824282537052,0.0793296697055109,-0.2041620111580601,0.0678859316961895,185.3839669158581,0.9968188325115316,85535.0583656687,47.05683445930481,[1],[5],"{""beta_lookback"": 126, ""long_short_style"": ""extreme_only"", ""n_buckets"": 5, ""tc_bps"": 10, ""vol_window"": 40}"
126,5,10,40,extreme_plus_one,0.2406385575888447,0.0086803405847004,0.0400828741087549,-0.2215056993896647,-0.3037911944779281,0.0504232331116188,-0.1721496232795173,0.0481845115847768,369.76316208048354,0.9968188325115316,53025.44394617264,78.40094232559204,"[1, 2]","[4, 5]","{""beta_lookback"": 126, ""long_short_style"": ""extreme_plus_one"", ""n_buckets"": 5, ""tc_bps"": 10, ""vol_window"": 40}"
126,5,10,60,extreme_only,0.4930632169762061,0.0161961049115817,0.0574179767320913,-0.0237350880976736,0.0040824282537052,0.0793296697055109,-0.2041620111580601,0.0678859316961895,185.3839669158581,0.9968188325115316,85535.0583656687,46.86558651924133,[1],[5],"{""beta_lookback"": 126, ""long_short_style"": ""extreme_only"", ""n_buckets"": 5, ""tc_bps"": 10, ""vol_window"": 60}"
126,5,10,60,extreme_plus_one,0.2406385575888447,0.0086803405847004,0.0400828741087549,-0.2215056993896647,-0.3037911944779281,0.0504232331116188,-0.1721496232795173,0.0481845115847768,369.76316208048354,0.9968188325115316,53025.44394617264,78.40113043785095,"[1, 2]","[4, 5]","{""beta_lookback"": 126, ""long_short_style"": ""extreme_plus_one"", ""n_buckets"": 5, ""tc_bps"": 10, ""vol_window"": 60}"
126,5,10,90,extreme_only,0.4930632169762061,0.0161961049115817,0.0574179767320913,-0.0237350880976736,0.0040824282537052,0.0793296697055109,-0.2041620111580601,0.0678859316961895,185.3839669158581,0.9968188325115316,85535.0583656687,47.44599795341492,[1],[5],"{""beta_lookback"": 126, ""long_short_style"": ""extreme_only"", ""n_buckets"": 5, ""tc_bps"": 10, ""vol_window"": 90}"
126,5,10,90,extreme_plus_one,0.2406385575888447,0.0086803405847004,0.0400828741087549,-0.2215056993896647,-0.3037911944779281,0.0504232331116188,-0.1721496232795173,0.0481845115847768,369.76316208048354,0.9968188325115316,53025.44394617264,77.81660103797913,"[1, 2]","[4, 5]","{""beta_lookback"": 126, ""long_short_style"": ""extreme_plus_one"", ""n_buckets"": 5, ""tc_bps"": 10, ""vol_window"": 90}"
126,5,10,126,extreme_only,0.4930632169762061,0.0161961049115817,0.0574179767320913,-0.0237350880976736,0.0040824282537052,0.0793296697055109,-0.2041620111580601,0.0678859316961895,185.3839669158581,0.9968188325115316,85535.0583656687,46.80767440795898,[1],[5],"{""beta_lookback"": 126, ""long_short_style"": ""extreme_only"", ""n_buckets"": 5, ""tc_bps"": 10, ""vol_window"": 126}"
126,5,10,126,extreme_plus_one,0.2406385575888447,0.0086803405847004,0.0400828741087549,-0.2215056993896647,-0.3037911944779281,0.0504232331116188,-0.1721496232795173,0.0481845115847768,369.76316208048354,0.9968188325115316,53025.44394617264,78.68174433708191,"[1, 2]","[4, 5]","{""beta_lookback"": 126, ""long_short_style"": ""extreme_plus_one"", ""n_buckets"": 5, ""tc_bps"": 10, ""vol_window"": 126}"
126,5,15,40,extreme_only,0.4486027514158279,0.0149655096737129,0.0574402273848637,-0.0451498208149259,-0.0277886767263058,0.0726477179069187,-0.2060010982435504,0.0679067678525433,185.3839669158581,0.9968188325115316,126295.42086900398,48.389153480529785,[1],[5],"{""beta_lookback"": 126, ""long_short_style"": ""extreme_only"", ""n_buckets"": 5, ""tc_bps"": 15, ""vol_window"": 40}"
126,5,15,40,extreme_plus_one,0.2140785423178126,0.0078057674975857,0.0400995903000377,-0.2432233865021098,-0.3361738406407316,0.0443675320036743,-0.1759342281409596,0.0481801521069788,369.76316208048354,0.9968188325115316,78668.00773741421,79.05966854095459,"[1, 2]","[4, 5]","{""beta_lookback"": 126, ""long_short_style"": ""extreme_plus_one"", ""n_buckets"": 5, ""tc_bps"": 15, ""vol_window"": 40}"
126,5,15,60,extreme_only,0.4486027514158279,0.0149655096737129,0.0574402273848637,-0.0451498208149259,-0.0277886767263058,0.0726477179069187,-0.2060010982435504,0.0679067678525433,185.3839669158581,0.9968188325115316,126295.42086900398,46.11572766304016,[1],[5],"{""beta_lookback"": 126, ""long_short_style"": ""extreme_only"", ""n_buckets"": 5, ""tc_bps"": 15, ""vol_window"": 60}"
126,5,15,60,extreme_plus_one,0.2140785423178126,0.0078057674975857,0.0400995903000377,-0.2432233865021098,-0.3361738406407316,0.0443675320036743,-0.1759342281409596,0.0481801521069788,369.76316208048354,0.9968188325115316,78668.00773741421,78.70627546310425,"[1, 2]","[4, 5]","{""beta_lookback"": 126, ""long_short_style"": ""extreme_plus_one"", ""n_buckets"": 5, ""tc_bps"": 15, ""vol_window"": 60}"
126,5,15,90,extreme_only,0.4486027514158279,0.0149655096737129,0.0574402273848637,-0.0451498208149259,-0.0277886767263058,0.0726477179069187,-0.2060010982435504,0.0679067678525433,185.3839669158581,0.9968188325115316,126295.42086900398,45.92823934555054,[1],[5],"{""beta_lookback"": 126, ""long_short_style"": ""extreme_only"", ""n_buckets"": 5, ""tc_bps"": 15, ""vol_window"": 90}"
126,5,15,90,extreme_plus_one,0.2140785423178126,0.0078057674975857,0.0400995903000377,-0.2432233865021098,-0.3361738406407316,0.0443675320036743,-0.1759342281409596,0.0481801521069788,369.76316208048354,0.9968188325115316,78668.00773741421,79.87222528457642,"[1, 2]","[4, 5]","{""beta_lookback"": 126, ""long_short_style"": ""extreme_plus_one"", ""n_buckets"": 5, ""tc_bps"": 15, ""vol_window"": 90}"
126,5,15,126,extreme_only,0.4486027514158279,0.0149655096737129,0.0574402273848637,-0.0451498208149259,-0.0277886767263058,0.0726477179069187,-0.2060010982435504,0.0679067678525433,185.3839669158581,0.9968188325115316,126295.42086900398,46.3733229637146,[1],[5],"{""beta_lookback"": 126, ""long_short_style"": ""extreme_only"", ""n_buckets"": 5, ""tc_bps"": 15, ""vol_window"": 126}"
126,5,15,126,extreme_plus_one,0.2140785423178126,0.0078057674975857,0.0400995903000377,-0.2432233865021098,-0.3361738406407316,0.0443675320036743,-0.1759342281409596,0.0481801521069788,369.76316208048354,0.9968188325115316,78668.00773741421,78.84137034416199,"[1, 2]","[4, 5]","{""beta_lookback"": 126, ""long_short_style"": ""extreme_plus_one"", ""n_buckets"": 5, ""tc_bps"": 15, ""vol_window"": 126}"
126,7,5,40,extreme_only,0.7053525078577263,0.0216255365143351,0.065205745488413,0.0623658365710995,0.1377931097346813,0.0962776546497443,-0.2246163618443796,0.0743896259027495,132.72975982185463,0.9968188325115316,53878.309161217694,37.00640654563904,[1],[7],"{""beta_lookback"": 126, ""long_short_style"": ""extreme_only"", ""n_buckets"": 7, ""tc_bps"": 5, ""vol_window"": 40}"
126,7,5,40,extreme_plus_one,0.32166393294708,0.0112414425811415,0.04858251058218,-0.1300361589152575,-0.1610230118131377,0.0552334239128804,-0.203526085923492,0.0578905759218087,264.457929059965,0.9968188325115316,33263.88891310342,64.57423496246338,"[1, 2]","[6, 7]","{""beta_lookback"": 126, ""long_short_style"": ""extreme_plus_one"", ""n_buckets"": 7, ""tc_bps"": 5, ""vol_window"": 40}"
126,7,5,60,extreme_only,0.7053525078577263,0.0216255365143351,0.065205745488413,0.0623658365710995,0.1377931097346813,0.0962776546497443,-0.2246163618443796,0.0743896259027495,132.72975982185463,0.9968188325115316,53878.309161217694,38.8416600227356,[1],[7],"{""beta_lookback"": 126, ""long_short_style"": ""extreme_only"", ""n_buckets"": 7, ""tc_bps"": 5, ""vol_window"": 60}"
126,7,5,60,extreme_plus_one,0.32166393294708,0.0112414425811415,0.04858251058218,-0.1300361589152575,-0.1610230118131377,0.0552334239128804,-0.203526085923492,0.0578905759218087,264.457929059965,0.9968188325115316,33263.88891310342,59.72703266143799,"[1, 2]","[6, 7]","{""beta_lookback"": 126, ""long_short_style"": ""extreme_plus_one"", ""n_buckets"": 7, ""tc_bps"": 5, ""vol_window"": 60}"
126,7,5,90,extreme_only,0.7053525078577263,0.0216255365143351,0.065205745488413,0.0623658365710995,0.1377931097346813,0.0962776546497443,-0.2246163618443796,0.0743896259027495,132.72975982185463,0.9968188325115316,53878.309161217694,37.81516146659851,[1],[7],"{""beta_lookback"": 126, ""long_short_style"": ""extreme_only"", ""n_buckets"": 7, ""tc_bps"": 5, ""vol_window"": 90}"
126,7,5,90,extreme_plus_one,0.32166393294708,0.0112414425811415,0.04858251058218,-0.1300361589152575,-0.1610230118131377,0.0552334239128804,-0.203526085923492,0.0578905759218087,264.457929059965,0.9968188325115316,33263.88891310342,59.68004584312439,"[1, 2]","[6, 7]","{""beta_lookback"": 126, ""long_short_style"": ""extreme_plus_one"", ""n_buckets"": 7, ""tc_bps"": 5, ""vol_window"": 90}"
126,7,5,126,extreme_only,0.7053525078577263,0.0216255365143351,0.065205745488413,0.0623658365710995,0.1377931097346813,0.0962776546497443,-0.2246163618443796,0.0743896259027495,132.72975982185463,0.9968188325115316,53878.309161217694,38.01703405380249,[1],[7],"{""beta_lookback"": 126, ""long_short_style"": ""extreme_only"", ""n_buckets"": 7, ""tc_bps"": 5, ""vol_window"": 126}"
126,7,5,126,extreme_plus_one,0.32166393294708,0.0112414425811415,0.04858251058218,-0.1300361589152575,-0.1610230118131377,0.0552334239128804,-0.203526085923492,0.0578905759218087,264.457929059965,0.9968188325115316,33263.88891310342,60.4763605594635,"[1, 2]","[6, 7]","{""beta_lookback"": 126, ""long_short_style"": ""extreme_plus_one"", ""n_buckets"": 7, ""tc_bps"": 5, ""vol_window"": 126}"
126,7,10,40,extreme_only,0.6476346907152477,0.0202165719464375,0.0652272979723765,0.0407443874166756,0.1059178929027279,0.0882345598191423,-0.2291230554997521,0.0744009251769904,132.72975982185463,0.9968188325115316,105810.88557932797,38.399444341659546,[1],[7],"{""beta_lookback"": 126, ""long_short_style"": ""extreme_only"", ""n_buckets"": 7, ""tc_bps"": 10, ""vol_window"": 40}"
126,7,10,40,extreme_plus_one,0.2880196144538505,0.0101968054197942,0.0486008465324221,-0.1514813167503671,-0.1929828438453339,0.0488492213682156,-0.2087403879569093,0.057893221835905,264.457929059965,0.9968188325115316,65655.51963902892,60.17448306083679,"[1, 2]","[6, 7]","{""beta_lookback"": 126, ""long_short_style"": ""extreme_plus_one"", ""n_buckets"": 7, ""tc_bps"": 10, ""vol_window"": 40}"
126,7,10,60,extreme_only,0.6476346907152477,0.0202165719464375,0.0652272979723765,0.0407443874166756,0.1059178929027279,0.0882345598191423,-0.2291230554997521,0.0744009251769904,132.72975982185463,0.9968188325115316,105810.88557932797,37.68129658699036,[1],[7],"{""beta_lookback"": 126, ""long_short_style"": ""extreme_only"", ""n_buckets"": 7, ""tc_bps"": 10, ""vol_window"": 60}"
126,7,10,60,extreme_plus_one,0.2880196144538505,0.0101968054197942,0.0486008465324221,-0.1514813167503671,-0.1929828438453339,0.0488492213682156,-0.2087403879569093,0.057893221835905,264.457929059965,0.9968188325115316,65655.51963902892,60.094990491867065,"[1, 2]","[6, 7]","{""beta_lookback"": 126, ""long_short_style"": ""extreme_plus_one"", ""n_buckets"": 7, ""tc_bps"": 10, ""vol_window"": 60}"
126,7,10,90,extreme_only,0.6476346907152477,0.0202165719464375,0.0652272979723765,0.0407443874166756,0.1059178929027279,0.0882345598191423,-0.2291230554997521,0.0744009251769904,132.72975982185463,0.9968188325115316,105810.88557932797,39.19178462028504,[1],[7],"{""beta_lookback"": 126, ""long_short_style"": ""extreme_only"", ""n_buckets"": 7, ""tc_bps"": 10, ""vol_window"": 90}"
126,7,10,90,extreme_plus_one,0.2880196144538505,0.0101968054197942,0.0486008465324221,-0.1514813167503671,-0.1929828438453339,0.0488492213682156,-0.2087403879569093,0.057893221835905,264.457929059965,0.9968188325115316,65655.51963902892,61.7560760974884,"[1, 2]","[6, 7]","{""beta_lookback"": 126, ""long_short_style"": ""extreme_plus_one"", ""n_buckets"": 7, ""tc_bps"": 10, ""vol_window"": 90}"
126,7,10,126,extreme_only,0.6476346907152477,0.0202165719464375,0.0652272979723765,0.0407443874166756,0.1059178929027279,0.0882345598191423,-0.2291230554997521,0.0744009251769904,132.72975982185463,0.9968188325115316,105810.88557932797,40.03890132904053,[1],[7],"{""beta_lookback"": 126, ""long_short_style"": ""extreme_only"", ""n_buckets"": 7, ""tc_bps"": 10, ""vol_window"": 126}"
126,7,10,126,extreme_plus_one,0.2880196144538505,0.0101968054197942,0.0486008465324221,-0.1514813167503671,-0.1929828438453339,0.0488492213682156,-0.2087403879569093,0.057893221835905,264.457929059965,0.9968188325115316,65655.51963902892,61.377694606781006,"[1, 2]","[6, 7]","{""beta_lookback"": 126, ""long_short_style"": ""extreme_plus_one"", ""n_buckets"": 7, ""tc_bps"": 10, ""vol_window"": 126}"
126,7,15,40,extreme_only,0.5918597649620312,0.0188092792898013,0.065252799864605,0.0191616857006542,0.0740418592846617,0.0805176713091104,-0.2336043626695537,0.07441359896228,132.72975982185463,0.9968188325115316,155863.870688079,37.95130491256714,[1],[7],"{""beta_lookback"": 126, ""long_short_style"": ""extreme_only"", ""n_buckets"": 7, ""tc_bps"": 15, ""vol_window"": 40}"
126,7,15,40,extreme_plus_one,0.2552270375255239,0.0091530956389176,0.0486221756163712,-0.1728805817969237,-0.2249077355259867,0.0427420742158232,-0.2141472028872465,0.0578972842301426,264.457929059965,0.9968188325115316,97196.90327302442,60.51393461227417,"[1, 2]","[6, 7]","{""beta_lookback"": 126, ""long_short_style"": ""extreme_plus_one"", ""n_buckets"": 7, ""tc_bps"": 15, ""vol_window"": 40}"
126,7,15,60,extreme_only,0.5918597649620312,0.0188092792898013,0.065252799864605,0.0191616857006542,0.0740418592846617,0.0805176713091104,-0.2336043626695537,0.07441359896228,132.72975982185463,0.9968188325115316,155863.870688079,37.05726838111877,[1],[7],"{""beta_lookback"": 126, ""long_short_style"": ""extreme_only"", ""n_buckets"": 7, ""tc_bps"": 15, ""vol_window"": 60}"
126,7,15,60,extreme_plus_one,0.2552270375255239,0.0091530956389176,0.0486221756163712,-0.1728805817969237,-0.2249077355259867,0.0427420742158232,-0.2141472028872465,0.0578972842301426,264.457929059965,0.9968188325115316,97196.90327302442,59.67788624763489,"[1, 2]","[6, 7]","{""beta_lookback"": 126, ""long_short_style"": ""extreme_plus_one"", ""n_buckets"": 7, ""tc_bps"": 15, ""vol_window"": 60}"
126,7,15,90,extreme_only,0.5918597649620312,0.0188092792898013,0.065252799864605,0.0191616857006542,0.0740418592846617,0.0805176713091104,-0.2336043626695537,0.07441359896228,132.72975982185463,0.9968188325115316,155863.870688079,37.73054552078247,[1],[7],"{""beta_lookback"": 126, ""long_short_style"": ""extreme_only"", ""n_buckets"": 7, ""tc_bps"": 15, ""vol_window"": 90}"
126,7,15,90,extreme_plus_one,0.2552270375255239,0.0091530956389176,0.0486221756163712,-0.1728805817969237,-0.2249077355259867,0.0427420742158232,-0.2141472028872465,0.0578972842301426,264.457929059965,0.9968188325115316,97196.90327302442,59.89947772026062,"[1, 2]","[6, 7]","{""beta_lookback"": 126, ""long_short_style"": ""extreme_plus_one"", ""n_buckets"": 7, ""tc_bps"": 15, ""vol_window"": 90}"
126,7,15,126,extreme_only,0.5918597649620312,0.0188092792898013,0.065252799864605,0.0191616857006542,0.0740418592846617,0.0805176713091104,-0.2336043626695537,0.07441359896228,132.72975982185463,0.9968188325115316,155863.870688079,38.253662109375,[1],[7],"{""beta_lookback"": 126, ""long_short_style"": ""extreme_only"", ""n_buckets"": 7, ""tc_bps"": 15, ""vol_window"": 126}"
126,7,15,126,extreme_plus_one,0.2552270375255239,0.0091530956389176,0.0486221756163712,-0.1728805817969237,-0.2249077355259867,0.0427420742158232,-0.2141472028872465,0.0578972842301426,264.457929059965,0.9968188325115316,97196.90327302442,60.51098108291626,"[1, 2]","[6, 7]","{""beta_lookback"": 126, ""long_short_style"": ""extreme_plus_one"", ""n_buckets"": 7, ""tc_bps"": 15, ""vol_window"": 126}"
126,10,5,40,extreme_only,0.5545845778004939,0.0178421292659161,0.0732350835408016,0.0038670484761612,0.0572083141626715,0.067471781273534,-0.2644383908227234,0.0782556338440239,93.13917607762048,0.9968188325115316,56715.4560869959,30.63157892227173,[1],[10],"{""beta_lookback"": 126, ""long_short_style"": ""extreme_only"", ""n_buckets"": 10, ""tc_bps"": 5, ""vol_window"": 40}"
126,10,5,40,extreme_plus_one,0.5388803378743159,0.017427982201734,0.0573992058862812,-0.002281276264231,0.0359599647412087,0.0861151990940002,-0.2023798630798062,0.0678661662773909,185.3839669158581,0.9968188325115316,43450.15597809132,46.7365345954895,"[1, 2]","[9, 10]","{""beta_lookback"": 126, ""long_short_style"": ""extreme_plus_one"", ""n_buckets"": 10, ""tc_bps"": 5, ""vol_window"": 40}"
126,10,5,60,extreme_only,0.5545845778004939,0.0178421292659161,0.0732350835408016,0.0038670484761612,0.0572083141626715,0.067471781273534,-0.2644383908227234,0.0782556338440239,93.13917607762048,0.9968188325115316,56715.4560869959,31.082119941711422,[1],[10],"{""beta_lookback"": 126, ""long_short_style"": ""extreme_only"", ""n_buckets"": 10, ""tc_bps"": 5, ""vol_window"": 60}"
126,10,5,60,extreme_plus_one,0.5388803378743159,0.017427982201734,0.0573992058862812,-0.002281276264231,0.0359599647412087,0.0861151990940002,-0.2023798630798062,0.0678661662773909,185.3839669158581,0.9968188325115316,43450.15597809132,47.53527760505676,"[1, 2]","[9, 10]","{""beta_lookback"": 126, ""long_short_style"": ""extreme_plus_one"", ""n_buckets"": 10, ""tc_bps"": 5, ""vol_window"": 60}"
126,10,5,90,extreme_only,0.5545845778004939,0.0178421292659161,0.0732350835408016,0.0038670484761612,0.0572083141626715,0.067471781273534,-0.2644383908227234,0.0782556338440239,93.13917607762048,0.9968188325115316,56715.4560869959,31.6441707611084,[1],[10],"{""beta_lookback"": 126, ""long_short_style"": ""extreme_only"", ""n_buckets"": 10, ""tc_bps"": 5, ""vol_window"": 90}"
126,10,5,90,extreme_plus_one,0.5388803378743159,0.017427982201734,0.0573992058862812,-0.002281276264231,0.0359599647412087,0.0861151990940002,-0.2023798630798062,0.0678661662773909,185.3839669158581,0.9968188325115316,43450.15597809132,45.98644661903381,"[1, 2]","[9, 10]","{""beta_lookback"": 126, ""long_short_style"": ""extreme_plus_one"", ""n_buckets"": 10, ""tc_bps"": 5, ""vol_window"": 90}"
126,10,5,126,extreme_only,0.5545845778004939,0.0178421292659161,0.0732350835408016,0.0038670484761612,0.0572083141626715,0.067471781273534,-0.2644383908227234,0.0782556338440239,93.13917607762048,0.9968188325115316,56715.4560869959,31.62459874153137,[1],[10],"{""beta_lookback"": 126, ""long_short_style"": ""extreme_only"", ""n_buckets"": 10, ""tc_bps"": 5, ""vol_window"": 126}"
126,10,5,126,extreme_plus_one,0.5388803378743159,0.017427982201734,0.0573992058862812,-0.002281276264231,0.0359599647412087,0.0861151990940002,-0.2023798630798062,0.0678661662773909,185.3839669158581,0.9968188325115316,43450.15597809132,47.02632546424866,"[1, 2]","[9, 10]","{""beta_lookback"": 126, ""long_short_style"": ""extreme_plus_one"", ""n_buckets"": 10, ""tc_bps"": 5, ""vol_window"": 126}"
126,10,10,40,extreme_only,0.4973641900672785,0.0163132767919147,0.0732564728832723,-0.0170039425427729,0.0265907116040358,0.0604955779411937,-0.2696606487134064,0.0782779255988253,93.13917607762048,0.9968188325115316,111218.81519218332,30.97944521903992,[1],[10],"{""beta_lookback"": 126, ""long_short_style"": ""extreme_only"", ""n_buckets"": 10, ""tc_bps"": 10, ""vol_window"": 40}"
126,10,10,40,extreme_plus_one,0.4930632169762061,0.0161961049115817,0.0574179767320913,-0.0237350880976736,0.0040824282537052,0.0793296697055109,-0.2041620111580601,0.0678859316961895,185.3839669158581,0.9968188325115316,85535.0583656687,46.926124811172485,"[1, 2]","[9, 10]","{""beta_lookback"": 126, ""long_short_style"": ""extreme_plus_one"", ""n_buckets"": 10, ""tc_bps"": 10, ""vol_window"": 40}"
126,10,10,60,extreme_only,0.4973641900672785,0.0163132767919147,0.0732564728832723,-0.0170039425427729,0.0265907116040358,0.0604955779411937,-0.2696606487134064,0.0782779255988253,93.13917607762048,0.9968188325115316,111218.81519218332,31.39653491973877,[1],[10],"{""beta_lookback"": 126, ""long_short_style"": ""extreme_only"", ""n_buckets"": 10, ""tc_bps"": 10, ""vol_window"": 60}"
126,10,10,60,extreme_plus_one,0.4930632169762061,0.0161961049115817,0.0574179767320913,-0.0237350880976736,0.0040824282537052,0.0793296697055109,-0.2041620111580601,0.0678859316961895,185.3839669158581,0.9968188325115316,85535.0583656687,47.333393812179565,"[1, 2]","[9, 10]","{""beta_lookback"": 126, ""long_short_style"": ""extreme_plus_one"", ""n_buckets"": 10, ""tc_bps"": 10, ""vol_window"": 60}"
126,10,10,90,extreme_only,0.4973641900672785,0.0163132767919147,0.0732564728832723,-0.0170039425427729,0.0265907116040358,0.0604955779411937,-0.2696606487134064,0.0782779255988253,93.13917607762048,0.9968188325115316,111218.81519218332,31.50105333328247,[1],[10],"{""beta_lookback"": 126, ""long_short_style"": ""extreme_only"", ""n_buckets"": 10, ""tc_bps"": 10, ""vol_window"": 90}"
126,10,10,90,extreme_plus_one,0.4930632169762061,0.0161961049115817,0.0574179767320913,-0.0237350880976736,0.0040824282537052,0.0793296697055109,-0.2041620111580601,0.0678859316961895,185.3839669158581,0.9968188325115316,85535.0583656687,47.2442102432251,"[1, 2]","[9, 10]","{""beta_lookback"": 126, ""long_short_style"": ""extreme_plus_one"", ""n_buckets"": 10, ""tc_bps"": 10, ""vol_window"": 90}"
126,10,10,126,extreme_only,0.4973641900672785,0.0163132767919147,0.0732564728832723,-0.0170039425427729,0.0265907116040358,0.0604955779411937,-0.2696606487134064,0.0782779255988253,93.13917607762048,0.9968188325115316,111218.81519218332,31.346970796585083,[1],[10],"{""beta_lookback"": 126, ""long_short_style"": ""extreme_only"", ""n_buckets"": 10, ""tc_bps"": 10, ""vol_window"": 126}"
126,10,10,126,extreme_plus_one,0.4930632169762061,0.0161961049115817,0.0574179767320913,-0.0237350880976736,0.0040824282537052,0.0793296697055109,-0.2041620111580601,0.0678859316961895,185.3839669158581,0.9968188325115316,85535.0583656687,46.99586462974548,"[1, 2]","[9, 10]","{""beta_lookback"": 126, ""long_short_style"": ""extreme_plus_one"", ""n_buckets"": 10, ""tc_bps"": 10, ""vol_window"": 126}"
126,10,15,40,extreme_only,0.4422384840897828,0.014786397579525,0.0732820704576843,-0.0378336481334001,-0.004020464607411,0.053597796906374,-0.2758769657147344,0.0783035093398494,93.13917607762048,0.9968188325115316,163591.3901980487,30.58348608016968,[1],[10],"{""beta_lookback"": 126, ""long_short_style"": ""extreme_only"", ""n_buckets"": 10, ""tc_bps"": 15, ""vol_window"": 40}"
126,10,15,40,extreme_plus_one,0.4486027514158279,0.0149655096737129,0.0574402273848637,-0.0451498208149259,-0.0277886767263058,0.0726477179069187,-0.2060010982435504,0.0679067678525433,185.3839669158581,0.9968188325115316,126295.42086900398,46.62274789810181,"[1, 2]","[9, 10]","{""beta_lookback"": 126, ""long_short_style"": ""extreme_plus_one"", ""n_buckets"": 10, ""tc_bps"": 15, ""vol_window"": 40}"
126,10,15,60,extreme_only,0.4422384840897828,0.014786397579525,0.0732820704576843,-0.0378336481334001,-0.004020464607411,0.053597796906374,-0.2758769657147344,0.0783035093398494,93.13917607762048,0.9968188325115316,163591.3901980487,32.13537931442261,[1],[10],"{""beta_lookback"": 126, ""long_short_style"": ""extreme_only"", ""n_buckets"": 10, ""tc_bps"": 15, ""vol_window"": 60}"
126,10,15,60,extreme_plus_one,0.4486027514158279,0.0149655096737129,0.0574402273848637,-0.0451498208149259,-0.0277886767263058,0.0726477179069187,-0.2060010982435504,0.0679067678525433,185.3839669158581,0.9968188325115316,126295.42086900398,47.28276991844177,"[1, 2]","[9, 10]","{""beta_lookback"": 126, ""long_short_style"": ""extreme_plus_one"", ""n_buckets"": 10, ""tc_bps"": 15, ""vol_window"": 60}"
126,10,15,90,extreme_only,0.4422384840897828,0.014786397579525,0.0732820704576843,-0.0378336481334001,-0.004020464607411,0.053597796906374,-0.2758769657147344,0.0783035093398494,93.13917607762048,0.9968188325115316,163591.3901980487,30.732644081115723,[1],[10],"{""beta_lookback"": 126, ""long_short_style"": ""extreme_only"", ""n_buckets"": 10, ""tc_bps"": 15, ""vol_window"": 90}"
126,10,15,90,extreme_plus_one,0.4486027514158279,0.0149655096737129,0.0574402273848637,-0.0451498208149259,-0.0277886767263058,0.0726477179069187,-0.2060010982435504,0.0679067678525433,185.3839669158581,0.9968188325115316,126295.42086900398,46.40205407142639,"[1, 2]","[9, 10]","{""beta_lookback"": 126, ""long_short_style"": ""extreme_plus_one"", ""n_buckets"": 10, ""tc_bps"": 15, ""vol_window"": 90}"
126,10,15,126,extreme_only,0.4422384840897828,0.014786397579525,0.0732820704576843,-0.0378336481334001,-0.004020464607411,0.053597796906374,-0.2758769657147344,0.0783035093398494,93.13917607762048,0.9968188325115316,163591.3901980487,30.91517400741577,[1],[10],"{""beta_lookback"": 126, ""long_short_style"": ""extreme_only"", ""n_buckets"": 10, ""tc_bps"": 15, ""vol_window"": 126}"
126,10,15,126,extreme_plus_one,0.4486027514158279,0.0149655096737129,0.0574402273848637,-0.0451498208149259,-0.0277886767263058,0.0726477179069187,-0.2060010982435504,0.0679067678525433,185.3839669158581,0.9968188325115316,126295.42086900398,47.292293548583984,"[1, 2]","[9, 10]","{""beta_lookback"": 126, ""long_short_style"": ""extreme_plus_one"", ""n_buckets"": 10, ""tc_bps"": 15, ""vol_window"": 126}"
189,3,5,40,extreme_only,0.2837674146374462,0.0100629168989097,0.0451094521202744,-0.1661737927743381,-0.2171976693787579,0.0533917170406358,-0.1884733710895815,0.0573496964964077,308.3225703833307,0.9968188325115316,29597.05626672972,68.06836128234863,[1],[3],"{""beta_lookback"": 189, ""long_short_style"": ""extreme_only"", ""n_buckets"": 3, ""tc_bps"": 5, ""vol_window"": 40}"
189,3,5,40,extreme_plus_one,0.3112186407562964,0.0109198809240167,0.0342935196729895,-0.1935947312203257,-0.2726524409362162,0.0863237119262722,-0.1264992049153684,0.0431580683734176,461.9611897566407,0.9968188325115316,22954.557801091192,95.38040781021118,"[1, 2]","[2, 3]","{""beta_lookback"": 189, ""long_short_style"": ""extreme_plus_one"", ""n_buckets"": 3, ""tc_bps"": 5, ""vol_window"": 40}"
189,3,5,60,extreme_only,0.2837674146374462,0.0100629168989097,0.0451094521202744,-0.1661737927743381,-0.2171976693787579,0.0533917170406358,-0.1884733710895815,0.0573496964964077,308.3225703833307,0.9968188325115316,29597.05626672972,67.37765622138977,[1],[3],"{""beta_lookback"": 189, ""long_short_style"": ""extreme_only"", ""n_buckets"": 3, ""tc_bps"": 5, ""vol_window"": 60}"
189,3,5,60,extreme_plus_one,0.3112186407562964,0.0109198809240167,0.0342935196729895,-0.1935947312203257,-0.2726524409362162,0.0863237119262722,-0.1264992049153684,0.0431580683734176,461.9611897566407,0.9968188325115316,22954.557801091192,94.05314922332764,"[1, 2]","[2, 3]","{""beta_lookback"": 189, ""long_short_style"": ""extreme_plus_one"", ""n_buckets"": 3, ""tc_bps"": 5, ""vol_window"": 60}"
189,3,5,90,extreme_only,0.2837674146374462,0.0100629168989097,0.0451094521202744,-0.1661737927743381,-0.2171976693787579,0.0533917170406358,-0.1884733710895815,0.0573496964964077,308.3225703833307,0.9968188325115316,29597.05626672972,68.71531367301941,[1],[3],"{""beta_lookback"": 189, ""long_short_style"": ""extreme_only"", ""n_buckets"": 3, ""tc_bps"": 5, ""vol_window"": 90}"
189,3,5,90,extreme_plus_one,0.3112186407562964,0.0109198809240167,0.0342935196729895,-0.1935947312203257,-0.2726524409362162,0.0863237119262722,-0.1264992049153684,0.0431580683734176,461.9611897566407,0.9968188325115316,22954.557801091192,99.16016387939452,"[1, 2]","[2, 3]","{""beta_lookback"": 189, ""long_short_style"": ""extreme_plus_one"", ""n_buckets"": 3, ""tc_bps"": 5, ""vol_window"": 90}"
189,3,5,126,extreme_only,0.2837674146374462,0.0100629168989097,0.0451094521202744,-0.1661737927743381,-0.2171976693787579,0.0533917170406358,-0.1884733710895815,0.0573496964964077,308.3225703833307,0.9968188325115316,29597.05626672972,71.94541072845459,[1],[3],"{""beta_lookback"": 189, ""long_short_style"": ""extreme_only"", ""n_buckets"": 3, ""tc_bps"": 5, ""vol_window"": 126}"
189,3,5,126,extreme_plus_one,0.3112186407562964,0.0109198809240167,0.0342935196729895,-0.1935947312203257,-0.2726524409362162,0.0863237119262722,-0.1264992049153684,0.0431580683734176,461.9611897566407,0.9968188325115316,22954.557801091192,94.80377650260924,"[1, 2]","[2, 3]","{""beta_lookback"": 189, ""long_short_style"": ""extreme_plus_one"", ""n_buckets"": 3, ""tc_bps"": 5, ""vol_window"": 126}"
189,3,10,40,extreme_only,0.253969771493796,0.0091125608512461,0.0451258952957485,-0.1871733456168735,-0.248441256885922,0.0472559694033118,-0.1928340687178346,0.0573422733852846,308.3225703833307,0.9968188325115316,58488.808407089055,67.65937161445618,[1],[3],"{""beta_lookback"": 189, ""long_short_style"": ""extreme_only"", ""n_buckets"": 3, ""tc_bps"": 10, ""vol_window"": 40}"
189,3,10,40,extreme_plus_one,0.2870513802040271,0.0101663560873317,0.0343068093145084,-0.2154840309573772,-0.3057861885665414,0.078650822478837,-0.1292593741161098,0.0431598027940923,461.9611897566407,0.9968188325115316,45471.618156464174,95.19236588478088,"[1, 2]","[2, 3]","{""beta_lookback"": 189, ""long_short_style"": ""extreme_plus_one"", ""n_buckets"": 3, ""tc_bps"": 10, ""vol_window"": 40}"
189,3,10,60,extreme_only,0.253969771493796,0.0091125608512461,0.0451258952957485,-0.1871733456168735,-0.248441256885922,0.0472559694033118,-0.1928340687178346,0.0573422733852846,308.3225703833307,0.9968188325115316,58488.808407089055,67.51068258285522,[1],[3],"{""beta_lookback"": 189, ""long_short_style"": ""extreme_only"", ""n_buckets"": 3, ""tc_bps"": 10, ""vol_window"": 60}"
189,3,10,60,extreme_plus_one,0.2870513802040271,0.0101663560873317,0.0343068093145084,-0.2154840309573772,-0.3057861885665414,0.078650822478837,-0.1292593741161098,0.0431598027940923,461.9611897566407,0.9968188325115316,45471.618156464174,95.71433162689208,"[1, 2]","[2, 3]","{""beta_lookback"": 189, ""long_short_style"": ""extreme_plus_one"", ""n_buckets"": 3, ""tc_bps"": 10, ""vol_window"": 60}"
189,3,10,90,extreme_only,0.253969771493796,0.0091125608512461,0.0451258952957485,-0.1871733456168735,-0.248441256885922,0.0472559694033118,-0.1928340687178346,0.0573422733852846,308.3225703833307,0.9968188325115316,58488.808407089055,68.65549087524414,[1],[3],"{""beta_lookback"": 189, ""long_short_style"": ""extreme_only"", ""n_buckets"": 3, ""tc_bps"": 10, ""vol_window"": 90}"
189,3,10,90,extreme_plus_one,0.2870513802040271,0.0101663560873317,0.0343068093145084,-0.2154840309573772,-0.3057861885665414,0.078650822478837,-0.1292593741161098,0.0431598027940923,461.9611897566407,0.9968188325115316,45471.618156464174,94.3499870300293,"[1, 2]","[2, 3]","{""beta_lookback"": 189, ""long_short_style"": ""extreme_plus_one"", ""n_buckets"": 3, ""tc_bps"": 10, ""vol_window"": 90}"
189,3,10,126,extreme_only,0.253969771493796,0.0091125608512461,0.0451258952957485,-0.1871733456168735,-0.248441256885922,0.0472559694033118,-0.1928340687178346,0.0573422733852846,308.3225703833307,0.9968188325115316,58488.808407089055,67.83719491958618,[1],[3],"{""beta_lookback"": 189, ""long_short_style"": ""extreme_only"", ""n_buckets"": 3, ""tc_bps"": 10, ""vol_window"": 126}"
189,3,10,126,extreme_plus_one,0.2870513802040271,0.0101663560873317,0.0343068093145084,-0.2154840309573772,-0.3057861885665414,0.078650822478837,-0.1292593741161098,0.0431598027940923,461.9611897566407,0.9968188325115316,45471.618156464174,96.20191764831544,"[1, 2]","[2, 3]","{""beta_lookback"": 189, ""long_short_style"": ""extreme_plus_one"", ""n_buckets"": 3, ""tc_bps"": 10, ""vol_window"": 126}"
189,3,15,40,extreme_only,0.2248598968596575,0.008162971393951,0.0451450532780255,-0.2081281020069269,-0.2796358551365905,0.0414002955232195,-0.1971718146159806,0.0573361322237706,308.3225703833307,0.9968188325115316,86691.46352563408,68.0696451663971,[1],[3],"{""beta_lookback"": 189, ""long_short_style"": ""extreme_only"", ""n_buckets"": 3, ""tc_bps"": 15, ""vol_window"": 40}"
189,3,15,40,extreme_plus_one,0.2633269218705918,0.0094133087494001,0.03432245600552,-0.237326166198535,-0.3388855316131306,0.0713069618335982,-0.132011075880179,0.0431623494864525,461.9611897566407,0.9968188325115316,67559.22823739756,95.24482035636902,"[1, 2]","[2, 3]","{""beta_lookback"": 189, ""long_short_style"": ""extreme_plus_one"", ""n_buckets"": 3, ""tc_bps"": 15, ""vol_window"": 40}"
189,3,15,60,extreme_only,0.2248598968596575,0.008162971393951,0.0451450532780255,-0.2081281020069269,-0.2796358551365905,0.0414002955232195,-0.1971718146159806,0.0573361322237706,308.3225703833307,0.9968188325115316,86691.46352563408,67.76276755332947,[1],[3],"{""beta_lookback"": 189, ""long_short_style"": ""extreme_only"", ""n_buckets"": 3, ""tc_bps"": 15, ""vol_window"": 60}"
189,3,15,60,extreme_plus_one,0.2633269218705918,0.0094133087494001,0.03432245600552,-0.237326166198535,-0.3388855316131306,0.0713069618335982,-0.132011075880179,0.0431623494864525,461.9611897566407,0.9968188325115316,67559.22823739756,94.62421250343324,"[1, 2]","[2, 3]","{""beta_lookback"": 189, ""long_short_style"": ""extreme_plus_one"", ""n_buckets"": 3, ""tc_bps"": 15, ""vol_window"": 60}"
189,3,15,90,extreme_only,0.2248598968596575,0.008162971393951,0.0451450532780255,-0.2081281020069269,-0.2796358551365905,0.0414002955232195,-0.1971718146159806,0.0573361322237706,308.3225703833307,0.9968188325115316,86691.46352563408,68.10296726226807,[1],[3],"{""beta_lookback"": 189, ""long_short_style"": ""extreme_only"", ""n_buckets"": 3, ""tc_bps"": 15, ""vol_window"": 90}"
189,3,15,90,extreme_plus_one,0.2633269218705918,0.0094133087494001,0.03432245600552,-0.237326166198535,-0.3388855316131306,0.0713069618335982,-0.132011075880179,0.0431623494864525,461.9611897566407,0.9968188325115316,67559.22823739756,93.60946297645567,"[1, 2]","[2, 3]","{""beta_lookback"": 189, ""long_short_style"": ""extreme_plus_one"", ""n_buckets"": 3, ""tc_bps"": 15, ""vol_window"": 90}"
189,3,15,126,extreme_only,0.2248598968596575,0.008162971393951,0.0451450532780255,-0.2081281020069269,-0.2796358551365905,0.0414002955232195,-0.1971718146159806,0.0573361322237706,308.3225703833307,0.9968188325115316,86691.46352563408,68.13813042640686,[1],[3],"{""beta_lookback"": 189, ""long_short_style"": ""extreme_only"", ""n_buckets"": 3, ""tc_bps"": 15, ""vol_window"": 126}"
189,3,15,126,extreme_plus_one,0.2633269218705918,0.0094133087494001,0.03432245600552,-0.237326166198535,-0.3388855316131306,0.0713069618335982,-0.132011075880179,0.0431623494864525,461.9611897566407,0.9968188325115316,67559.22823739756,95.16243290901184,"[1, 2]","[2, 3]","{""beta_lookback"": 189, ""long_short_style"": ""extreme_plus_one"", ""n_buckets"": 3, ""tc_bps"": 15, ""vol_window"": 126}"
189,5,5,40,extreme_only,0.5414255010442539,0.0174953771008101,0.0577088861640897,-0.0011011917075862,0.0378867237116837,0.0846177024316396,-0.2067578839657601,0.0719693490361694,185.3839669158581,0.9968188325115316,42900.77672620218,47.24392485618591,[1],[5],"{""beta_lookback"": 189, ""long_short_style"": ""extreme_only"", ""n_buckets"": 5, ""tc_bps"": 5, ""vol_window"": 40}"
189,5,5,40,extreme_plus_one,0.2690273341354672,0.0095954791561312,0.0403397896830911,-0.197409221865994,-0.2672432390107511,0.0571764938988389,-0.1678220978905823,0.0513058921735165,369.76316208048354,0.9968188325115316,26414.466449538617,78.54256391525269,"[1, 2]","[4, 5]","{""beta_lookback"": 189, ""long_short_style"": ""extreme_plus_one"", ""n_buckets"": 5, ""tc_bps"": 5, ""vol_window"": 40}"
189,5,5,60,extreme_only,0.5414255010442539,0.0174953771008101,0.0577088861640897,-0.0011011917075862,0.0378867237116837,0.0846177024316396,-0.2067578839657601,0.0719693490361694,185.3839669158581,0.9968188325115316,42900.77672620218,47.22903680801392,[1],[5],"{""beta_lookback"": 189, ""long_short_style"": ""extreme_only"", ""n_buckets"": 5, ""tc_bps"": 5, ""vol_window"": 60}"
189,5,5,60,extreme_plus_one,0.2690273341354672,0.0095954791561312,0.0403397896830911,-0.197409221865994,-0.2672432390107511,0.0571764938988389,-0.1678220978905823,0.0513058921735165,369.76316208048354,0.9968188325115316,26414.466449538617,79.4833333492279,"[1, 2]","[4, 5]","{""beta_lookback"": 189, ""long_short_style"": ""extreme_plus_one"", ""n_buckets"": 5, ""tc_bps"": 5, ""vol_window"": 60}"
189,5,5,90,extreme_only,0.5414255010442539,0.0174953771008101,0.0577088861640897,-0.0011011917075862,0.0378867237116837,0.0846177024316396,-0.2067578839657601,0.0719693490361694,185.3839669158581,0.9968188325115316,42900.77672620218,47.396960735321045,[1],[5],"{""beta_lookback"": 189, ""long_short_style"": ""extreme_only"", ""n_buckets"": 5, ""tc_bps"": 5, ""vol_window"": 90}"
189,5,5,90,extreme_plus_one,0.2690273341354672,0.0095954791561312,0.0403397896830911,-0.197409221865994,-0.2672432390107511,0.0571764938988389,-0.1678220978905823,0.0513058921735165,369.76316208048354,0.9968188325115316,26414.466449538617,78.30577325820923,"[1, 2]","[4, 5]","{""beta_lookback"": 189, ""long_short_style"": ""extreme_plus_one"", ""n_buckets"": 5, ""tc_bps"": 5, ""vol_window"": 90}"
189,5,5,126,extreme_only,0.5414255010442539,0.0174953771008101,0.0577088861640897,-0.0011011917075862,0.0378867237116837,0.0846177024316396,-0.2067578839657601,0.0719693490361694,185.3839669158581,0.9968188325115316,42900.77672620218,47.05324363708496,[1],[5],"{""beta_lookback"": 189, ""long_short_style"": ""extreme_only"", ""n_buckets"": 5, ""tc_bps"": 5, ""vol_window"": 126}"
189,5,5,126,extreme_plus_one,0.2690273341354672,0.0095954791561312,0.0403397896830911,-0.197409221865994,-0.2672432390107511,0.0571764938988389,-0.1678220978905823,0.0513058921735165,369.76316208048354,0.9968188325115316,26414.466449538617,78.11778950691223,"[1, 2]","[4, 5]","{""beta_lookback"": 189, ""long_short_style"": ""extreme_plus_one"", ""n_buckets"": 5, ""tc_bps"": 5, ""vol_window"": 126}"
189,5,10,40,extreme_only,0.4961673528425279,0.0162807036997312,0.0577273917101705,-0.0221423818071393,0.006693386048473,0.0780827510263286,-0.2085057645348784,0.0719841040408055,185.3839669158581,0.9968188325115316,84470.91117903602,47.44270062446594,[1],[5],"{""beta_lookback"": 189, ""long_short_style"": ""extreme_only"", ""n_buckets"": 5, ""tc_bps"": 10, ""vol_window"": 40}"
189,5,10,40,extreme_plus_one,0.242205356843709,0.0087313694150068,0.0403537569848759,-0.2187542596346035,-0.2990065688207884,0.0508883736060216,-0.1715788655893232,0.0513016933288282,369.76316208048354,0.9968188325115316,52256.03172236342,78.99806022644043,"[1, 2]","[4, 5]","{""beta_lookback"": 189, ""long_short_style"": ""extreme_plus_one"", ""n_buckets"": 5, ""tc_bps"": 10, ""vol_window"": 40}"
189,5,10,60,extreme_only,0.4961673528425279,0.0162807036997312,0.0577273917101705,-0.0221423818071393,0.006693386048473,0.0780827510263286,-0.2085057645348784,0.0719841040408055,185.3839669158581,0.9968188325115316,84470.91117903602,47.322181940078735,[1],[5],"{""beta_lookback"": 189, ""long_short_style"": ""extreme_only"", ""n_buckets"": 5, ""tc_bps"": 10, ""vol_window"": 60}"
189,5,10,60,extreme_plus_one,0.242205356843709,0.0087313694150068,0.0403537569848759,-0.2187542596346035,-0.2990065688207884,0.0508883736060216,-0.1715788655893232,0.0513016933288282,369.76316208048354,0.9968188325115316,52256.03172236342,79.06185221672058,"[1, 2]","[4, 5]","{""beta_lookback"": 189, ""long_short_style"": ""extreme_plus_one"", ""n_buckets"": 5, ""tc_bps"": 10, ""vol_window"": 60}"
189,5,10,90,extreme_only,0.4961673528425279,0.0162807036997312,0.0577273917101705,-0.0221423818071393,0.006693386048473,0.0780827510263286,-0.2085057645348784,0.0719841040408055,185.3839669158581,0.9968188325115316,84470.91117903602,47.63184452056885,[1],[5],"{""beta_lookback"": 189, ""long_short_style"": ""extreme_only"", ""n_buckets"": 5, ""tc_bps"": 10, ""vol_window"": 90}"
189,5,10,90,extreme_plus_one,0.242205356843709,0.0087313694150068,0.0403537569848759,-0.2187542596346035,-0.2990065688207884,0.0508883736060216,-0.1715788655893232,0.0513016933288282,369.76316208048354,0.9968188325115316,52256.03172236342,79.83535194396973,"[1, 2]","[4, 5]","{""beta_lookback"": 189, ""long_short_style"": ""extreme_plus_one"", ""n_buckets"": 5, ""tc_bps"": 10, ""vol_window"": 90}"
189,5,10,126,extreme_only,0.4961673528425279,0.0162807036997312,0.0577273917101705,-0.0221423818071393,0.006693386048473,0.0780827510263286,-0.2085057645348784,0.0719841040408055,185.3839669158581,0.9968188325115316,84470.91117903602,46.41296720504761,[1],[5],"{""beta_lookback"": 189, ""long_short_style"": ""extreme_only"", ""n_buckets"": 5, ""tc_bps"": 10, ""vol_window"": 126}"
189,5,10,126,extreme_plus_one,0.242205356843709,0.0087313694150068,0.0403537569848759,-0.2187542596346035,-0.2990065688207884,0.0508883736060216,-0.1715788655893232,0.0513016933288282,369.76316208048354,0.9968188325115316,52256.03172236342,79.93720650672913,"[1, 2]","[4, 5]","{""beta_lookback"": 189, ""long_short_style"": ""extreme_plus_one"", ""n_buckets"": 5, ""tc_bps"": 10, ""vol_window"": 126}"
189,5,15,40,extreme_only,0.4522307335411211,0.0150672756719774,0.0577492795901133,-0.0431459923555006,-0.0244942142901798,0.0716636100189938,-0.210250023240302,0.0720000780454435,185.3839669158581,0.9968188325115316,124749.57203704667,46.43516635894776,[1],[5],"{""beta_lookback"": 189, ""long_short_style"": ""extreme_only"", ""n_buckets"": 5, ""tc_bps"": 15, ""vol_window"": 40}"
189,5,15,40,extreme_plus_one,0.215947068664426,0.0078678924060122,0.0403702699074749,-0.2400537143771101,-0.3307341851550378,0.0448569794469335,-0.1753995142566409,0.051298496083087,369.76316208048354,0.9968188325115316,77536.7031016639,79.06899619102478,"[1, 2]","[4, 5]","{""beta_lookback"": 189, ""long_short_style"": ""extreme_plus_one"", ""n_buckets"": 5, ""tc_bps"": 15, ""vol_window"": 40}"
189,5,15,60,extreme_only,0.4522307335411211,0.0150672756719774,0.0577492795901133,-0.0431459923555006,-0.0244942142901798,0.0716636100189938,-0.210250023240302,0.0720000780454435,185.3839669158581,0.9968188325115316,124749.57203704667,49.766719579696655,[1],[5],"{""beta_lookback"": 189, ""long_short_style"": ""extreme_only"", ""n_buckets"": 5, ""tc_bps"": 15, ""vol_window"": 60}"
189,5,15,60,extreme_plus_one,0.215947068664426,0.0078678924060122,0.0403702699074749,-0.2400537143771101,-0.3307341851550378,0.0448569794469335,-0.1753995142566409,0.051298496083087,369.76316208048354,0.9968188325115316,77536.7031016639,79.50891757011414,"[1, 2]","[4, 5]","{""beta_lookback"": 189, ""long_short_style"": ""extreme_plus_one"", ""n_buckets"": 5, ""tc_bps"": 15, ""vol_window"": 60}"
189,5,15,90,extreme_only,0.4522307335411211,0.0150672756719774,0.0577492795901133,-0.0431459923555006,-0.0244942142901798,0.0716636100189938,-0.210250023240302,0.0720000780454435,185.3839669158581,0.9968188325115316,124749.57203704667,47.34247446060181,[1],[5],"{""beta_lookback"": 189, ""long_short_style"": ""extreme_only"", ""n_buckets"": 5, ""tc_bps"": 15, ""vol_window"": 90}"
189,5,15,90,extreme_plus_one,0.215947068664426,0.0078678924060122,0.0403702699074749,-0.2400537143771101,-0.3307341851550378,0.0448569794469335,-0.1753995142566409,0.051298496083087,369.76316208048354,0.9968188325115316,77536.7031016639,78.68301367759705,"[1, 2]","[4, 5]","{""beta_lookback"": 189, ""long_short_style"": ""extreme_plus_one"", ""n_buckets"": 5, ""tc_bps"": 15, ""vol_window"": 90}"
189,5,15,126,extreme_only,0.4522307335411211,0.0150672756719774,0.0577492795901133,-0.0431459923555006,-0.0244942142901798,0.0716636100189938,-0.210250023240302,0.0720000780454435,185.3839669158581,0.9968188325115316,124749.57203704667,48.09249997138977,[1],[5],"{""beta_lookback"": 189, ""long_short_style"": ""extreme_only"", ""n_buckets"": 5, ""tc_bps"": 15, ""vol_window"": 126}"
189,5,15,126,extreme_plus_one,0.215947068664426,0.0078678924060122,0.0403702699074749,-0.2400537143771101,-0.3307341851550378,0.0448569794469335,-0.1753995142566409,0.051298496083087,369.76316208048354,0.9968188325115316,77536.7031016639,78.87702918052673,"[1, 2]","[4, 5]","{""beta_lookback"": 189, ""long_short_style"": ""extreme_plus_one"", ""n_buckets"": 5, ""tc_bps"": 15, ""vol_window"": 126}"
189,7,5,40,extreme_only,0.7220733167338642,0.0220251649722107,0.0654438329283295,0.0682453811865483,0.1466487686373803,0.096190476441177,-0.2289744867380888,0.07842805139162,132.72975982185463,0.9968188325115316,53430.07325930192,38.080578088760376,[1],[7],"{""beta_lookback"": 189, ""long_short_style"": ""extreme_only"", ""n_buckets"": 7, ""tc_bps"": 5, ""vol_window"": 40}"
189,7,5,40,extreme_plus_one,0.3223288544390437,0.011261829726862,0.048943831472726,-0.1286596437460173,-0.1582110111575844,0.0553288744381622,-0.2035434452845906,0.0617101738777125,264.457929059965,0.9968188325115316,32719.243219284373,60.18151092529297,"[1, 2]","[6, 7]","{""beta_lookback"": 189, ""long_short_style"": ""extreme_plus_one"", ""n_buckets"": 7, ""tc_bps"": 5, ""vol_window"": 40}"
189,7,5,60,extreme_only,0.7220733167338642,0.0220251649722107,0.0654438329283295,0.0682453811865483,0.1466487686373803,0.096190476441177,-0.2289744867380888,0.07842805139162,132.72975982185463,0.9968188325115316,53430.07325930192,37.14238023757935,[1],[7],"{""beta_lookback"": 189, ""long_short_style"": ""extreme_only"", ""n_buckets"": 7, ""tc_bps"": 5, ""vol_window"": 60}"
189,7,5,60,extreme_plus_one,0.3223288544390437,0.011261829726862,0.048943831472726,-0.1286596437460173,-0.1582110111575844,0.0553288744381622,-0.2035434452845906,0.0617101738777125,264.457929059965,0.9968188325115316,32719.243219284373,60.38557648658752,"[1, 2]","[6, 7]","{""beta_lookback"": 189, ""long_short_style"": ""extreme_plus_one"", ""n_buckets"": 7, ""tc_bps"": 5, ""vol_window"": 60}"
189,7,5,90,extreme_only,0.7220733167338642,0.0220251649722107,0.0654438329283295,0.0682453811865483,0.1466487686373803,0.096190476441177,-0.2289744867380888,0.07842805139162,132.72975982185463,0.9968188325115316,53430.07325930192,39.14447736740112,[1],[7],"{""beta_lookback"": 189, ""long_short_style"": ""extreme_only"", ""n_buckets"": 7, ""tc_bps"": 5, ""vol_window"": 90}"
189,7,5,90,extreme_plus_one,0.3223288544390437,0.011261829726862,0.048943831472726,-0.1286596437460173,-0.1582110111575844,0.0553288744381622,-0.2035434452845906,0.0617101738777125,264.457929059965,0.9968188325115316,32719.243219284373,60.6253764629364,"[1, 2]","[6, 7]","{""beta_lookback"": 189, ""long_short_style"": ""extreme_plus_one"", ""n_buckets"": 7, ""tc_bps"": 5, ""vol_window"": 90}"
189,7,5,126,extreme_only,0.7220733167338642,0.0220251649722107,0.0654438329283295,0.0682453811865483,0.1466487686373803,0.096190476441177,-0.2289744867380888,0.07842805139162,132.72975982185463,0.9968188325115316,53430.07325930192,38.87060713768005,[1],[7],"{""beta_lookback"": 189, ""long_short_style"": ""extreme_only"", ""n_buckets"": 7, ""tc_bps"": 5, ""vol_window"": 126}"
189,7,5,126,extreme_plus_one,0.3223288544390437,0.011261829726862,0.048943831472726,-0.1286596437460173,-0.1582110111575844,0.0553288744381622,-0.2035434452845906,0.0617101738777125,264.457929059965,0.9968188325115316,32719.243219284373,60.48998951911926,"[1, 2]","[6, 7]","{""beta_lookback"": 189, ""long_short_style"": ""extreme_plus_one"", ""n_buckets"": 7, ""tc_bps"": 5, ""vol_window"": 126}"
189,7,10,40,extreme_only,0.6646990931778705,0.0206380063321351,0.0654651891359139,0.0470338621955941,0.1153882999950965,0.0890093412097921,-0.2318633758168378,0.0784210235663755,132.72975982185463,0.9968188325115316,104957.45001563034,37.1201765537262,[1],[7],"{""beta_lookback"": 189, ""long_short_style"": ""extreme_only"", ""n_buckets"": 7, ""tc_bps"": 10, ""vol_window"": 40}"
189,7,10,40,extreme_plus_one,0.2891413704449861,0.0102320552899053,0.0489617344969467,-0.1496448284171729,-0.1893957389927558,0.0492516642712454,-0.2077504474479072,0.0617046420949674,264.457929059965,0.9968188325115316,64591.955010359576,60.90897488594055,"[1, 2]","[6, 7]","{""beta_lookback"": 189, ""long_short_style"": ""extreme_plus_one"", ""n_buckets"": 7, ""tc_bps"": 10, ""vol_window"": 40}"
189,7,10,60,extreme_only,0.6646990931778705,0.0206380063321351,0.0654651891359139,0.0470338621955941,0.1153882999950965,0.0890093412097921,-0.2318633758168378,0.0784210235663755,132.72975982185463,0.9968188325115316,104957.45001563034,39.556535482406616,[1],[7],"{""beta_lookback"": 189, ""long_short_style"": ""extreme_only"", ""n_buckets"": 7, ""tc_bps"": 10, ""vol_window"": 60}"
189,7,10,60,extreme_plus_one,0.2891413704449861,0.0102320552899053,0.0489617344969467,-0.1496448284171729,-0.1893957389927558,0.0492516642712454,-0.2077504474479072,0.0617046420949674,264.457929059965,0.9968188325115316,64591.955010359576,60.67489504814148,"[1, 2]","[6, 7]","{""beta_lookback"": 189, ""long_short_style"": ""extreme_plus_one"", ""n_buckets"": 7, ""tc_bps"": 10, ""vol_window"": 60}"
189,7,10,90,extreme_only,0.6646990931778705,0.0206380063321351,0.0654651891359139,0.0470338621955941,0.1153882999950965,0.0890093412097921,-0.2318633758168378,0.0784210235663755,132.72975982185463,0.9968188325115316,104957.45001563034,38.3523268699646,[1],[7],"{""beta_lookback"": 189, ""long_short_style"": ""extreme_only"", ""n_buckets"": 7, ""tc_bps"": 10, ""vol_window"": 90}"
189,7,10,90,extreme_plus_one,0.2891413704449861,0.0102320552899053,0.0489617344969467,-0.1496448284171729,-0.1893957389927558,0.0492516642712454,-0.2077504474479072,0.0617046420949674,264.457929059965,0.9968188325115316,64591.955010359576,60.45150947570801,"[1, 2]","[6, 7]","{""beta_lookback"": 189, ""long_short_style"": ""extreme_plus_one"", ""n_buckets"": 7, ""tc_bps"": 10, ""vol_window"": 90}"
189,7,10,126,extreme_only,0.6646990931778705,0.0206380063321351,0.0654651891359139,0.0470338621955941,0.1153882999950965,0.0890093412097921,-0.2318633758168378,0.0784210235663755,132.72975982185463,0.9968188325115316,104957.45001563034,37.633214712142944,[1],[7],"{""beta_lookback"": 189, ""long_short_style"": ""extreme_only"", ""n_buckets"": 7, ""tc_bps"": 10, ""vol_window"": 126}"
189,7,10,126,extreme_plus_one,0.2891413704449861,0.0102320552899053,0.0489617344969467,-0.1496448284171729,-0.1893957389927558,0.0492516642712454,-0.2077504474479072,0.0617046420949674,264.457929059965,0.9968188325115316,64591.955010359576,60.41093993186951,"[1, 2]","[6, 7]","{""beta_lookback"": 189, ""long_short_style"": ""extreme_plus_one"", ""n_buckets"": 7, ""tc_bps"": 10, ""vol_window"": 126}"
189,7,15,40,extreme_only,0.6092259915809983,0.0192524660999118,0.0654903788790177,0.0258593778382659,0.0841336928519014,0.0820154669727351,-0.2347418945540116,0.0784152743128325,132.72975982185463,0.9968188325115316,154645.87273860828,38.20570349693298,[1],[7],"{""beta_lookback"": 189, ""long_short_style"": ""extreme_only"", ""n_buckets"": 7, ""tc_bps"": 15, ""vol_window"": 40}"
189,7,15,40,extreme_plus_one,0.2567822130013315,0.0092031812676769,0.0489825397618409,-0.1705861807219022,-0.2205421610211499,0.0434243965712082,-0.2119357318549116,0.06170051607788,264.457929059965,0.9968188325115316,95639.2196048181,60.52297592163086,"[1, 2]","[6, 7]","{""beta_lookback"": 189, ""long_short_style"": ""extreme_plus_one"", ""n_buckets"": 7, ""tc_bps"": 15, ""vol_window"": 40}"
189,7,15,60,extreme_only,0.6092259915809983,0.0192524660999118,0.0654903788790177,0.0258593778382659,0.0841336928519014,0.0820154669727351,-0.2347418945540116,0.0784152743128325,132.72975982185463,0.9968188325115316,154645.87273860828,38.80827045440674,[1],[7],"{""beta_lookback"": 189, ""long_short_style"": ""extreme_only"", ""n_buckets"": 7, ""tc_bps"": 15, ""vol_window"": 60}"
189,7,15,60,extreme_plus_one,0.2567822130013315,0.0092031812676769,0.0489825397618409,-0.1705861807219022,-0.2205421610211499,0.0434243965712082,-0.2119357318549116,0.06170051607788,264.457929059965,0.9968188325115316,95639.2196048181,59.67831897735596,"[1, 2]","[6, 7]","{""beta_lookback"": 189, ""long_short_style"": ""extreme_plus_one"", ""n_buckets"": 7, ""tc_bps"": 15, ""vol_window"": 60}"
189,7,15,90,extreme_only,0.6092259915809983,0.0192524660999118,0.0654903788790177,0.0258593778382659,0.0841336928519014,0.0820154669727351,-0.2347418945540116,0.0784152743128325,132.72975982185463,0.9968188325115316,154645.87273860828,37.1254403591156,[1],[7],"{""beta_lookback"": 189, ""long_short_style"": ""extreme_only"", ""n_buckets"": 7, ""tc_bps"": 15, ""vol_window"": 90}"
189,7,15,90,extreme_plus_one,0.2567822130013315,0.0092031812676769,0.0489825397618409,-0.1705861807219022,-0.2205421610211499,0.0434243965712082,-0.2119357318549116,0.06170051607788,264.457929059965,0.9968188325115316,95639.2196048181,60.36469483375549,"[1, 2]","[6, 7]","{""beta_lookback"": 189, ""long_short_style"": ""extreme_plus_one"", ""n_buckets"": 7, ""tc_bps"": 15, ""vol_window"": 90}"
189,7,15,126,extreme_only,0.6092259915809983,0.0192524660999118,0.0654903788790177,0.0258593778382659,0.0841336928519014,0.0820154669727351,-0.2347418945540116,0.0784152743128325,132.72975982185463,0.9968188325115316,154645.87273860828,38.88510036468506,[1],[7],"{""beta_lookback"": 189, ""long_short_style"": ""extreme_only"", ""n_buckets"": 7, ""tc_bps"": 15, ""vol_window"": 126}"
189,7,15,126,extreme_plus_one,0.2567822130013315,0.0092031812676769,0.0489825397618409,-0.1705861807219022,-0.2205421610211499,0.0434243965712082,-0.2119357318549116,0.06170051607788,264.457929059965,0.9968188325115316,95639.2196048181,61.59249949455261,"[1, 2]","[6, 7]","{""beta_lookback"": 189, ""long_short_style"": ""extreme_plus_one"", ""n_buckets"": 7, ""tc_bps"": 15, ""vol_window"": 126}"
189,10,5,40,extreme_only,0.5646376588488526,0.018105142725346,0.073601867789936,0.0074212393521975,0.0626246248216184,0.0666581317670462,-0.2716119135864629,0.083024136941288,93.13917607762048,0.9968188325115316,56130.8003320366,30.911359071731567,[1],[10],"{""beta_lookback"": 189, ""long_short_style"": ""extreme_only"", ""n_buckets"": 10, ""tc_bps"": 5, ""vol_window"": 40}"
189,10,5,40,extreme_plus_one,0.5414255010442539,0.0174953771008101,0.0577088861640897,-0.0011011917075862,0.0378867237116837,0.0846177024316396,-0.2067578839657601,0.0719693490361694,185.3839669158581,0.9968188325115316,42900.77672620218,46.57527780532837,"[1, 2]","[9, 10]","{""beta_lookback"": 189, ""long_short_style"": ""extreme_plus_one"", ""n_buckets"": 10, ""tc_bps"": 5, ""vol_window"": 40}"
189,10,5,60,extreme_only,0.5646376588488526,0.018105142725346,0.073601867789936,0.0074212393521975,0.0626246248216184,0.0666581317670462,-0.2716119135864629,0.083024136941288,93.13917607762048,0.9968188325115316,56130.8003320366,31.854809761047363,[1],[10],"{""beta_lookback"": 189, ""long_short_style"": ""extreme_only"", ""n_buckets"": 10, ""tc_bps"": 5, ""vol_window"": 60}"
189,10,5,60,extreme_plus_one,0.5414255010442539,0.0174953771008101,0.0577088861640897,-0.0011011917075862,0.0378867237116837,0.0846177024316396,-0.2067578839657601,0.0719693490361694,185.3839669158581,0.9968188325115316,42900.77672620218,46.17794442176819,"[1, 2]","[9, 10]","{""beta_lookback"": 189, ""long_short_style"": ""extreme_plus_one"", ""n_buckets"": 10, ""tc_bps"": 5, ""vol_window"": 60}"
189,10,5,90,extreme_only,0.5646376588488526,0.018105142725346,0.073601867789936,0.0074212393521975,0.0626246248216184,0.0666581317670462,-0.2716119135864629,0.083024136941288,93.13917607762048,0.9968188325115316,56130.8003320366,32.12211990356445,[1],[10],"{""beta_lookback"": 189, ""long_short_style"": ""extreme_only"", ""n_buckets"": 10, ""tc_bps"": 5, ""vol_window"": 90}"
189,10,5,90,extreme_plus_one,0.5414255010442539,0.0174953771008101,0.0577088861640897,-0.0011011917075862,0.0378867237116837,0.0846177024316396,-0.2067578839657601,0.0719693490361694,185.3839669158581,0.9968188325115316,42900.77672620218,47.43532872200012,"[1, 2]","[9, 10]","{""beta_lookback"": 189, ""long_short_style"": ""extreme_plus_one"", ""n_buckets"": 10, ""tc_bps"": 5, ""vol_window"": 90}"
189,10,5,126,extreme_only,0.5646376588488526,0.018105142725346,0.073601867789936,0.0074212393521975,0.0626246248216184,0.0666581317670462,-0.2716119135864629,0.083024136941288,93.13917607762048,0.9968188325115316,56130.8003320366,31.252666234970093,[1],[10],"{""beta_lookback"": 189, ""long_short_style"": ""extreme_only"", ""n_buckets"": 10, ""tc_bps"": 5, ""vol_window"": 126}"
189,10,5,126,extreme_plus_one,0.5414255010442539,0.0174953771008101,0.0577088861640897,-0.0011011917075862,0.0378867237116837,0.0846177024316396,-0.2067578839657601,0.0719693490361694,185.3839669158581,0.9968188325115316,42900.77672620218,47.474942684173584,"[1, 2]","[9, 10]","{""beta_lookback"": 189, ""long_short_style"": ""extreme_plus_one"", ""n_buckets"": 10, ""tc_bps"": 5, ""vol_window"": 126}"
189,10,10,40,extreme_only,0.5078256733008728,0.0165969369743441,0.0736229126428229,-0.0130664305286449,0.0326214567180486,0.0602778085123349,-0.2753407495056469,0.0830277940356449,93.13917607762048,0.9968188325115316,110097.56523281892,31.51530933380127,[1],[10],"{""beta_lookback"": 189, ""long_short_style"": ""extreme_only"", ""n_buckets"": 10, ""tc_bps"": 10, ""vol_window"": 40}"
189,10,10,40,extreme_plus_one,0.4961673528425279,0.0162807036997312,0.0577273917101705,-0.0221423818071393,0.006693386048473,0.0780827510263286,-0.2085057645348784,0.0719841040408055,185.3839669158581,0.9968188325115316,84470.91117903602,45.86323261260986,"[1, 2]","[9, 10]","{""beta_lookback"": 189, ""long_short_style"": ""extreme_plus_one"", ""n_buckets"": 10, ""tc_bps"": 10, ""vol_window"": 40}"
189,10,10,60,extreme_only,0.5078256733008728,0.0165969369743441,0.0736229126428229,-0.0130664305286449,0.0326214567180486,0.0602778085123349,-0.2753407495056469,0.0830277940356449,93.13917607762048,0.9968188325115316,110097.56523281892,31.52765941619873,[1],[10],"{""beta_lookback"": 189, ""long_short_style"": ""extreme_only"", ""n_buckets"": 10, ""tc_bps"": 10, ""vol_window"": 60}"
189,10,10,60,extreme_plus_one,0.4961673528425279,0.0162807036997312,0.0577273917101705,-0.0221423818071393,0.006693386048473,0.0780827510263286,-0.2085057645348784,0.0719841040408055,185.3839669158581,0.9968188325115316,84470.91117903602,46.98812341690064,"[1, 2]","[9, 10]","{""beta_lookback"": 189, ""long_short_style"": ""extreme_plus_one"", ""n_buckets"": 10, ""tc_bps"": 10, ""vol_window"": 60}"
189,10,10,90,extreme_only,0.5078256733008728,0.0165969369743441,0.0736229126428229,-0.0130664305286449,0.0326214567180486,0.0602778085123349,-0.2753407495056469,0.0830277940356449,93.13917607762048,0.9968188325115316,110097.56523281892,31.002359628677368,[1],[10],"{""beta_lookback"": 189, ""long_short_style"": ""extreme_only"", ""n_buckets"": 10, ""tc_bps"": 10, ""vol_window"": 90}"
189,10,10,90,extreme_plus_one,0.4961673528425279,0.0162807036997312,0.0577273917101705,-0.0221423818071393,0.006693386048473,0.0780827510263286,-0.2085057645348784,0.0719841040408055,185.3839669158581,0.9968188325115316,84470.91117903602,47.80512833595276,"[1, 2]","[9, 10]","{""beta_lookback"": 189, ""long_short_style"": ""extreme_plus_one"", ""n_buckets"": 10, ""tc_bps"": 10, ""vol_window"": 90}"
189,10,10,126,extreme_only,0.5078256733008728,0.0165969369743441,0.0736229126428229,-0.0130664305286449,0.0326214567180486,0.0602778085123349,-0.2753407495056469,0.0830277940356449,93.13917607762048,0.9968188325115316,110097.56523281892,32.16636633872986,[1],[10],"{""beta_lookback"": 189, ""long_short_style"": ""extreme_only"", ""n_buckets"": 10, ""tc_bps"": 10, ""vol_window"": 126}"
189,10,10,126,extreme_plus_one,0.4961673528425279,0.0162807036997312,0.0577273917101705,-0.0221423818071393,0.006693386048473,0.0780827510263286,-0.2085057645348784,0.0719841040408055,185.3839669158581,0.9968188325115316,84470.91117903602,46.46904516220093,"[1, 2]","[9, 10]","{""beta_lookback"": 189, ""long_short_style"": ""extreme_plus_one"", ""n_buckets"": 10, ""tc_bps"": 10, ""vol_window"": 126}"
189,10,15,40,extreme_only,0.4530652145591429,0.0150906485933874,0.0736480630503503,-0.0335144870359069,0.0026205526601541,0.0540784209483033,-0.2790512061698975,0.0830335528214509,93.13917607762048,0.9968188325115316,161978.88487308906,31.38544011116028,[1],[10],"{""beta_lookback"": 189, ""long_short_style"": ""extreme_only"", ""n_buckets"": 10, ""tc_bps"": 15, ""vol_window"": 40}"
189,10,15,40,extreme_plus_one,0.4522307335411211,0.0150672756719774,0.0577492795901133,-0.0431459923555006,-0.0244942142901798,0.0716636100189938,-0.210250023240302,0.0720000780454435,185.3839669158581,0.9968188325115316,124749.57203704667,47.10725593566895,"[1, 2]","[9, 10]","{""beta_lookback"": 189, ""long_short_style"": ""extreme_plus_one"", ""n_buckets"": 10, ""tc_bps"": 15, ""vol_window"": 40}"
189,10,15,60,extreme_only,0.4530652145591429,0.0150906485933874,0.0736480630503503,-0.0335144870359069,0.0026205526601541,0.0540784209483033,-0.2790512061698975,0.0830335528214509,93.13917607762048,0.9968188325115316,161978.88487308906,30.76166796684265,[1],[10],"{""beta_lookback"": 189, ""long_short_style"": ""extreme_only"", ""n_buckets"": 10, ""tc_bps"": 15, ""vol_window"": 60}"
189,10,15,60,extreme_plus_one,0.4522307335411211,0.0150672756719774,0.0577492795901133,-0.0431459923555006,-0.0244942142901798,0.0716636100189938,-0.210250023240302,0.0720000780454435,185.3839669158581,0.9968188325115316,124749.57203704667,47.04359078407288,"[1, 2]","[9, 10]","{""beta_lookback"": 189, ""long_short_style"": ""extreme_plus_one"", ""n_buckets"": 10, ""tc_bps"": 15, ""vol_window"": 60}"
189,10,15,90,extreme_only,0.4530652145591429,0.0150906485933874,0.0736480630503503,-0.0335144870359069,0.0026205526601541,0.0540784209483033,-0.2790512061698975,0.0830335528214509,93.13917607762048,0.9968188325115316,161978.88487308906,30.95331335067749,[1],[10],"{""beta_lookback"": 189, ""long_short_style"": ""extreme_only"", ""n_buckets"": 10, ""tc_bps"": 15, ""vol_window"": 90}"
189,10,15,90,extreme_plus_one,0.4522307335411211,0.0150672756719774,0.0577492795901133,-0.0431459923555006,-0.0244942142901798,0.0716636100189938,-0.210250023240302,0.0720000780454435,185.3839669158581,0.9968188325115316,124749.57203704667,47.438843727111816,"[1, 2]","[9, 10]","{""beta_lookback"": 189, ""long_short_style"": ""extreme_plus_one"", ""n_buckets"": 10, ""tc_bps"": 15, ""vol_window"": 90}"
189,10,15,126,extreme_only,0.4530652145591429,0.0150906485933874,0.0736480630503503,-0.0335144870359069,0.0026205526601541,0.0540784209483033,-0.2790512061698975,0.0830335528214509,93.13917607762048,0.9968188325115316,161978.88487308906,32.59188985824585,[1],[10],"{""beta_lookback"": 189, ""long_short_style"": ""extreme_only"", ""n_buckets"": 10, ""tc_bps"": 15, ""vol_window"": 126}"
189,10,15,126,extreme_plus_one,0.4522307335411211,0.0150672756719774,0.0577492795901133,-0.0431459923555006,-0.0244942142901798,0.0716636100189938,-0.210250023240302,0.0720000780454435,185.3839669158581,0.9968188325115316,124749.57203704667,47.4982898235321,"[1, 2]","[9, 10]","{""beta_lookback"": 189, ""long_short_style"": ""extreme_plus_one"", ""n_buckets"": 10, ""tc_bps"": 15, ""vol_window"": 126}"
252,3,5,40,extreme_only,0.3215378275424565,0.0112375749549691,0.0454175833761188,-0.1391828939992175,-0.1765290683261047,0.0611786581805657,-0.1836845607466903,0.0588910044922381,308.3225703833307,0.9968188325115316,29559.13148726688,67.89448547363281,[1],[3],"{""beta_lookback"": 252, ""long_short_style"": ""extreme_only"", ""n_buckets"": 3, ""tc_bps"": 5, ""vol_window"": 40}"
252,3,5,40,extreme_plus_one,0.3428153109163292,0.0118851901180501,0.0344998022115422,-0.1644570451409659,-0.2280802017599548,0.0968685621907806,-0.1226939870816135,0.0445114460632246,461.9611897566407,0.9968188325115316,22890.298812018576,94.0896201133728,"[1, 2]","[2, 3]","{""beta_lookback"": 252, ""long_short_style"": ""extreme_plus_one"", ""n_buckets"": 3, ""tc_bps"": 5, ""vol_window"": 40}"
252,3,5,60,extreme_only,0.3215378275424565,0.0112375749549691,0.0454175833761188,-0.1391828939992175,-0.1765290683261047,0.0611786581805657,-0.1836845607466903,0.0588910044922381,308.3225703833307,0.9968188325115316,29559.13148726688,75.30502367019653,[1],[3],"{""beta_lookback"": 252, ""long_short_style"": ""extreme_only"", ""n_buckets"": 3, ""tc_bps"": 5, ""vol_window"": 60}"
252,3,5,60,extreme_plus_one,0.3428153109163292,0.0118851901180501,0.0344998022115422,-0.1644570451409659,-0.2280802017599548,0.0968685621907806,-0.1226939870816135,0.0445114460632246,461.9611897566407,0.9968188325115316,22890.298812018576,94.6379337310791,"[1, 2]","[2, 3]","{""beta_lookback"": 252, ""long_short_style"": ""extreme_plus_one"", ""n_buckets"": 3, ""tc_bps"": 5, ""vol_window"": 60}"
252,3,5,90,extreme_only,0.3215378275424565,0.0112375749549691,0.0454175833761188,-0.1391828939992175,-0.1765290683261047,0.0611786581805657,-0.1836845607466903,0.0588910044922381,308.3225703833307,0.9968188325115316,29559.13148726688,68.2447726726532,[1],[3],"{""beta_lookback"": 252, ""long_short_style"": ""extreme_only"", ""n_buckets"": 3, ""tc_bps"": 5, ""vol_window"": 90}"
252,3,5,90,extreme_plus_one,0.3428153109163292,0.0118851901180501,0.0344998022115422,-0.1644570451409659,-0.2280802017599548,0.0968685621907806,-0.1226939870816135,0.0445114460632246,461.9611897566407,0.9968188325115316,22890.298812018576,94.75346994400024,"[1, 2]","[2, 3]","{""beta_lookback"": 252, ""long_short_style"": ""extreme_plus_one"", ""n_buckets"": 3, ""tc_bps"": 5, ""vol_window"": 90}"
252,3,5,126,extreme_only,0.3215378275424565,0.0112375749549691,0.0454175833761188,-0.1391828939992175,-0.1765290683261047,0.0611786581805657,-0.1836845607466903,0.0588910044922381,308.3225703833307,0.9968188325115316,29559.13148726688,68.7918312549591,[1],[3],"{""beta_lookback"": 252, ""long_short_style"": ""extreme_only"", ""n_buckets"": 3, ""tc_bps"": 5, ""vol_window"": 126}"
252,3,5,126,extreme_plus_one,0.3428153109163292,0.0118851901180501,0.0344998022115422,-0.1644570451409659,-0.2280802017599548,0.0968685621907806,-0.1226939870816135,0.0445114460632246,461.9611897566407,0.9968188325115316,22890.298812018576,97.48708415031432,"[1, 2]","[2, 3]","{""beta_lookback"": 252, ""long_short_style"": ""extreme_plus_one"", ""n_buckets"": 3, ""tc_bps"": 5, ""vol_window"": 126}"
252,3,10,40,extreme_only,0.291255505637588,0.0102984095527294,0.0454329787746289,-0.1598071773148443,-0.2071268151393355,0.0547746646290274,-0.1880141051063936,0.0588777281414987,308.3225703833307,0.9968188325115316,58421.36104277956,68.26075220108032,[1],[3],"{""beta_lookback"": 252, ""long_short_style"": ""extreme_only"", ""n_buckets"": 3, ""tc_bps"": 10, ""vol_window"": 40}"
252,3,10,40,extreme_plus_one,0.3184122108264178,0.0111415995660801,0.0345122283370581,-0.1859435449648205,-0.2605342687534143,0.0888271393161845,-0.125430129258369,0.0445058656177586,461.9611897566407,0.9968188325115316,45349.7308630619,95.75353932380676,"[1, 2]","[2, 3]","{""beta_lookback"": 252, ""long_short_style"": ""extreme_plus_one"", ""n_buckets"": 3, ""tc_bps"": 10, ""vol_window"": 40}"
252,3,10,60,extreme_only,0.291255505637588,0.0102984095527294,0.0454329787746289,-0.1598071773148443,-0.2071268151393355,0.0547746646290274,-0.1880141051063936,0.0588777281414987,308.3225703833307,0.9968188325115316,58421.36104277956,68.66537809371948,[1],[3],"{""beta_lookback"": 252, ""long_short_style"": ""extreme_only"", ""n_buckets"": 3, ""tc_bps"": 10, ""vol_window"": 60}"
252,3,10,60,extreme_plus_one,0.3184122108264178,0.0111415995660801,0.0345122283370581,-0.1859435449648205,-0.2605342687534143,0.0888271393161845,-0.125430129258369,0.0445058656177586,461.9611897566407,0.9968188325115316,45349.7308630619,95.73369908332825,"[1, 2]","[2, 3]","{""beta_lookback"": 252, ""long_short_style"": ""extreme_plus_one"", ""n_buckets"": 3, ""tc_bps"": 10, ""vol_window"": 60}"
252,3,10,90,extreme_only,0.291255505637588,0.0102984095527294,0.0454329787746289,-0.1598071773148443,-0.2071268151393355,0.0547746646290274,-0.1880141051063936,0.0588777281414987,308.3225703833307,0.9968188325115316,58421.36104277956,68.03712487220764,[1],[3],"{""beta_lookback"": 252, ""long_short_style"": ""extreme_only"", ""n_buckets"": 3, ""tc_bps"": 10, ""vol_window"": 90}"
252,3,10,90,extreme_plus_one,0.3184122108264178,0.0111415995660801,0.0345122283370581,-0.1859435449648205,-0.2605342687534143,0.0888271393161845,-0.125430129258369,0.0445058656177586,461.9611897566407,0.9968188325115316,45349.7308630619,95.59143137931824,"[1, 2]","[2, 3]","{""beta_lookback"": 252, ""long_short_style"": ""extreme_plus_one"", ""n_buckets"": 3, ""tc_bps"": 10, ""vol_window"": 90}"
252,3,10,126,extreme_only,0.291255505637588,0.0102984095527294,0.0454329787746289,-0.1598071773148443,-0.2071268151393355,0.0547746646290274,-0.1880141051063936,0.0588777281414987,308.3225703833307,0.9968188325115316,58421.36104277956,70.45636558532715,[1],[3],"{""beta_lookback"": 252, ""long_short_style"": ""extreme_only"", ""n_buckets"": 3, ""tc_bps"": 10, ""vol_window"": 126}"
252,3,10,126,extreme_plus_one,0.3184122108264178,0.0111415995660801,0.0345122283370581,-0.1859435449648205,-0.2605342687534143,0.0888271393161845,-0.125430129258369,0.0445058656177586,461.9611897566407,0.9968188325115316,45349.7308630619,95.44767236709596,"[1, 2]","[2, 3]","{""beta_lookback"": 252, ""long_short_style"": ""extreme_plus_one"", ""n_buckets"": 3, ""tc_bps"": 10, ""vol_window"": 126}"
252,3,15,40,extreme_only,0.261663192317791,0.0093599914990201,0.045451011621383,-0.1803905756154984,-0.2376939081874788,0.0486685482119402,-0.1923211569463614,0.0588653996322889,308.3225703833307,0.9968188325115316,86602.52780371638,68.11942028999329,[1],[3],"{""beta_lookback"": 252, ""long_short_style"": ""extreme_only"", ""n_buckets"": 3, ""tc_bps"": 15, ""vol_window"": 40}"
252,3,15,40,extreme_plus_one,0.2944499607703588,0.0103984731730402,0.0345269437508345,-0.207387382049847,-0.2929587178717387,0.0811379255967888,-0.1281579864971522,0.0445006316096815,461.9611897566407,0.9968188325115316,67386.11966494142,94.72389221191406,"[1, 2]","[2, 3]","{""beta_lookback"": 252, ""long_short_style"": ""extreme_plus_one"", ""n_buckets"": 3, ""tc_bps"": 15, ""vol_window"": 40}"
252,3,15,60,extreme_only,0.261663192317791,0.0093599914990201,0.045451011621383,-0.1803905756154984,-0.2376939081874788,0.0486685482119402,-0.1923211569463614,0.0588653996322889,308.3225703833307,0.9968188325115316,86602.52780371638,68.22559881210327,[1],[3],"{""beta_lookback"": 252, ""long_short_style"": ""extreme_only"", ""n_buckets"": 3, ""tc_bps"": 15, ""vol_window"": 60}"
252,3,15,60,extreme_plus_one,0.2944499607703588,0.0103984731730402,0.0345269437508345,-0.207387382049847,-0.2929587178717387,0.0811379255967888,-0.1281579864971522,0.0445006316096815,461.9611897566407,0.9968188325115316,67386.11966494142,95.26814246177672,"[1, 2]","[2, 3]","{""beta_lookback"": 252, ""long_short_style"": ""extreme_plus_one"", ""n_buckets"": 3, ""tc_bps"": 15, ""vol_window"": 60}"
252,3,15,90,extreme_only,0.261663192317791,0.0093599914990201,0.045451011621383,-0.1803905756154984,-0.2376939081874788,0.0486685482119402,-0.1923211569463614,0.0588653996322889,308.3225703833307,0.9968188325115316,86602.52780371638,69.10782551765442,[1],[3],"{""beta_lookback"": 252, ""long_short_style"": ""extreme_only"", ""n_buckets"": 3, ""tc_bps"": 15, ""vol_window"": 90}"
252,3,15,90,extreme_plus_one,0.2944499607703588,0.0103984731730402,0.0345269437508345,-0.207387382049847,-0.2929587178717387,0.0811379255967888,-0.1281579864971522,0.0445006316096815,461.9611897566407,0.9968188325115316,67386.11966494142,95.79294848442078,"[1, 2]","[2, 3]","{""beta_lookback"": 252, ""long_short_style"": ""extreme_plus_one"", ""n_buckets"": 3, ""tc_bps"": 15, ""vol_window"": 90}"
252,3,15,126,extreme_only,0.261663192317791,0.0093599914990201,0.045451011621383,-0.1803905756154984,-0.2376939081874788,0.0486685482119402,-0.1923211569463614,0.0588653996322889,308.3225703833307,0.9968188325115316,86602.52780371638,71.10999488830566,[1],[3],"{""beta_lookback"": 252, ""long_short_style"": ""extreme_only"", ""n_buckets"": 3, ""tc_bps"": 15, ""vol_window"": 126}"
252,3,15,126,extreme_plus_one,0.2944499607703588,0.0103984731730402,0.0345269437508345,-0.207387382049847,-0.2929587178717387,0.0811379255967888,-0.1281579864971522,0.0445006316096815,461.9611897566407,0.9968188325115316,67386.11966494142,97.5331666469574,"[1, 2]","[2, 3]","{""beta_lookback"": 252, ""long_short_style"": ""extreme_plus_one"", ""n_buckets"": 3, ""tc_bps"": 15, ""vol_window"": 126}"
252,5,5,40,extreme_only,0.6051061063411582,0.0191477433237039,0.0580486841822485,0.0273704339448525,0.080187877542513,0.0936645784539817,-0.2044288635016001,0.0737961801010231,185.3839669158581,0.9968188325115316,43282.16948319596,47.324262857437134,[1],[5],"{""beta_lookback"": 252, ""long_short_style"": ""extreme_only"", ""n_buckets"": 5, ""tc_bps"": 5, ""vol_window"": 40}"
252,5,5,40,extreme_plus_one,0.3006646396017638,0.0105924654426885,0.0406228466299866,-0.1714911874215412,-0.2279743605297923,0.0648518369719234,-0.1633333138624026,0.0526038178636277,369.76316208048354,0.9968188325115316,26310.224948527662,90.67188239097597,"[1, 2]","[4, 5]","{""beta_lookback"": 252, ""long_short_style"": ""extreme_plus_one"", ""n_buckets"": 5, ""tc_bps"": 5, ""vol_window"": 40}"
252,5,5,60,extreme_only,0.6051061063411582,0.0191477433237039,0.0580486841822485,0.0273704339448525,0.080187877542513,0.0936645784539817,-0.2044288635016001,0.0737961801010231,185.3839669158581,0.9968188325115316,43282.16948319596,68.19363379478455,[1],[5],"{""beta_lookback"": 252, ""long_short_style"": ""extreme_only"", ""n_buckets"": 5, ""tc_bps"": 5, ""vol_window"": 60}"
252,5,5,60,extreme_plus_one,0.3006646396017638,0.0105924654426885,0.0406228466299866,-0.1714911874215412,-0.2279743605297923,0.0648518369719234,-0.1633333138624026,0.0526038178636277,369.76316208048354,0.9968188325115316,26310.224948527662,95.93713593482973,"[1, 2]","[4, 5]","{""beta_lookback"": 252, ""long_short_style"": ""extreme_plus_one"", ""n_buckets"": 5, ""tc_bps"": 5, ""vol_window"": 60}"
252,5,5,90,extreme_only,0.6051061063411582,0.0191477433237039,0.0580486841822485,0.0273704339448525,0.080187877542513,0.0936645784539817,-0.2044288635016001,0.0737961801010231,185.3839669158581,0.9968188325115316,43282.16948319596,46.77972364425659,[1],[5],"{""beta_lookback"": 252, ""long_short_style"": ""extreme_only"", ""n_buckets"": 5, ""tc_bps"": 5, ""vol_window"": 90}"
252,5,5,90,extreme_plus_one,0.3006646396017638,0.0105924654426885,0.0406228466299866,-0.1714911874215412,-0.2279743605297923,0.0648518369719234,-0.1633333138624026,0.0526038178636277,369.76316208048354,0.9968188325115316,26310.224948527662,80.74879336357117,"[1, 2]","[4, 5]","{""beta_lookback"": 252, ""long_short_style"": ""extreme_plus_one"", ""n_buckets"": 5, ""tc_bps"": 5, ""vol_window"": 90}"
252,5,5,126,extreme_only,0.6051061063411582,0.0191477433237039,0.0580486841822485,0.0273704339448525,0.080187877542513,0.0936645784539817,-0.2044288635016001,0.0737961801010231,185.3839669158581,0.9968188325115316,43282.16948319596,46.83375024795532,[1],[5],"{""beta_lookback"": 252, ""long_short_style"": ""extreme_only"", ""n_buckets"": 5, ""tc_bps"": 5, ""vol_window"": 126}"
252,5,5,126,extreme_plus_one,0.3006646396017638,0.0105924654426885,0.0406228466299866,-0.1714911874215412,-0.2279743605297923,0.0648518369719234,-0.1633333138624026,0.0526038178636277,369.76316208048354,0.9968188325115316,26310.224948527662,79.3586676120758,"[1, 2]","[4, 5]","{""beta_lookback"": 252, ""long_short_style"": ""extreme_plus_one"", ""n_buckets"": 5, ""tc_bps"": 5, ""vol_window"": 126}"
252,5,10,40,extreme_only,0.5584317346516039,0.017942972723957,0.0580660825085947,0.0066139656690652,0.0495342890828444,0.0870292875544849,-0.206171660462276,0.0737920596091736,185.3839669158581,0.9968188325115316,85231.40296057056,47.64899277687073,[1],[5],"{""beta_lookback"": 252, ""long_short_style"": ""extreme_only"", ""n_buckets"": 5, ""tc_bps"": 10, ""vol_window"": 40}"
252,5,10,40,extreme_plus_one,0.2735329741047716,0.0097389127892419,0.0406359483264949,-0.1924407619488828,-0.2590426513289476,0.0587346039917391,-0.1658121810204381,0.0525910277115771,369.76316208048354,0.9968188325115316,52056.21347303065,78.96869826316833,"[1, 2]","[4, 5]","{""beta_lookback"": 252, ""long_short_style"": ""extreme_plus_one"", ""n_buckets"": 5, ""tc_bps"": 10, ""vol_window"": 40}"
252,5,10,60,extreme_only,0.5584317346516039,0.017942972723957,0.0580660825085947,0.0066139656690652,0.0495342890828444,0.0870292875544849,-0.206171660462276,0.0737920596091736,185.3839669158581,0.9968188325115316,85231.40296057056,47.23150277137756,[1],[5],"{""beta_lookback"": 252, ""long_short_style"": ""extreme_only"", ""n_buckets"": 5, ""tc_bps"": 10, ""vol_window"": 60}"
252,5,10,60,extreme_plus_one,0.2735329741047716,0.0097389127892419,0.0406359483264949,-0.1924407619488828,-0.2590426513289476,0.0587346039917391,-0.1658121810204381,0.0525910277115771,369.76316208048354,0.9968188325115316,52056.21347303065,78.73485016822815,"[1, 2]","[4, 5]","{""beta_lookback"": 252, ""long_short_style"": ""extreme_plus_one"", ""n_buckets"": 5, ""tc_bps"": 10, ""vol_window"": 60}"
252,5,10,90,extreme_only,0.5584317346516039,0.017942972723957,0.0580660825085947,0.0066139656690652,0.0495342890828444,0.0870292875544849,-0.206171660462276,0.0737920596091736,185.3839669158581,0.9968188325115316,85231.40296057056,47.618120193481445,[1],[5],"{""beta_lookback"": 252, ""long_short_style"": ""extreme_only"", ""n_buckets"": 5, ""tc_bps"": 10, ""vol_window"": 90}"
252,5,10,90,extreme_plus_one,0.2735329741047716,0.0097389127892419,0.0406359483264949,-0.1924407619488828,-0.2590426513289476,0.0587346039917391,-0.1658121810204381,0.0525910277115771,369.76316208048354,0.9968188325115316,52056.21347303065,79.23263025283813,"[1, 2]","[4, 5]","{""beta_lookback"": 252, ""long_short_style"": ""extreme_plus_one"", ""n_buckets"": 5, ""tc_bps"": 10, ""vol_window"": 90}"
252,5,10,126,extreme_only,0.5584317346516039,0.017942972723957,0.0580660825085947,0.0066139656690652,0.0495342890828444,0.0870292875544849,-0.206171660462276,0.0737920596091736,185.3839669158581,0.9968188325115316,85231.40296057056,47.60019850730896,[1],[5],"{""beta_lookback"": 252, ""long_short_style"": ""extreme_only"", ""n_buckets"": 5, ""tc_bps"": 10, ""vol_window"": 126}"
252,5,10,126,extreme_plus_one,0.2735329741047716,0.0097389127892419,0.0406359483264949,-0.1924407619488828,-0.2590426513289476,0.0587346039917391,-0.1658121810204381,0.0525910277115771,369.76316208048354,0.9968188325115316,52056.21347303065,78.55759048461914,"[1, 2]","[4, 5]","{""beta_lookback"": 252, ""long_short_style"": ""extreme_plus_one"", ""n_buckets"": 5, ""tc_bps"": 10, ""vol_window"": 126}"
252,5,15,40,extreme_only,0.5131071036797608,0.0167394246319976,0.0580867902672328,-0.0141082165487248,0.0188830120678085,0.0805125050318503,-0.2079108658384879,0.073788986539659,185.3839669158581,0.9968188325115316,125886.64494639494,47.21016049385071,[1],[5],"{""beta_lookback"": 252, ""long_short_style"": ""extreme_only"", ""n_buckets"": 5, ""tc_bps"": 15, ""vol_window"": 40}"
252,5,15,40,extreme_plus_one,0.2469640418058967,0.0088859763293864,0.0406515261776357,-0.2133486767611939,-0.2900835658361944,0.0523805142076047,-0.1696427853718241,0.0525786886677358,369.76316208048354,0.9968188325115316,77249.65591428021,78.81448411941528,"[1, 2]","[4, 5]","{""beta_lookback"": 252, ""long_short_style"": ""extreme_plus_one"", ""n_buckets"": 5, ""tc_bps"": 15, ""vol_window"": 40}"
252,5,15,60,extreme_only,0.5131071036797608,0.0167394246319976,0.0580867902672328,-0.0141082165487248,0.0188830120678085,0.0805125050318503,-0.2079108658384879,0.073788986539659,185.3839669158581,0.9968188325115316,125886.64494639494,48.10913634300232,[1],[5],"{""beta_lookback"": 252, ""long_short_style"": ""extreme_only"", ""n_buckets"": 5, ""tc_bps"": 15, ""vol_window"": 60}"
252,5,15,60,extreme_plus_one,0.2469640418058967,0.0088859763293864,0.0406515261776357,-0.2133486767611939,-0.2900835658361944,0.0523805142076047,-0.1696427853718241,0.0525786886677358,369.76316208048354,0.9968188325115316,77249.65591428021,78.58438611030579,"[1, 2]","[4, 5]","{""beta_lookback"": 252, ""long_short_style"": ""extreme_plus_one"", ""n_buckets"": 5, ""tc_bps"": 15, ""vol_window"": 60}"
252,5,15,90,extreme_only,0.5131071036797608,0.0167394246319976,0.0580867902672328,-0.0141082165487248,0.0188830120678085,0.0805125050318503,-0.2079108658384879,0.073788986539659,185.3839669158581,0.9968188325115316,125886.64494639494,47.33773589134216,[1],[5],"{""beta_lookback"": 252, ""long_short_style"": ""extreme_only"", ""n_buckets"": 5, ""tc_bps"": 15, ""vol_window"": 90}"
252,5,15,90,extreme_plus_one,0.2469640418058967,0.0088859763293864,0.0406515261776357,-0.2133486767611939,-0.2900835658361944,0.0523805142076047,-0.1696427853718241,0.0525786886677358,369.76316208048354,0.9968188325115316,77249.65591428021,78.58076310157776,"[1, 2]","[4, 5]","{""beta_lookback"": 252, ""long_short_style"": ""extreme_plus_one"", ""n_buckets"": 5, ""tc_bps"": 15, ""vol_window"": 90}"
252,5,15,126,extreme_only,0.5131071036797608,0.0167394246319976,0.0580867902672328,-0.0141082165487248,0.0188830120678085,0.0805125050318503,-0.2079108658384879,0.073788986539659,185.3839669158581,0.9968188325115316,125886.64494639494,46.96212077140808,[1],[5],"{""beta_lookback"": 252, ""long_short_style"": ""extreme_only"", ""n_buckets"": 5, ""tc_bps"": 15, ""vol_window"": 126}"
252,5,15,126,extreme_plus_one,0.2469640418058967,0.0088859763293864,0.0406515261776357,-0.2133486767611939,-0.2900835658361944,0.0523805142076047,-0.1696427853718241,0.0525786886677358,369.76316208048354,0.9968188325115316,77249.65591428021,80.2205822467804,"[1, 2]","[4, 5]","{""beta_lookback"": 252, ""long_short_style"": ""extreme_plus_one"", ""n_buckets"": 5, ""tc_bps"": 15, ""vol_window"": 126}"
252,7,5,40,extreme_only,0.8036172471759866,0.0239222042266022,0.0658536224394416,0.0966276165710671,0.1884710577578088,0.1052350841924132,-0.2273215668537178,0.0811550689797936,132.72975982185463,0.9968188325115316,54354.88734744338,37.75779819488525,[1],[7],"{""beta_lookback"": 252, ""long_short_style"": ""extreme_only"", ""n_buckets"": 7, ""tc_bps"": 5, ""vol_window"": 40}"
252,7,5,40,extreme_plus_one,0.368126877376262,0.0126428813308394,0.0492752521527772,-0.0997670047760794,-0.1149442947943712,0.063982783275206,-0.1975981769417447,0.063587650896159,264.457929059965,0.9968188325115316,32849.88699866356,60.23676109313965,"[1, 2]","[6, 7]","{""beta_lookback"": 252, ""long_short_style"": ""extreme_plus_one"", ""n_buckets"": 7, ""tc_bps"": 5, ""vol_window"": 40}"
252,7,5,60,extreme_only,0.8036172471759866,0.0239222042266022,0.0658536224394416,0.0966276165710671,0.1884710577578088,0.1052350841924132,-0.2273215668537178,0.0811550689797936,132.72975982185463,0.9968188325115316,54354.88734744338,38.31269264221192,[1],[7],"{""beta_lookback"": 252, ""long_short_style"": ""extreme_only"", ""n_buckets"": 7, ""tc_bps"": 5, ""vol_window"": 60}"
252,7,5,60,extreme_plus_one,0.368126877376262,0.0126428813308394,0.0492752521527772,-0.0997670047760794,-0.1149442947943712,0.063982783275206,-0.1975981769417447,0.063587650896159,264.457929059965,0.9968188325115316,32849.88699866356,60.78260111808777,"[1, 2]","[6, 7]","{""beta_lookback"": 252, ""long_short_style"": ""extreme_plus_one"", ""n_buckets"": 7, ""tc_bps"": 5, ""vol_window"": 60}"
252,7,5,90,extreme_only,0.8036172471759866,0.0239222042266022,0.0658536224394416,0.0966276165710671,0.1884710577578088,0.1052350841924132,-0.2273215668537178,0.0811550689797936,132.72975982185463,0.9968188325115316,54354.88734744338,39.496893644332886,[1],[7],"{""beta_lookback"": 252, ""long_short_style"": ""extreme_only"", ""n_buckets"": 7, ""tc_bps"": 5, ""vol_window"": 90}"
252,7,5,90,extreme_plus_one,0.368126877376262,0.0126428813308394,0.0492752521527772,-0.0997670047760794,-0.1149442947943712,0.063982783275206,-0.1975981769417447,0.063587650896159,264.457929059965,0.9968188325115316,32849.88699866356,65.68592095375061,"[1, 2]","[6, 7]","{""beta_lookback"": 252, ""long_short_style"": ""extreme_plus_one"", ""n_buckets"": 7, ""tc_bps"": 5, ""vol_window"": 90}"
252,7,5,126,extreme_only,0.8036172471759866,0.0239222042266022,0.0658536224394416,0.0966276165710671,0.1884710577578088,0.1052350841924132,-0.2273215668537178,0.0811550689797936,132.72975982185463,0.9968188325115316,54354.88734744338,37.717041015625,[1],[7],"{""beta_lookback"": 252, ""long_short_style"": ""extreme_only"", ""n_buckets"": 7, ""tc_bps"": 5, ""vol_window"": 126}"
252,7,5,126,extreme_plus_one,0.368126877376262,0.0126428813308394,0.0492752521527772,-0.0997670047760794,-0.1149442947943712,0.063982783275206,-0.1975981769417447,0.063587650896159,264.457929059965,0.9968188325115316,32849.88699866356,60.28308057785034,"[1, 2]","[6, 7]","{""beta_lookback"": 252, ""long_short_style"": ""extreme_plus_one"", ""n_buckets"": 7, ""tc_bps"": 5, ""vol_window"": 126}"
252,7,10,40,extreme_only,0.7439271110571932,0.0225418934836141,0.0658738088114961,0.0756441433372288,0.1576642111530805,0.0979184309831971,-0.2302109343182014,0.0811132263203986,132.72975982185463,0.9968188325115316,106780.93552715272,38.16406536102295,[1],[7],"{""beta_lookback"": 252, ""long_short_style"": ""extreme_only"", ""n_buckets"": 7, ""tc_bps"": 10, ""vol_window"": 40}"
252,7,10,40,extreme_plus_one,0.3341538271463189,0.0116227607465895,0.0492920710697058,-0.1204283928894776,-0.1455537121106553,0.0575951431822175,-0.201801056554679,0.0635710229317597,264.457929059965,0.9968188325115316,64856.61072009886,59.85870289802551,"[1, 2]","[6, 7]","{""beta_lookback"": 252, ""long_short_style"": ""extreme_plus_one"", ""n_buckets"": 7, ""tc_bps"": 10, ""vol_window"": 40}"
252,7,10,60,extreme_only,0.7439271110571932,0.0225418934836141,0.0658738088114961,0.0756441433372288,0.1576642111530805,0.0979184309831971,-0.2302109343182014,0.0811132263203986,132.72975982185463,0.9968188325115316,106780.93552715272,38.43728446960449,[1],[7],"{""beta_lookback"": 252, ""long_short_style"": ""extreme_only"", ""n_buckets"": 7, ""tc_bps"": 10, ""vol_window"": 60}"
252,7,10,60,extreme_plus_one,0.3341538271463189,0.0116227607465895,0.0492920710697058,-0.1204283928894776,-0.1455537121106553,0.0575951431822175,-0.201801056554679,0.0635710229317597,264.457929059965,0.9968188325115316,64856.61072009886,60.77441716194153,"[1, 2]","[6, 7]","{""beta_lookback"": 252, ""long_short_style"": ""extreme_plus_one"", ""n_buckets"": 7, ""tc_bps"": 10, ""vol_window"": 60}"
252,7,10,90,extreme_only,0.7439271110571932,0.0225418934836141,0.0658738088114961,0.0756441433372288,0.1576642111530805,0.0979184309831971,-0.2302109343182014,0.0811132263203986,132.72975982185463,0.9968188325115316,106780.93552715272,37.54278755187988,[1],[7],"{""beta_lookback"": 252, ""long_short_style"": ""extreme_only"", ""n_buckets"": 7, ""tc_bps"": 10, ""vol_window"": 90}"
252,7,10,90,extreme_plus_one,0.3341538271463189,0.0116227607465895,0.0492920710697058,-0.1204283928894776,-0.1455537121106553,0.0575951431822175,-0.201801056554679,0.0635710229317597,264.457929059965,0.9968188325115316,64856.61072009886,61.87136244773865,"[1, 2]","[6, 7]","{""beta_lookback"": 252, ""long_short_style"": ""extreme_plus_one"", ""n_buckets"": 7, ""tc_bps"": 10, ""vol_window"": 90}"
252,7,10,126,extreme_only,0.7439271110571932,0.0225418934836141,0.0658738088114961,0.0756441433372288,0.1576642111530805,0.0979184309831971,-0.2302109343182014,0.0811132263203986,132.72975982185463,0.9968188325115316,106780.93552715272,38.50933480262756,[1],[7],"{""beta_lookback"": 252, ""long_short_style"": ""extreme_only"", ""n_buckets"": 7, ""tc_bps"": 10, ""vol_window"": 126}"
252,7,10,126,extreme_plus_one,0.3341538271463189,0.0116227607465895,0.0492920710697058,-0.1204283928894776,-0.1455537121106553,0.0575951431822175,-0.201801056554679,0.0635710229317597,264.457929059965,0.9968188325115316,64856.61072009886,61.14300346374512,"[1, 2]","[6, 7]","{""beta_lookback"": 252, ""long_short_style"": ""extreme_plus_one"", ""n_buckets"": 7, ""tc_bps"": 10, ""vol_window"": 126}"
252,7,15,40,extreme_only,0.6862016071191732,0.0211631814767936,0.0658977659914726,0.0546946588379327,0.1268633137037182,0.0907940539092214,-0.2330899498986266,0.0810733479190716,132.72975982185463,0.9968188325115316,157342.49345212666,39.06008458137512,[1],[7],"{""beta_lookback"": 252, ""long_short_style"": ""extreme_only"", ""n_buckets"": 7, ""tc_bps"": 15, ""vol_window"": 40}"
252,7,15,40,extreme_plus_one,0.3010197061341571,0.0106035220184343,0.0493117233693104,-0.1410496967867576,-0.1761489064421915,0.0514778002018598,-0.2059824230416767,0.0635550514809737,264.457929059965,0.9968188325115316,96040.99385312817,60.65875792503357,"[1, 2]","[6, 7]","{""beta_lookback"": 252, ""long_short_style"": ""extreme_plus_one"", ""n_buckets"": 7, ""tc_bps"": 15, ""vol_window"": 40}"
252,7,15,60,extreme_only,0.6862016071191732,0.0211631814767936,0.0658977659914726,0.0546946588379327,0.1268633137037182,0.0907940539092214,-0.2330899498986266,0.0810733479190716,132.72975982185463,0.9968188325115316,157342.49345212666,37.39672541618347,[1],[7],"{""beta_lookback"": 252, ""long_short_style"": ""extreme_only"", ""n_buckets"": 7, ""tc_bps"": 15, ""vol_window"": 60}"
252,7,15,60,extreme_plus_one,0.3010197061341571,0.0106035220184343,0.0493117233693104,-0.1410496967867576,-0.1761489064421915,0.0514778002018598,-0.2059824230416767,0.0635550514809737,264.457929059965,0.9968188325115316,96040.99385312817,60.5096607208252,"[1, 2]","[6, 7]","{""beta_lookback"": 252, ""long_short_style"": ""extreme_plus_one"", ""n_buckets"": 7, ""tc_bps"": 15, ""vol_window"": 60}"
252,7,15,90,extreme_only,0.6862016071191732,0.0211631814767936,0.0658977659914726,0.0546946588379327,0.1268633137037182,0.0907940539092214,-0.2330899498986266,0.0810733479190716,132.72975982185463,0.9968188325115316,157342.49345212666,37.95299553871155,[1],[7],"{""beta_lookback"": 252, ""long_short_style"": ""extreme_only"", ""n_buckets"": 7, ""tc_bps"": 15, ""vol_window"": 90}"
252,7,15,90,extreme_plus_one,0.3010197061341571,0.0106035220184343,0.0493117233693104,-0.1410496967867576,-0.1761489064421915,0.0514778002018598,-0.2059824230416767,0.0635550514809737,264.457929059965,0.9968188325115316,96040.99385312817,61.09045267105103,"[1, 2]","[6, 7]","{""beta_lookback"": 252, ""long_short_style"": ""extreme_plus_one"", ""n_buckets"": 7, ""tc_bps"": 15, ""vol_window"": 90}"
252,7,15,126,extreme_only,0.6862016071191732,0.0211631814767936,0.0658977659914726,0.0546946588379327,0.1268633137037182,0.0907940539092214,-0.2330899498986266,0.0810733479190716,132.72975982185463,0.9968188325115316,157342.49345212666,38.4096622467041,[1],[7],"{""beta_lookback"": 252, ""long_short_style"": ""extreme_only"", ""n_buckets"": 7, ""tc_bps"": 15, ""vol_window"": 126}"
252,7,15,126,extreme_plus_one,0.3010197061341571,0.0106035220184343,0.0493117233693104,-0.1410496967867576,-0.1761489064421915,0.0514778002018598,-0.2059824230416767,0.0635550514809737,264.457929059965,0.9968188325115316,96040.99385312817,65.79720091819763,"[1, 2]","[6, 7]","{""beta_lookback"": 252, ""long_short_style"": ""extreme_plus_one"", ""n_buckets"": 7, ""tc_bps"": 15, ""vol_window"": 126}"
252,10,5,40,extreme_only,0.6374021104990335,0.0199618469582592,0.0741626776323555,0.0324006816806564,0.0993654634017457,0.0745133489557462,-0.2678962526582266,0.0878430585370708,93.13917607762048,0.9968188325115316,57121.60315743278,31.287787199020386,[1],[10],"{""beta_lookback"": 252, ""long_short_style"": ""extreme_only"", ""n_buckets"": 10, ""tc_bps"": 5, ""vol_window"": 40}"
252,10,5,40,extreme_plus_one,0.6051061063411582,0.0191477433237039,0.0580486841822485,0.0273704339448525,0.080187877542513,0.0936645784539817,-0.2044288635016001,0.0737961801010231,185.3839669158581,0.9968188325115316,43282.16948319596,50.18410611152649,"[1, 2]","[9, 10]","{""beta_lookback"": 252, ""long_short_style"": ""extreme_plus_one"", ""n_buckets"": 10, ""tc_bps"": 5, ""vol_window"": 40}"
252,10,5,60,extreme_only,0.6374021104990335,0.0199618469582592,0.0741626776323555,0.0324006816806564,0.0993654634017457,0.0745133489557462,-0.2678962526582266,0.0878430585370708,93.13917607762048,0.9968188325115316,57121.60315743278,31.297007083892822,[1],[10],"{""beta_lookback"": 252, ""long_short_style"": ""extreme_only"", ""n_buckets"": 10, ""tc_bps"": 5, ""vol_window"": 60}"
252,10,5,60,extreme_plus_one,0.6051061063411582,0.0191477433237039,0.0580486841822485,0.0273704339448525,0.080187877542513,0.0936645784539817,-0.2044288635016001,0.0737961801010231,185.3839669158581,0.9968188325115316,43282.16948319596,47.924121379852295,"[1, 2]","[9, 10]","{""beta_lookback"": 252, ""long_short_style"": ""extreme_plus_one"", ""n_buckets"": 10, ""tc_bps"": 5, ""vol_window"": 60}"
252,10,5,90,extreme_only,0.6374021104990335,0.0199618469582592,0.0741626776323555,0.0324006816806564,0.0993654634017457,0.0745133489557462,-0.2678962526582266,0.0878430585370708,93.13917607762048,0.9968188325115316,57121.60315743278,32.73617124557495,[1],[10],"{""beta_lookback"": 252, ""long_short_style"": ""extreme_only"", ""n_buckets"": 10, ""tc_bps"": 5, ""vol_window"": 90}"
252,10,5,90,extreme_plus_one,0.6051061063411582,0.0191477433237039,0.0580486841822485,0.0273704339448525,0.080187877542513,0.0936645784539817,-0.2044288635016001,0.0737961801010231,185.3839669158581,0.9968188325115316,43282.16948319596,48.38944101333618,"[1, 2]","[9, 10]","{""beta_lookback"": 252, ""long_short_style"": ""extreme_plus_one"", ""n_buckets"": 10, ""tc_bps"": 5, ""vol_window"": 90}"
252,10,5,126,extreme_only,0.6374021104990335,0.0199618469582592,0.0741626776323555,0.0324006816806564,0.0993654634017457,0.0745133489557462,-0.2678962526582266,0.0878430585370708,93.13917607762048,0.9968188325115316,57121.60315743278,32.16108417510986,[1],[10],"{""beta_lookback"": 252, ""long_short_style"": ""extreme_only"", ""n_buckets"": 10, ""tc_bps"": 5, ""vol_window"": 126}"
252,10,5,126,extreme_plus_one,0.6051061063411582,0.0191477433237039,0.0580486841822485,0.0273704339448525,0.080187877542513,0.0936645784539817,-0.2044288635016001,0.0737961801010231,185.3839669158581,0.9968188325115316,43282.16948319596,47.8342981338501,"[1, 2]","[9, 10]","{""beta_lookback"": 252, ""long_short_style"": ""extreme_plus_one"", ""n_buckets"": 10, ""tc_bps"": 5, ""vol_window"": 126}"
252,10,10,40,extreme_only,0.5783872572200068,0.0184622517466495,0.0741819361881757,0.0121771706881571,0.0698869205315899,0.0679679375912665,-0.2716317781727393,0.0878074298431086,93.13917607762048,0.9968188325115316,112052.11891445953,31.395256280899048,[1],[10],"{""beta_lookback"": 252, ""long_short_style"": ""extreme_only"", ""n_buckets"": 10, ""tc_bps"": 10, ""vol_window"": 40}"
252,10,10,40,extreme_plus_one,0.5584317346516039,0.017942972723957,0.0580660825085947,0.0066139656690652,0.0495342890828444,0.0870292875544849,-0.206171660462276,0.0737920596091736,185.3839669158581,0.9968188325115316,85231.40296057056,47.44600677490234,"[1, 2]","[9, 10]","{""beta_lookback"": 252, ""long_short_style"": ""extreme_plus_one"", ""n_buckets"": 10, ""tc_bps"": 10, ""vol_window"": 40}"
252,10,10,60,extreme_only,0.5783872572200068,0.0184622517466495,0.0741819361881757,0.0121771706881571,0.0698869205315899,0.0679679375912665,-0.2716317781727393,0.0878074298431086,93.13917607762048,0.9968188325115316,112052.11891445953,31.920441150665283,[1],[10],"{""beta_lookback"": 252, ""long_short_style"": ""extreme_only"", ""n_buckets"": 10, ""tc_bps"": 10, ""vol_window"": 60}"
252,10,10,60,extreme_plus_one,0.5584317346516039,0.017942972723957,0.0580660825085947,0.0066139656690652,0.0495342890828444,0.0870292875544849,-0.206171660462276,0.0737920596091736,185.3839669158581,0.9968188325115316,85231.40296057056,47.585734367370605,"[1, 2]","[9, 10]","{""beta_lookback"": 252, ""long_short_style"": ""extreme_plus_one"", ""n_buckets"": 10, ""tc_bps"": 10, ""vol_window"": 60}"
252,10,10,90,extreme_only,0.5783872572200068,0.0184622517466495,0.0741819361881757,0.0121771706881571,0.0698869205315899,0.0679679375912665,-0.2716317781727393,0.0878074298431086,93.13917607762048,0.9968188325115316,112052.11891445953,31.131184339523315,[1],[10],"{""beta_lookback"": 252, ""long_short_style"": ""extreme_only"", ""n_buckets"": 10, ""tc_bps"": 10, ""vol_window"": 90}"
252,10,10,90,extreme_plus_one,0.5584317346516039,0.017942972723957,0.0580660825085947,0.0066139656690652,0.0495342890828444,0.0870292875544849,-0.206171660462276,0.0737920596091736,185.3839669158581,0.9968188325115316,85231.40296057056,47.52783846855164,"[1, 2]","[9, 10]","{""beta_lookback"": 252, ""long_short_style"": ""extreme_plus_one"", ""n_buckets"": 10, ""tc_bps"": 10, ""vol_window"": 90}"
252,10,10,126,extreme_only,0.5783872572200068,0.0184622517466495,0.0741819361881757,0.0121771706881571,0.0698869205315899,0.0679679375912665,-0.2716317781727393,0.0878074298431086,93.13917607762048,0.9968188325115316,112052.11891445953,32.80073022842407,[1],[10],"{""beta_lookback"": 252, ""long_short_style"": ""extreme_only"", ""n_buckets"": 10, ""tc_bps"": 10, ""vol_window"": 126}"
252,10,10,126,extreme_plus_one,0.5584317346516039,0.017942972723957,0.0580660825085947,0.0066139656690652,0.0495342890828444,0.0870292875544849,-0.206171660462276,0.0737920596091736,185.3839669158581,0.9968188325115316,85231.40296057056,47.7498345375061,"[1, 2]","[9, 10]","{""beta_lookback"": 252, ""long_short_style"": ""extreme_plus_one"", ""n_buckets"": 10, ""tc_bps"": 10, ""vol_window"": 126}"
252,10,15,40,extreme_only,0.5214877191017908,0.0169645482807223,0.0742052147414909,-0.0080099137110024,0.0404081888414687,0.0616110882728084,-0.2753489470207835,0.0877730630360261,93.13917607762048,0.9968188325115316,164870.6920984074,32.15906310081482,[1],[10],"{""beta_lookback"": 252, ""long_short_style"": ""extreme_only"", ""n_buckets"": 10, ""tc_bps"": 15, ""vol_window"": 40}"
252,10,15,40,extreme_plus_one,0.5131071036797608,0.0167394246319976,0.0580867902672328,-0.0141082165487248,0.0188830120678085,0.0805125050318503,-0.2079108658384879,0.073788986539659,185.3839669158581,0.9968188325115316,125886.64494639494,47.07852792739868,"[1, 2]","[9, 10]","{""beta_lookback"": 252, ""long_short_style"": ""extreme_plus_one"", ""n_buckets"": 10, ""tc_bps"": 15, ""vol_window"": 40}"
252,10,15,60,extreme_only,0.5214877191017908,0.0169645482807223,0.0742052147414909,-0.0080099137110024,0.0404081888414687,0.0616110882728084,-0.2753489470207835,0.0877730630360261,93.13917607762048,0.9968188325115316,164870.6920984074,30.98440933227539,[1],[10],"{""beta_lookback"": 252, ""long_short_style"": ""extreme_only"", ""n_buckets"": 10, ""tc_bps"": 15, ""vol_window"": 60}"
252,10,15,60,extreme_plus_one,0.5131071036797608,0.0167394246319976,0.0580867902672328,-0.0141082165487248,0.0188830120678085,0.0805125050318503,-0.2079108658384879,0.073788986539659,185.3839669158581,0.9968188325115316,125886.64494639494,52.51182246208191,"[1, 2]","[9, 10]","{""beta_lookback"": 252, ""long_short_style"": ""extreme_plus_one"", ""n_buckets"": 10, ""tc_bps"": 15, ""vol_window"": 60}"
252,10,15,90,extreme_only,0.5214877191017908,0.0169645482807223,0.0742052147414909,-0.0080099137110024,0.0404081888414687,0.0616110882728084,-0.2753489470207835,0.0877730630360261,93.13917607762048,0.9968188325115316,164870.6920984074,34.401447772979736,[1],[10],"{""beta_lookback"": 252, ""long_short_style"": ""extreme_only"", ""n_buckets"": 10, ""tc_bps"": 15, ""vol_window"": 90}"
252,10,15,90,extreme_plus_one,0.5131071036797608,0.0167394246319976,0.0580867902672328,-0.0141082165487248,0.0188830120678085,0.0805125050318503,-0.2079108658384879,0.073788986539659,185.3839669158581,0.9968188325115316,125886.64494639494,49.83791613578797,"[1, 2]","[9, 10]","{""beta_lookback"": 252, ""long_short_style"": ""extreme_plus_one"", ""n_buckets"": 10, ""tc_bps"": 15, ""vol_window"": 90}"
252,10,15,126,extreme_only,0.5214877191017908,0.0169645482807223,0.0742052147414909,-0.0080099137110024,0.0404081888414687,0.0616110882728084,-0.2753489470207835,0.0877730630360261,93.13917607762048,0.9968188325115316,164870.6920984074,32.35303783416748,[1],[10],"{""beta_lookback"": 252, ""long_short_style"": ""extreme_only"", ""n_buckets"": 10, ""tc_bps"": 15, ""vol_window"": 126}"
252,10,15,126,extreme_plus_one,0.5131071036797608,0.0167394246319976,0.0580867902672328,-0.0141082165487248,0.0188830120678085,0.0805125050318503,-0.2079108658384879,0.073788986539659,185.3839669158581,0.9968188325115316,125886.64494639494,48.58149337768555,"[1, 2]","[9, 10]","{""beta_lookback"": 252, ""long_short_style"": ""extreme_plus_one"", ""n_buckets"": 10, ""tc_bps"": 15, ""vol_window"": 126}"
504,3,5,40,extreme_only,0.4853692231906725,0.0159856860443536,0.0539066258251241,-0.0291845312013794,-0.0064610742008341,0.0806894507087155,-0.1981137051243678,0.0797494621739933,308.3225703833307,1.0362653093685383,35132.40820864891,68.69196677207947,[1],[3],"{""beta_lookback"": 504, ""long_short_style"": ""extreme_only"", ""n_buckets"": 3, ""tc_bps"": 5, ""vol_window"": 40}"
504,3,5,40,extreme_plus_one,0.496040061915638,0.0162772378815987,0.0423952052939514,-0.0302319037547443,-0.0170854268286738,0.1242131301589373,-0.1310428121469214,0.0605759989189242,461.9611897566407,1.0362653093685383,27391.021789604045,95.398907661438,"[1, 2]","[2, 3]","{""beta_lookback"": 504, ""long_short_style"": ""extreme_plus_one"", ""n_buckets"": 3, ""tc_bps"": 5, ""vol_window"": 40}"
504,3,5,60,extreme_only,0.4853692231906725,0.0159856860443536,0.0539066258251241,-0.0291845312013794,-0.0064610742008341,0.0806894507087155,-0.1981137051243678,0.0797494621739933,308.3225703833307,1.0362653093685383,35132.40820864891,69.67400574684143,[1],[3],"{""beta_lookback"": 504, ""long_short_style"": ""extreme_only"", ""n_buckets"": 3, ""tc_bps"": 5, ""vol_window"": 60}"
504,3,5,60,extreme_plus_one,0.496040061915638,0.0162772378815987,0.0423952052939514,-0.0302319037547443,-0.0170854268286738,0.1242131301589373,-0.1310428121469214,0.0605759989189242,461.9611897566407,1.0362653093685383,27391.021789604045,94.9482126235962,"[1, 2]","[2, 3]","{""beta_lookback"": 504, ""long_short_style"": ""extreme_plus_one"", ""n_buckets"": 3, ""tc_bps"": 5, ""vol_window"": 60}"
504,3,5,90,extreme_only,0.4853692231906725,0.0159856860443536,0.0539066258251241,-0.0291845312013794,-0.0064610742008341,0.0806894507087155,-0.1981137051243678,0.0797494621739933,308.3225703833307,1.0362653093685383,35132.40820864891,67.7742657661438,[1],[3],"{""beta_lookback"": 504, ""long_short_style"": ""extreme_only"", ""n_buckets"": 3, ""tc_bps"": 5, ""vol_window"": 90}"
504,3,5,90,extreme_plus_one,0.496040061915638,0.0162772378815987,0.0423952052939514,-0.0302319037547443,-0.0170854268286738,0.1242131301589373,-0.1310428121469214,0.0605759989189242,461.9611897566407,1.0362653093685383,27391.021789604045,100.41959500312804,"[1, 2]","[2, 3]","{""beta_lookback"": 504, ""long_short_style"": ""extreme_plus_one"", ""n_buckets"": 3, ""tc_bps"": 5, ""vol_window"": 90}"
504,3,5,126,extreme_only,0.4853692231906725,0.0159856860443536,0.0539066258251241,-0.0291845312013794,-0.0064610742008341,0.0806894507087155,-0.1981137051243678,0.0797494621739933,308.3225703833307,1.0362653093685383,35132.40820864891,69.29813432693481,[1],[3],"{""beta_lookback"": 504, ""long_short_style"": ""extreme_only"", ""n_buckets"": 3, ""tc_bps"": 5, ""vol_window"": 126}"
504,3,5,126,extreme_plus_one,0.496040061915638,0.0162772378815987,0.0423952052939514,-0.0302319037547443,-0.0170854268286738,0.1242131301589373,-0.1310428121469214,0.0605759989189242,461.9611897566407,1.0362653093685383,27391.021789604045,96.20333909988403,"[1, 2]","[2, 3]","{""beta_lookback"": 504, ""long_short_style"": ""extreme_plus_one"", ""n_buckets"": 3, ""tc_bps"": 5, ""vol_window"": 126}"
504,3,10,40,extreme_only,0.4487228441305002,0.0149688822240563,0.053920572348469,-0.0480344200894837,-0.0326417472720643,0.0739922496649915,-0.2023033803111771,0.079744192044237,308.3225703833307,1.0362653093685383,69364.25903437054,68.16645789146423,[1],[3],"{""beta_lookback"": 504, ""long_short_style"": ""extreme_only"", ""n_buckets"": 3, ""tc_bps"": 10, ""vol_window"": 40}"
504,3,10,40,extreme_plus_one,0.4663766021644433,0.0154617544364292,0.0424042621513793,-0.0494566136722795,-0.0437447474568538,0.1161068367265088,-0.133168337647934,0.0605829972954184,461.9611897566407,1.0362653093685383,54214.3415213553,95.75094842910768,"[1, 2]","[2, 3]","{""beta_lookback"": 504, ""long_short_style"": ""extreme_plus_one"", ""n_buckets"": 3, ""tc_bps"": 10, ""vol_window"": 40}"
504,3,10,60,extreme_only,0.4487228441305002,0.0149688822240563,0.053920572348469,-0.0480344200894837,-0.0326417472720643,0.0739922496649915,-0.2023033803111771,0.079744192044237,308.3225703833307,1.0362653093685383,69364.25903437054,68.94685101509094,[1],[3],"{""beta_lookback"": 504, ""long_short_style"": ""extreme_only"", ""n_buckets"": 3, ""tc_bps"": 10, ""vol_window"": 60}"
504,3,10,60,extreme_plus_one,0.4663766021644433,0.0154617544364292,0.0424042621513793,-0.0494566136722795,-0.0437447474568538,0.1161068367265088,-0.133168337647934,0.0605829972954184,461.9611897566407,1.0362653093685383,54214.3415213553,94.30552792549132,"[1, 2]","[2, 3]","{""beta_lookback"": 504, ""long_short_style"": ""extreme_plus_one"", ""n_buckets"": 3, ""tc_bps"": 10, ""vol_window"": 60}"
504,3,10,90,extreme_only,0.4487228441305002,0.0149688822240563,0.053920572348469,-0.0480344200894837,-0.0326417472720643,0.0739922496649915,-0.2023033803111771,0.079744192044237,308.3225703833307,1.0362653093685383,69364.25903437054,72.63185811042786,[1],[3],"{""beta_lookback"": 504, ""long_short_style"": ""extreme_only"", ""n_buckets"": 3, ""tc_bps"": 10, ""vol_window"": 90}"
504,3,10,90,extreme_plus_one,0.4663766021644433,0.0154617544364292,0.0424042621513793,-0.0494566136722795,-0.0437447474568538,0.1161068367265088,-0.133168337647934,0.0605829972954184,461.9611897566407,1.0362653093685383,54214.3415213553,95.6160159111023,"[1, 2]","[2, 3]","{""beta_lookback"": 504, ""long_short_style"": ""extreme_plus_one"", ""n_buckets"": 3, ""tc_bps"": 10, ""vol_window"": 90}"
504,3,10,126,extreme_only,0.4487228441305002,0.0149688822240563,0.053920572348469,-0.0480344200894837,-0.0326417472720643,0.0739922496649915,-0.2023033803111771,0.079744192044237,308.3225703833307,1.0362653093685383,69364.25903437054,68.19368720054626,[1],[3],"{""beta_lookback"": 504, ""long_short_style"": ""extreme_only"", ""n_buckets"": 3, ""tc_bps"": 10, ""vol_window"": 126}"
504,3,10,126,extreme_plus_one,0.4663766021644433,0.0154617544364292,0.0424042621513793,-0.0494566136722795,-0.0437447474568538,0.1161068367265088,-0.133168337647934,0.0605829972954184,461.9611897566407,1.0362653093685383,54214.3415213553,95.68632674217224,"[1, 2]","[2, 3]","{""beta_lookback"": 504, ""long_short_style"": ""extreme_plus_one"", ""n_buckets"": 3, ""tc_bps"": 10, ""vol_window"": 126}"
504,3,15,40,extreme_only,0.4129740939392368,0.0139529092212955,0.0539378533471165,-0.0668550230059411,-0.0588243034534058,0.0675778563076698,-0.2064716163497473,0.0797397396968224,308.3225703833307,1.0362653093685383,102717.6032272744,68.02126884460449,[1],[3],"{""beta_lookback"": 504, ""long_short_style"": ""extreme_only"", ""n_buckets"": 3, ""tc_bps"": 15, ""vol_window"": 40}"
504,3,15,40,extreme_plus_one,0.4372964195909616,0.0146467870013495,0.0424164727489368,-0.0686558418847197,-0.0703902518390058,0.1082630670858507,-0.1352888606946164,0.0605906629421076,461.9611897566407,1.0362653093685383,80481.18986662872,94.99560976028442,"[1, 2]","[2, 3]","{""beta_lookback"": 504, ""long_short_style"": ""extreme_plus_one"", ""n_buckets"": 3, ""tc_bps"": 15, ""vol_window"": 40}"
504,3,15,60,extreme_only,0.4129740939392368,0.0139529092212955,0.0539378533471165,-0.0668550230059411,-0.0588243034534058,0.0675778563076698,-0.2064716163497473,0.0797397396968224,308.3225703833307,1.0362653093685383,102717.6032272744,68.74782943725586,[1],[3],"{""beta_lookback"": 504, ""long_short_style"": ""extreme_only"", ""n_buckets"": 3, ""tc_bps"": 15, ""vol_window"": 60}"
504,3,15,60,extreme_plus_one,0.4372964195909616,0.0146467870013495,0.0424164727489368,-0.0686558418847197,-0.0703902518390058,0.1082630670858507,-0.1352888606946164,0.0605906629421076,461.9611897566407,1.0362653093685383,80481.18986662872,94.96823954582214,"[1, 2]","[2, 3]","{""beta_lookback"": 504, ""long_short_style"": ""extreme_plus_one"", ""n_buckets"": 3, ""tc_bps"": 15, ""vol_window"": 60}"
504,3,15,90,extreme_only,0.4129740939392368,0.0139529092212955,0.0539378533471165,-0.0668550230059411,-0.0588243034534058,0.0675778563076698,-0.2064716163497473,0.0797397396968224,308.3225703833307,1.0362653093685383,102717.6032272744,73.91821193695068,[1],[3],"{""beta_lookback"": 504, ""long_short_style"": ""extreme_only"", ""n_buckets"": 3, ""tc_bps"": 15, ""vol_window"": 90}"
504,3,15,90,extreme_plus_one,0.4372964195909616,0.0146467870013495,0.0424164727489368,-0.0686558418847197,-0.0703902518390058,0.1082630670858507,-0.1352888606946164,0.0605906629421076,461.9611897566407,1.0362653093685383,80481.18986662872,95.2673692703247,"[1, 2]","[2, 3]","{""beta_lookback"": 504, ""long_short_style"": ""extreme_plus_one"", ""n_buckets"": 3, ""tc_bps"": 15, ""vol_window"": 90}"
504,3,15,126,extreme_only,0.4129740939392368,0.0139529092212955,0.0539378533471165,-0.0668550230059411,-0.0588243034534058,0.0675778563076698,-0.2064716163497473,0.0797397396968224,308.3225703833307,1.0362653093685383,102717.6032272744,68.5979516506195,[1],[3],"{""beta_lookback"": 504, ""long_short_style"": ""extreme_only"", ""n_buckets"": 3, ""tc_bps"": 15, ""vol_window"": 126}"
504,3,15,126,extreme_plus_one,0.4372964195909616,0.0146467870013495,0.0424164727489368,-0.0686558418847197,-0.0703902518390058,0.1082630670858507,-0.1352888606946164,0.0605906629421076,461.9611897566407,1.0362653093685383,80481.18986662872,95.52822732925416,"[1, 2]","[2, 3]","{""beta_lookback"": 504, ""long_short_style"": ""extreme_plus_one"", ""n_buckets"": 3, ""tc_bps"": 15, ""vol_window"": 126}"
504,5,5,40,extreme_only,0.9037433976696672,0.0261419982696966,0.0701368922717022,0.122376004182488,0.2160251360189787,0.114296054450777,-0.228721790925469,0.1029723657287594,185.3839669158581,1.0362653093685383,53337.840882504745,47.08486843109131,[1],[5],"{""beta_lookback"": 504, ""long_short_style"": ""extreme_only"", ""n_buckets"": 5, ""tc_bps"": 5, ""vol_window"": 40}"
504,5,5,40,extreme_plus_one,0.4362901863424182,0.0146183050162127,0.0478615927339046,-0.0614400913869348,-0.0561228006086615,0.0833338915133781,-0.1754184852133778,0.0702702690571054,369.76316208048354,1.0362653093685383,30897.683331181222,79.07139301300049,"[1, 2]","[4, 5]","{""beta_lookback"": 504, ""long_short_style"": ""extreme_plus_one"", ""n_buckets"": 5, ""tc_bps"": 5, ""vol_window"": 40}"
504,5,5,60,extreme_only,0.9037433976696672,0.0261419982696966,0.0701368922717022,0.122376004182488,0.2160251360189787,0.114296054450777,-0.228721790925469,0.1029723657287594,185.3839669158581,1.0362653093685383,53337.840882504745,47.28722381591797,[1],[5],"{""beta_lookback"": 504, ""long_short_style"": ""extreme_only"", ""n_buckets"": 5, ""tc_bps"": 5, ""vol_window"": 60}"
504,5,5,60,extreme_plus_one,0.4362901863424182,0.0146183050162127,0.0478615927339046,-0.0614400913869348,-0.0561228006086615,0.0833338915133781,-0.1754184852133778,0.0702702690571054,369.76316208048354,1.0362653093685383,30897.683331181222,79.7565233707428,"[1, 2]","[4, 5]","{""beta_lookback"": 504, ""long_short_style"": ""extreme_plus_one"", ""n_buckets"": 5, ""tc_bps"": 5, ""vol_window"": 60}"
504,5,5,90,extreme_only,0.9037433976696672,0.0261419982696966,0.0701368922717022,0.122376004182488,0.2160251360189787,0.114296054450777,-0.228721790925469,0.1029723657287594,185.3839669158581,1.0362653093685383,53337.840882504745,48.19810223579407,[1],[5],"{""beta_lookback"": 504, ""long_short_style"": ""extreme_only"", ""n_buckets"": 5, ""tc_bps"": 5, ""vol_window"": 90}"
504,5,5,90,extreme_plus_one,0.4362901863424182,0.0146183050162127,0.0478615927339046,-0.0614400913869348,-0.0561228006086615,0.0833338915133781,-0.1754184852133778,0.0702702690571054,369.76316208048354,1.0362653093685383,30897.683331181222,79.27840948104858,"[1, 2]","[4, 5]","{""beta_lookback"": 504, ""long_short_style"": ""extreme_plus_one"", ""n_buckets"": 5, ""tc_bps"": 5, ""vol_window"": 90}"
504,5,5,126,extreme_only,0.9037433976696672,0.0261419982696966,0.0701368922717022,0.122376004182488,0.2160251360189787,0.114296054450777,-0.228721790925469,0.1029723657287594,185.3839669158581,1.0362653093685383,53337.840882504745,47.74738335609436,[1],[5],"{""beta_lookback"": 504, ""long_short_style"": ""extreme_only"", ""n_buckets"": 5, ""tc_bps"": 5, ""vol_window"": 126}"
504,5,5,126,extreme_plus_one,0.4362901863424182,0.0146183050162127,0.0478615927339046,-0.0614400913869348,-0.0561228006086615,0.0833338915133781,-0.1754184852133778,0.0702702690571054,369.76316208048354,1.0362653093685383,30897.683331181222,79.08680367469788,"[1, 2]","[4, 5]","{""beta_lookback"": 504, ""long_short_style"": ""extreme_plus_one"", ""n_buckets"": 5, ""tc_bps"": 5, ""vol_window"": 126}"
504,5,10,40,extreme_only,0.8446123587208116,0.0248450260567767,0.0701506984349894,0.1038635476426633,0.1905474170339606,0.1078389422497462,-0.2303901126852456,0.1029622091471518,185.3839669158581,1.0362653093685383,104897.89990248057,47.77234435081482,[1],[5],"{""beta_lookback"": 504, ""long_short_style"": ""extreme_only"", ""n_buckets"": 5, ""tc_bps"": 10, ""vol_window"": 40}"
504,5,10,40,extreme_plus_one,0.4039257498287458,0.013691844527047,0.0478739789685529,-0.0807762630969362,-0.0830916355748583,0.0767656111944451,-0.1783590896236861,0.0702620507973333,369.76316208048354,1.0362653093685383,61073.098836664736,93.79185724258424,"[1, 2]","[4, 5]","{""beta_lookback"": 504, ""long_short_style"": ""extreme_plus_one"", ""n_buckets"": 5, ""tc_bps"": 10, ""vol_window"": 40}"
504,5,10,60,extreme_only,0.8446123587208116,0.0248450260567767,0.0701506984349894,0.1038635476426633,0.1905474170339606,0.1078389422497462,-0.2303901126852456,0.1029622091471518,185.3839669158581,1.0362653093685383,104897.89990248057,50.15434670448303,[1],[5],"{""beta_lookback"": 504, ""long_short_style"": ""extreme_only"", ""n_buckets"": 5, ""tc_bps"": 10, ""vol_window"": 60}"
504,5,10,60,extreme_plus_one,0.4039257498287458,0.013691844527047,0.0478739789685529,-0.0807762630969362,-0.0830916355748583,0.0767656111944451,-0.1783590896236861,0.0702620507973333,369.76316208048354,1.0362653093685383,61073.098836664736,80.10545706748962,"[1, 2]","[4, 5]","{""beta_lookback"": 504, ""long_short_style"": ""extreme_plus_one"", ""n_buckets"": 5, ""tc_bps"": 10, ""vol_window"": 60}"
504,5,10,90,extreme_only,0.8446123587208116,0.0248450260567767,0.0701506984349894,0.1038635476426633,0.1905474170339606,0.1078389422497462,-0.2303901126852456,0.1029622091471518,185.3839669158581,1.0362653093685383,104897.89990248057,47.0256290435791,[1],[5],"{""beta_lookback"": 504, ""long_short_style"": ""extreme_only"", ""n_buckets"": 5, ""tc_bps"": 10, ""vol_window"": 90}"
504,5,10,90,extreme_plus_one,0.4039257498287458,0.013691844527047,0.0478739789685529,-0.0807762630969362,-0.0830916355748583,0.0767656111944451,-0.1783590896236861,0.0702620507973333,369.76316208048354,1.0362653093685383,61073.098836664736,81.29301190376282,"[1, 2]","[4, 5]","{""beta_lookback"": 504, ""long_short_style"": ""extreme_plus_one"", ""n_buckets"": 5, ""tc_bps"": 10, ""vol_window"": 90}"
504,5,10,126,extreme_only,0.8446123587208116,0.0248450260567767,0.0701506984349894,0.1038635476426633,0.1905474170339606,0.1078389422497462,-0.2303901126852456,0.1029622091471518,185.3839669158581,1.0362653093685383,104897.89990248057,48.43040037155152,[1],[5],"{""beta_lookback"": 504, ""long_short_style"": ""extreme_only"", ""n_buckets"": 5, ""tc_bps"": 10, ""vol_window"": 126}"
504,5,10,126,extreme_plus_one,0.4039257498287458,0.013691844527047,0.0478739789685529,-0.0807762630969362,-0.0830916355748583,0.0767656111944451,-0.1783590896236861,0.0702620507973333,369.76316208048354,1.0362653093685383,61073.098836664736,79.55266499519348,"[1, 2]","[4, 5]","{""beta_lookback"": 504, ""long_short_style"": ""extreme_plus_one"", ""n_buckets"": 5, ""tc_bps"": 10, ""vol_window"": 126}"
504,5,15,40,extreme_only,0.7873058040345058,0.0235494142379468,0.0701682937951883,0.0853731545436202,0.1650393774928223,0.1014820190270986,-0.2320550424963313,0.1029528000835315,185.3839669158581,1.0362653093685383,154735.8278970419,47.76425337791443,[1],[5],"{""beta_lookback"": 504, ""long_short_style"": ""extreme_only"", ""n_buckets"": 5, ""tc_bps"": 15, ""vol_window"": 40}"
504,5,15,40,extreme_plus_one,0.3722850921740035,0.0127660672877532,0.0478896439327628,-0.1000813112472518,-0.1100491501400694,0.0701168277286139,-0.1820685233673729,0.0702549825598625,369.76316208048354,1.0362653093685383,90542.40840051524,78.92021870613098,"[1, 2]","[4, 5]","{""beta_lookback"": 504, ""long_short_style"": ""extreme_plus_one"", ""n_buckets"": 5, ""tc_bps"": 15, ""vol_window"": 40}"
504,5,15,60,extreme_only,0.7873058040345058,0.0235494142379468,0.0701682937951883,0.0853731545436202,0.1650393774928223,0.1014820190270986,-0.2320550424963313,0.1029528000835315,185.3839669158581,1.0362653093685383,154735.8278970419,47.48436546325684,[1],[5],"{""beta_lookback"": 504, ""long_short_style"": ""extreme_only"", ""n_buckets"": 5, ""tc_bps"": 15, ""vol_window"": 60}"
504,5,15,60,extreme_plus_one,0.3722850921740035,0.0127660672877532,0.0478896439327628,-0.1000813112472518,-0.1100491501400694,0.0701168277286139,-0.1820685233673729,0.0702549825598625,369.76316208048354,1.0362653093685383,90542.40840051524,79.61180329322815,"[1, 2]","[4, 5]","{""beta_lookback"": 504, ""long_short_style"": ""extreme_plus_one"", ""n_buckets"": 5, ""tc_bps"": 15, ""vol_window"": 60}"
504,5,15,90,extreme_only,0.7873058040345058,0.0235494142379468,0.0701682937951883,0.0853731545436202,0.1650393774928223,0.1014820190270986,-0.2320550424963313,0.1029528000835315,185.3839669158581,1.0362653093685383,154735.8278970419,47.20382308959961,[1],[5],"{""beta_lookback"": 504, ""long_short_style"": ""extreme_only"", ""n_buckets"": 5, ""tc_bps"": 15, ""vol_window"": 90}"
504,5,15,90,extreme_plus_one,0.3722850921740035,0.0127660672877532,0.0478896439327628,-0.1000813112472518,-0.1100491501400694,0.0701168277286139,-0.1820685233673729,0.0702549825598625,369.76316208048354,1.0362653093685383,90542.40840051524,79.5295307636261,"[1, 2]","[4, 5]","{""beta_lookback"": 504, ""long_short_style"": ""extreme_plus_one"", ""n_buckets"": 5, ""tc_bps"": 15, ""vol_window"": 90}"
504,5,15,126,extreme_only,0.7873058040345058,0.0235494142379468,0.0701682937951883,0.0853731545436202,0.1650393774928223,0.1014820190270986,-0.2320550424963313,0.1029528000835315,185.3839669158581,1.0362653093685383,154735.8278970419,48.55374670028687,[1],[5],"{""beta_lookback"": 504, ""long_short_style"": ""extreme_only"", ""n_buckets"": 5, ""tc_bps"": 15, ""vol_window"": 126}"
504,5,15,126,extreme_plus_one,0.3722850921740035,0.0127660672877532,0.0478896439327628,-0.1000813112472518,-0.1100491501400694,0.0701168277286139,-0.1820685233673729,0.0702549825598625,369.76316208048354,1.0362653093685383,90542.40840051524,82.18106412887573,"[1, 2]","[4, 5]","{""beta_lookback"": 504, ""long_short_style"": ""extreme_plus_one"", ""n_buckets"": 5, ""tc_bps"": 15, ""vol_window"": 126}"
504,7,5,40,extreme_only,1.2199423604723174,0.0324815838482417,0.0800224883670831,0.1864808068961774,0.3123964298629738,0.1299877441592124,-0.2498818950843352,0.1150110884211861,132.72975982185463,1.0362653093685383,69166.75595392763,38.77603888511658,[1],[7],"{""beta_lookback"": 504, ""long_short_style"": ""extreme_only"", ""n_buckets"": 7, ""tc_bps"": 5, ""vol_window"": 40}"
504,7,5,40,extreme_plus_one,0.5724074702555895,0.0183073111944505,0.0582369962291609,0.0128506893418321,0.0556053413724472,0.0856919445264972,-0.213640982190451,0.08613015033746,264.457929059965,1.0362653093685383,39658.68198979803,61.08344554901123,"[1, 2]","[6, 7]","{""beta_lookback"": 504, ""long_short_style"": ""extreme_plus_one"", ""n_buckets"": 7, ""tc_bps"": 5, ""vol_window"": 40}"
504,7,5,60,extreme_only,1.2199423604723174,0.0324815838482417,0.0800224883670831,0.1864808068961774,0.3123964298629738,0.1299877441592124,-0.2498818950843352,0.1150110884211861,132.72975982185463,1.0362653093685383,69166.75595392763,38.985734701156616,[1],[7],"{""beta_lookback"": 504, ""long_short_style"": ""extreme_only"", ""n_buckets"": 7, ""tc_bps"": 5, ""vol_window"": 60}"
504,7,5,60,extreme_plus_one,0.5724074702555895,0.0183073111944505,0.0582369962291609,0.0128506893418321,0.0556053413724472,0.0856919445264972,-0.213640982190451,0.08613015033746,264.457929059965,1.0362653093685383,39658.68198979803,61.26350283622742,"[1, 2]","[6, 7]","{""beta_lookback"": 504, ""long_short_style"": ""extreme_plus_one"", ""n_buckets"": 7, ""tc_bps"": 5, ""vol_window"": 60}"
504,7,5,90,extreme_only,1.2199423604723174,0.0324815838482417,0.0800224883670831,0.1864808068961774,0.3123964298629738,0.1299877441592124,-0.2498818950843352,0.1150110884211861,132.72975982185463,1.0362653093685383,69166.75595392763,38.135995388031006,[1],[7],"{""beta_lookback"": 504, ""long_short_style"": ""extreme_only"", ""n_buckets"": 7, ""tc_bps"": 5, ""vol_window"": 90}"
504,7,5,90,extreme_plus_one,0.5724074702555895,0.0183073111944505,0.0582369962291609,0.0128506893418321,0.0556053413724472,0.0856919445264972,-0.213640982190451,0.08613015033746,264.457929059965,1.0362653093685383,39658.68198979803,61.56843018531799,"[1, 2]","[6, 7]","{""beta_lookback"": 504, ""long_short_style"": ""extreme_plus_one"", ""n_buckets"": 7, ""tc_bps"": 5, ""vol_window"": 90}"
504,7,5,126,extreme_only,1.2199423604723174,0.0324815838482417,0.0800224883670831,0.1864808068961774,0.3123964298629738,0.1299877441592124,-0.2498818950843352,0.1150110884211861,132.72975982185463,1.0362653093685383,69166.75595392763,38.89830946922302,[1],[7],"{""beta_lookback"": 504, ""long_short_style"": ""extreme_only"", ""n_buckets"": 7, ""tc_bps"": 5, ""vol_window"": 126}"
504,7,5,126,extreme_plus_one,0.5724074702555895,0.0183073111944505,0.0582369962291609,0.0128506893418321,0.0556053413724472,0.0856919445264972,-0.213640982190451,0.08613015033746,264.457929059965,1.0362653093685383,39658.68198979803,61.88006210327149,"[1, 2]","[6, 7]","{""beta_lookback"": 504, ""long_short_style"": ""extreme_plus_one"", ""n_buckets"": 7, ""tc_bps"": 5, ""vol_window"": 126}"
504,7,10,40,extreme_only,1.14194432456379,0.0310024288073185,0.0800387315442974,0.1679624714213529,0.2870369748943914,0.1227501820336492,-0.2525652369201365,0.1149863588678403,132.72975982185463,1.0362653093685383,135688.05283403312,38.73189854621887,[1],[7],"{""beta_lookback"": 504, ""long_short_style"": ""extreme_only"", ""n_buckets"": 7, ""tc_bps"": 10, ""vol_window"": 40}"
504,7,10,40,extreme_plus_one,0.5305295438981124,0.0172061026150474,0.0582504700127744,-0.0060569988977484,0.0292181617390562,0.0790479126370173,-0.2176667547700678,0.086122974413177,264.457929059965,1.0362653093685383,78213.68687382995,60.68043041229248,"[1, 2]","[6, 7]","{""beta_lookback"": 504, ""long_short_style"": ""extreme_plus_one"", ""n_buckets"": 7, ""tc_bps"": 10, ""vol_window"": 40}"
504,7,10,60,extreme_only,1.14194432456379,0.0310024288073185,0.0800387315442974,0.1679624714213529,0.2870369748943914,0.1227501820336492,-0.2525652369201365,0.1149863588678403,132.72975982185463,1.0362653093685383,135688.05283403312,38.75806403160095,[1],[7],"{""beta_lookback"": 504, ""long_short_style"": ""extreme_only"", ""n_buckets"": 7, ""tc_bps"": 10, ""vol_window"": 60}"
504,7,10,60,extreme_plus_one,0.5305295438981124,0.0172061026150474,0.0582504700127744,-0.0060569988977484,0.0292181617390562,0.0790479126370173,-0.2176667547700678,0.086122974413177,264.457929059965,1.0362653093685383,78213.68687382995,61.73577189445496,"[1, 2]","[6, 7]","{""beta_lookback"": 504, ""long_short_style"": ""extreme_plus_one"", ""n_buckets"": 7, ""tc_bps"": 10, ""vol_window"": 60}"
504,7,10,90,extreme_only,1.14194432456379,0.0310024288073185,0.0800387315442974,0.1679624714213529,0.2870369748943914,0.1227501820336492,-0.2525652369201365,0.1149863588678403,132.72975982185463,1.0362653093685383,135688.05283403312,38.8518660068512,[1],[7],"{""beta_lookback"": 504, ""long_short_style"": ""extreme_only"", ""n_buckets"": 7, ""tc_bps"": 10, ""vol_window"": 90}"
504,7,10,90,extreme_plus_one,0.5305295438981124,0.0172061026150474,0.0582504700127744,-0.0060569988977484,0.0292181617390562,0.0790479126370173,-0.2176667547700678,0.086122974413177,264.457929059965,1.0362653093685383,78213.68687382995,60.88688063621521,"[1, 2]","[6, 7]","{""beta_lookback"": 504, ""long_short_style"": ""extreme_plus_one"", ""n_buckets"": 7, ""tc_bps"": 10, ""vol_window"": 90}"
504,7,10,126,extreme_only,1.14194432456379,0.0310024288073185,0.0800387315442974,0.1679624714213529,0.2870369748943914,0.1227501820336492,-0.2525652369201365,0.1149863588678403,132.72975982185463,1.0362653093685383,135688.05283403312,39.11993861198425,[1],[7],"{""beta_lookback"": 504, ""long_short_style"": ""extreme_only"", ""n_buckets"": 7, ""tc_bps"": 10, ""vol_window"": 126}"
504,7,10,126,extreme_plus_one,0.5305295438981124,0.0172061026150474,0.0582504700127744,-0.0060569988977484,0.0292181617390562,0.0790479126370173,-0.2176667547700678,0.086122974413177,264.457929059965,1.0362653093685383,78213.68687382995,60.634931564331055,"[1, 2]","[6, 7]","{""beta_lookback"": 504, ""long_short_style"": ""extreme_plus_one"", ""n_buckets"": 7, ""tc_bps"": 10, ""vol_window"": 126}"
504,7,15,40,extreme_only,1.0666694601896514,0.0295250473567214,0.0800590578983577,0.1494661818804491,0.2616194427668741,0.1156758986424646,-0.2552394033953309,0.1149618346324844,132.72975982185463,1.0362653093685383,199657.9452573449,38.07463002204895,[1],[7],"{""beta_lookback"": 504, ""long_short_style"": ""extreme_only"", ""n_buckets"": 7, ""tc_bps"": 15, ""vol_window"": 40}"
504,7,15,40,extreme_plus_one,0.4897592563659674,0.0161058744970836,0.0582674126250468,-0.0249376295456068,0.0028224435137657,0.0726562047320564,-0.221672389254013,0.0861168094975021,264.457929059965,1.0362653093685383,115694.2821512382,61.419389724731445,"[1, 2]","[6, 7]","{""beta_lookback"": 504, ""long_short_style"": ""extreme_plus_one"", ""n_buckets"": 7, ""tc_bps"": 15, ""vol_window"": 40}"
504,7,15,60,extreme_only,1.0666694601896514,0.0295250473567214,0.0800590578983577,0.1494661818804491,0.2616194427668741,0.1156758986424646,-0.2552394033953309,0.1149618346324844,132.72975982185463,1.0362653093685383,199657.9452573449,38.49299383163452,[1],[7],"{""beta_lookback"": 504, ""long_short_style"": ""extreme_only"", ""n_buckets"": 7, ""tc_bps"": 15, ""vol_window"": 60}"
504,7,15,60,extreme_plus_one,0.4897592563659674,0.0161058744970836,0.0582674126250468,-0.0249376295456068,0.0028224435137657,0.0726562047320564,-0.221672389254013,0.0861168094975021,264.457929059965,1.0362653093685383,115694.2821512382,60.76973915100098,"[1, 2]","[6, 7]","{""beta_lookback"": 504, ""long_short_style"": ""extreme_plus_one"", ""n_buckets"": 7, ""tc_bps"": 15, ""vol_window"": 60}"
504,7,15,90,extreme_only,1.0666694601896514,0.0295250473567214,0.0800590578983577,0.1494661818804491,0.2616194427668741,0.1156758986424646,-0.2552394033953309,0.1149618346324844,132.72975982185463,1.0362653093685383,199657.9452573449,38.57199740409851,[1],[7],"{""beta_lookback"": 504, ""long_short_style"": ""extreme_only"", ""n_buckets"": 7, ""tc_bps"": 15, ""vol_window"": 90}"
504,7,15,90,extreme_plus_one,0.4897592563659674,0.0161058744970836,0.0582674126250468,-0.0249376295456068,0.0028224435137657,0.0726562047320564,-0.221672389254013,0.0861168094975021,264.457929059965,1.0362653093685383,115694.2821512382,67.31950378417969,"[1, 2]","[6, 7]","{""beta_lookback"": 504, ""long_short_style"": ""extreme_plus_one"", ""n_buckets"": 7, ""tc_bps"": 15, ""vol_window"": 90}"
504,7,15,126,extreme_only,1.0666694601896514,0.0295250473567214,0.0800590578983577,0.1494661818804491,0.2616194427668741,0.1156758986424646,-0.2552394033953309,0.1149618346324844,132.72975982185463,1.0362653093685383,199657.9452573449,41.33004283905029,[1],[7],"{""beta_lookback"": 504, ""long_short_style"": ""extreme_only"", ""n_buckets"": 7, ""tc_bps"": 15, ""vol_window"": 126}"
504,7,15,126,extreme_plus_one,0.4897592563659674,0.0161058744970836,0.0582674126250468,-0.0249376295456068,0.0028224435137657,0.0726562047320564,-0.221672389254013,0.0861168094975021,264.457929059965,1.0362653093685383,115694.2821512382,61.91613411903381,"[1, 2]","[6, 7]","{""beta_lookback"": 504, ""long_short_style"": ""extreme_plus_one"", ""n_buckets"": 7, ""tc_bps"": 15, ""vol_window"": 126}"
504,10,5,40,extreme_only,1.0418503106631969,0.0290265927258022,0.0899131134897843,0.1275416525243231,0.2365810894819947,0.1018311533237745,-0.285046292596839,0.1255083776852492,93.13917607762048,1.0362653093685383,73375.07181983502,33.876232385635376,[1],[10],"{""beta_lookback"": 504, ""long_short_style"": ""extreme_only"", ""n_buckets"": 10, ""tc_bps"": 5, ""vol_window"": 40}"
504,10,5,40,extreme_plus_one,0.9037433976696672,0.0261419982696966,0.0701368922717022,0.122376004182488,0.2160251360189787,0.114296054450777,-0.228721790925469,0.1029723657287594,185.3839669158581,1.0362653093685383,53337.840882504745,51.12363910675049,"[1, 2]","[9, 10]","{""beta_lookback"": 504, ""long_short_style"": ""extreme_plus_one"", ""n_buckets"": 10, ""tc_bps"": 5, ""vol_window"": 40}"
504,10,5,60,extreme_only,1.0418503106631969,0.0290265927258022,0.0899131134897843,0.1275416525243231,0.2365810894819947,0.1018311533237745,-0.285046292596839,0.1255083776852492,93.13917607762048,1.0362653093685383,73375.07181983502,31.70270800590515,[1],[10],"{""beta_lookback"": 504, ""long_short_style"": ""extreme_only"", ""n_buckets"": 10, ""tc_bps"": 5, ""vol_window"": 60}"
504,10,5,60,extreme_plus_one,0.9037433976696672,0.0261419982696966,0.0701368922717022,0.122376004182488,0.2160251360189787,0.114296054450777,-0.228721790925469,0.1029723657287594,185.3839669158581,1.0362653093685383,53337.840882504745,47.68486309051514,"[1, 2]","[9, 10]","{""beta_lookback"": 504, ""long_short_style"": ""extreme_plus_one"", ""n_buckets"": 10, ""tc_bps"": 5, ""vol_window"": 60}"
504,10,5,90,extreme_only,1.0418503106631969,0.0290265927258022,0.0899131134897843,0.1275416525243231,0.2365810894819947,0.1018311533237745,-0.285046292596839,0.1255083776852492,93.13917607762048,1.0362653093685383,73375.07181983502,32.339643478393555,[1],[10],"{""beta_lookback"": 504, ""long_short_style"": ""extreme_only"", ""n_buckets"": 10, ""tc_bps"": 5, ""vol_window"": 90}"
504,10,5,90,extreme_plus_one,0.9037433976696672,0.0261419982696966,0.0701368922717022,0.122376004182488,0.2160251360189787,0.114296054450777,-0.228721790925469,0.1029723657287594,185.3839669158581,1.0362653093685383,53337.840882504745,48.04775166511536,"[1, 2]","[9, 10]","{""beta_lookback"": 504, ""long_short_style"": ""extreme_plus_one"", ""n_buckets"": 10, ""tc_bps"": 5, ""vol_window"": 90}"
504,10,5,126,extreme_only,1.0418503106631969,0.0290265927258022,0.0899131134897843,0.1275416525243231,0.2365810894819947,0.1018311533237745,-0.285046292596839,0.1255083776852492,93.13917607762048,1.0362653093685383,73375.07181983502,32.01645278930664,[1],[10],"{""beta_lookback"": 504, ""long_short_style"": ""extreme_only"", ""n_buckets"": 10, ""tc_bps"": 5, ""vol_window"": 126}"
504,10,5,126,extreme_plus_one,0.9037433976696672,0.0261419982696966,0.0701368922717022,0.122376004182488,0.2160251360189787,0.114296054450777,-0.228721790925469,0.1029723657287594,185.3839669158581,1.0362653093685383,53337.840882504745,49.47768378257752,"[1, 2]","[9, 10]","{""beta_lookback"": 504, ""long_short_style"": ""extreme_plus_one"", ""n_buckets"": 10, ""tc_bps"": 5, ""vol_window"": 126}"
504,10,10,40,extreme_only,0.964028633334418,0.0274250707277248,0.0899267191217626,0.1097131661909932,0.2122451382588782,0.0951792422712,-0.2881413013310285,0.1254951048549124,93.13917607762048,1.0362653093685383,143731.36872747936,31.048576593399048,[1],[10],"{""beta_lookback"": 504, ""long_short_style"": ""extreme_only"", ""n_buckets"": 10, ""tc_bps"": 10, ""vol_window"": 40}"
504,10,10,40,extreme_plus_one,0.8446123587208116,0.0248450260567767,0.0701506984349894,0.1038635476426633,0.1905474170339606,0.1078389422497462,-0.2303901126852456,0.1029622091471518,185.3839669158581,1.0362653093685383,104897.89990248057,46.55801415443421,"[1, 2]","[9, 10]","{""beta_lookback"": 504, ""long_short_style"": ""extreme_plus_one"", ""n_buckets"": 10, ""tc_bps"": 10, ""vol_window"": 40}"
504,10,10,60,extreme_only,0.964028633334418,0.0274250707277248,0.0899267191217626,0.1097131661909932,0.2122451382588782,0.0951792422712,-0.2881413013310285,0.1254951048549124,93.13917607762048,1.0362653093685383,143731.36872747936,32.51497507095337,[1],[10],"{""beta_lookback"": 504, ""long_short_style"": ""extreme_only"", ""n_buckets"": 10, ""tc_bps"": 10, ""vol_window"": 60}"
504,10,10,60,extreme_plus_one,0.8446123587208116,0.0248450260567767,0.0701506984349894,0.1038635476426633,0.1905474170339606,0.1078389422497462,-0.2303901126852456,0.1029622091471518,185.3839669158581,1.0362653093685383,104897.89990248057,46.16634964942932,"[1, 2]","[9, 10]","{""beta_lookback"": 504, ""long_short_style"": ""extreme_plus_one"", ""n_buckets"": 10, ""tc_bps"": 10, ""vol_window"": 60}"
504,10,10,90,extreme_only,0.964028633334418,0.0274250707277248,0.0899267191217626,0.1097131661909932,0.2122451382588782,0.0951792422712,-0.2881413013310285,0.1254951048549124,93.13917607762048,1.0362653093685383,143731.36872747936,30.865255117416385,[1],[10],"{""beta_lookback"": 504, ""long_short_style"": ""extreme_only"", ""n_buckets"": 10, ""tc_bps"": 10, ""vol_window"": 90}"
504,10,10,90,extreme_plus_one,0.8446123587208116,0.0248450260567767,0.0701506984349894,0.1038635476426633,0.1905474170339606,0.1078389422497462,-0.2303901126852456,0.1029622091471518,185.3839669158581,1.0362653093685383,104897.89990248057,49.75500226020813,"[1, 2]","[9, 10]","{""beta_lookback"": 504, ""long_short_style"": ""extreme_plus_one"", ""n_buckets"": 10, ""tc_bps"": 10, ""vol_window"": 90}"
504,10,10,126,extreme_only,0.964028633334418,0.0274250707277248,0.0899267191217626,0.1097131661909932,0.2122451382588782,0.0951792422712,-0.2881413013310285,0.1254951048549124,93.13917607762048,1.0362653093685383,143731.36872747936,32.7677047252655,[1],[10],"{""beta_lookback"": 504, ""long_short_style"": ""extreme_only"", ""n_buckets"": 10, ""tc_bps"": 10, ""vol_window"": 126}"
504,10,10,126,extreme_plus_one,0.8446123587208116,0.0248450260567767,0.0701506984349894,0.1038635476426633,0.1905474170339606,0.1078389422497462,-0.2303901126852456,0.1029622091471518,185.3839669158581,1.0362653093685383,104897.89990248057,47.21483278274536,"[1, 2]","[9, 10]","{""beta_lookback"": 504, ""long_short_style"": ""extreme_plus_one"", ""n_buckets"": 10, ""tc_bps"": 10, ""vol_window"": 126}"
504,10,15,40,extreme_only,0.8891546669260422,0.0258256422781057,0.0899445408200233,0.0919090425614509,0.1878666367885885,0.0886798109718129,-0.2912234700896523,0.1254825977530211,93.13917607762048,1.0362653093685383,211184.7360360194,31.421645641326904,[1],[10],"{""beta_lookback"": 504, ""long_short_style"": ""extreme_only"", ""n_buckets"": 10, ""tc_bps"": 15, ""vol_window"": 40}"
504,10,15,40,extreme_plus_one,0.7873058040345058,0.0235494142379468,0.0701682937951883,0.0853731545436202,0.1650393774928223,0.1014820190270986,-0.2320550424963313,0.1029528000835315,185.3839669158581,1.0362653093685383,154735.8278970419,46.30245304107666,"[1, 2]","[9, 10]","{""beta_lookback"": 504, ""long_short_style"": ""extreme_plus_one"", ""n_buckets"": 10, ""tc_bps"": 15, ""vol_window"": 40}"
504,10,15,60,extreme_only,0.8891546669260422,0.0258256422781057,0.0899445408200233,0.0919090425614509,0.1878666367885885,0.0886798109718129,-0.2912234700896523,0.1254825977530211,93.13917607762048,1.0362653093685383,211184.7360360194,30.701648235321045,[1],[10],"{""beta_lookback"": 504, ""long_short_style"": ""extreme_only"", ""n_buckets"": 10, ""tc_bps"": 15, ""vol_window"": 60}"
504,10,15,60,extreme_plus_one,0.7873058040345058,0.0235494142379468,0.0701682937951883,0.0853731545436202,0.1650393774928223,0.1014820190270986,-0.2320550424963313,0.1029528000835315,185.3839669158581,1.0362653093685383,154735.8278970419,46.38368916511536,"[1, 2]","[9, 10]","{""beta_lookback"": 504, ""long_short_style"": ""extreme_plus_one"", ""n_buckets"": 10, ""tc_bps"": 15, ""vol_window"": 60}"
504,10,15,90,extreme_only,0.8891546669260422,0.025825642278105798,0.08994454082002336,0.09190904256145095,0.1878666367885885,0.08867981097181298,-0.2912234700896523,0.1254825977530211,93.13917607762049,1.0362653093685383,211184.7360360194,31.013075351715088,[1],[10],"{""beta_lookback"": 504, ""long_short_style"": ""extreme_only"", ""n_buckets"": 10, ""tc_bps"": 15, ""vol_window"": 90}"
504,10,15,90,extreme_plus_one,0.7873058040345058,0.023549414237946875,0.07016829379518835,0.08537315454362027,0.16503937749282238,0.10148201902709861,-0.23205504249633135,0.10295280008353158,185.3839669158581,1.0362653093685383,154735.8278970419,46.793256998062134,"[1, 2]","[9, 10]","{""beta_lookback"": 504, ""long_short_style"": ""extreme_plus_one"", ""n_buckets"": 10, ""tc_bps"": 15, ""vol_window"": 90}"
504,10,15,126,extreme_only,0.8891546669260422,0.025825642278105798,0.08994454082002336,0.09190904256145095,0.1878666367885885,0.08867981097181298,-0.2912234700896523,0.1254825977530211,93.13917607762049,1.0362653093685383,211184.7360360194,33.588351011276245,[1],[10],"{""beta_lookback"": 504, ""long_short_style"": ""extreme_only"", ""n_buckets"": 10, ""tc_bps"": 15, ""vol_window"": 126}"
504,10,15,126,extreme_plus_one,0.7873058040345058,0.023549414237946875,0.07016829379518835,0.08537315454362027,0.16503937749282238,0.10148201902709861,-0.23205504249633135,0.10295280008353158,185.3839669158581,1.0362653093685383,154735.8278970419,46.97537446022034,"[1, 2]","[9, 10]","{""beta_lookback"": 504, ""long_short_style"": ""extreme_plus_one"", ""n_buckets"": 10, ""tc_bps"": 15, ""vol_window"": 126}"
