Date,rate_pct
2001-01-01,5.884
2001-01-02,5.904
2001-01-03,5.66
2001-01-04,5.368
2001-01-05,5.116
2001-01-08,5.219
2001-01-09,5.286
2001-01-10,5.306
2001-01-11,5.305
2001-01-12,5.323
2001-01-15,5.323
2001-01-16,5.353
2001-01-17,5.358
2001-01-18,5.274
2001-01-19,5.241
2001-01-22,5.24
2001-01-23,5.265
2001-01-24,5.275
2001-01-25,5.264
2001-01-26,5.168
2001-01-29,5.136
2001-01-30,5.026
2001-01-31,4.994
2001-02-01,5.024
2001-02-02,5.085
2001-02-05,5.115
2001-02-06,5.078
2001-02-07,5.067
2001-02-08,5.076
2001-02-09,5.054
2001-02-12,5.053
2001-02-13,5.036
2001-02-14,5.067
2001-02-15,5.087
2001-02-16,4.98
2001-02-19,4.98
2001-02-20,5.026
2001-02-21,5.015
2001-02-22,5.014
2001-02-23,4.887
2001-02-26,4.835
2001-02-27,4.787
2001-02-28,4.859
2001-03-01,4.848
2001-03-02,4.836
2001-03-05,4.835
2001-03-06,4.725
2001-03-07,4.662
2001-03-08,4.671
2001-03-09,4.711
2001-03-12,4.638
2001-03-13,4.631
2001-03-14,4.527
2001-03-15,4.516
2001-03-16,4.525
2001-03-19,4.555
2001-03-20,4.507
2001-03-21,4.34
2001-03-22,4.252
2001-03-23,4.338
2001-03-26,4.255
2001-03-27,4.33
2001-03-28,4.34
2001-03-29,4.34
2001-03-30,4.286
2001-04-02,4.255
2001-04-03,4.123
2001-04-04,4.092
2001-04-05,4.102
2001-04-06,3.925
2001-04-09,3.945
2001-04-10,3.927
2001-04-11,4.071
2001-04-12,3.997
2001-04-13,3.997
2001-04-16,4.13
2001-04-17,4.103
2001-04-18,3.906
2001-04-19,3.905
2001-04-20,3.759
2001-04-23,3.728
2001-04-24,3.782
2001-04-25,3.844
2001-04-26,3.823
2001-04-27,3.852
2001-04-30,3.883
2001-05-01,3.896
2001-05-02,3.885
2001-05-03,3.833
2001-05-04,3.728
2001-05-07,3.718
2001-05-08,3.699
2001-05-09,3.72
2001-05-10,3.73
2001-05-11,3.739
2001-05-14,3.697
2001-05-15,3.606
2001-05-16,3.554
2001-05-17,3.575
2001-05-18,3.594
2001-05-21,3.635
2001-05-22,3.658
2001-05-23,3.647
2001-05-24,3.699
2001-05-25,3.656
2001-05-28,3.645
2001-05-29,3.707
2001-05-30,3.678
2001-05-31,3.616
2001-06-01,3.656
2001-06-04,3.697
2001-06-05,3.637
2001-06-06,3.616
2001-06-07,3.626
2001-06-08,3.636
2001-06-11,3.594
2001-06-12,3.545
2001-06-13,3.544
2001-06-14,3.554
2001-06-15,3.502
2001-06-18,3.481
2001-06-19,3.41
2001-06-20,3.493
2001-06-21,3.513
2001-06-22,3.44
2001-06-25,3.439
2001-06-26,3.452
2001-06-27,3.534
2001-06-28,3.626
2001-06-29,3.656
2001-07-02,3.646
2001-07-03,3.658
2001-07-04,3.657
2001-07-05,3.615
2001-07-06,3.636
2001-07-09,3.646
2001-07-10,3.617
2001-07-11,3.575
2001-07-12,3.595
2001-07-13,3.615
2001-07-16,3.615
2001-07-17,3.606
2001-07-18,3.513
2001-07-19,3.544
2001-07-20,3.512
2001-07-23,3.532
2001-07-24,3.521
2001-07-25,3.544
2001-07-26,3.544
2001-07-27,3.532
2001-07-30,3.563
2001-07-31,3.524
2001-08-01,3.513
2001-08-02,3.534
2001-08-03,3.522
2001-08-06,3.501
2001-08-07,3.545
2001-08-08,3.472
2001-08-09,3.441
2001-08-10,3.419
2001-08-13,3.419
2001-08-14,3.431
2001-08-15,3.431
2001-08-16,3.399
2001-08-17,3.368
2001-08-20,3.439
2001-08-21,3.369
2001-08-22,3.379
2001-08-23,3.4
2001-08-24,3.45
2001-08-27,3.46
2001-08-28,3.421
2001-08-29,3.41
2001-08-30,3.369
2001-08-31,3.367
2001-09-03,3.367
2001-09-04,3.439
2001-09-05,3.41
2001-09-06,3.369
2001-09-07,3.254
2001-09-10,3.264
2001-09-11,3.256
2001-09-12,3.214
2001-09-13,2.823
2001-09-14,2.73
2001-09-17,2.74
2001-09-18,2.525
2001-09-19,2.187
2001-09-20,2.207
2001-09-21,2.248
2001-09-24,2.37
2001-09-25,2.402
2001-09-26,2.371
2001-09-27,2.371
2001-09-28,2.371
2001-10-01,2.36
2001-10-02,2.279
2001-10-03,2.238
2001-10-04,2.207
2001-10-05,2.176
2001-10-08,2.186
2001-10-09,2.216
2001-10-10,2.217
2001-10-11,2.279
2001-10-12,2.248
2001-10-15,2.258
2001-10-16,2.207
2001-10-17,2.217
2001-10-18,2.187
2001-10-19,2.196
2001-10-22,2.227
2001-10-23,2.207
2001-10-24,2.156
2001-10-25,2.146
2001-10-26,2.145
2001-10-29,2.104
2001-10-30,2.013
2001-10-31,2.012
2001-11-01,2.064
2001-11-02,2.053
2001-11-05,2.012
2001-11-06,1.839
2001-11-07,1.787
2001-11-08,1.838
2001-11-09,1.838
2001-11-12,1.828
2001-11-13,1.838
2001-11-14,1.879
2001-11-15,1.9
2001-11-16,1.951
2001-11-19,1.93
2001-11-20,1.941
2001-11-21,1.951
2001-11-22,1.94
2001-11-23,1.961
2001-11-26,1.981
2001-11-27,1.879
2001-11-28,1.838
2001-11-29,1.777
2001-11-30,1.726
2001-12-03,1.787
2001-12-04,1.746
2001-12-05,1.798
2001-12-06,1.736
2001-12-07,1.695
2001-12-10,1.715
2001-12-11,1.644
2001-12-12,1.675
2001-12-13,1.695
2001-12-14,1.715
2001-12-17,1.756
2001-12-18,1.706
2001-12-19,1.705
2001-12-20,1.685
2001-12-21,1.695
2001-12-24,1.715
2001-12-25,1.715
2001-12-26,1.746
2001-12-27,1.736
2001-12-28,1.715
2001-12-31,1.725
2002-01-01,1.726
2002-01-02,1.736
2002-01-03,1.716
2002-01-04,1.715
2002-01-07,1.685
2002-01-08,1.675
2002-01-09,1.665
2002-01-10,1.675
2002-01-11,1.552
2002-01-14,1.572
2002-01-15,1.593
2002-01-16,1.603
2002-01-17,1.624
2002-01-18,1.613
2002-01-21,1.613
2002-01-22,1.705
2002-01-23,1.695
2002-01-24,1.716
2002-01-25,1.705
2002-01-28,1.726
2002-01-29,1.706
2002-01-30,1.757
2002-01-31,1.757
2002-02-01,1.756
2002-02-04,1.756
2002-02-05,1.757
2002-02-06,1.736
2002-02-07,1.726
2002-02-08,1.705
2002-02-11,1.736
2002-02-12,1.746
2002-02-13,1.746
2002-02-14,1.746
2002-02-15,1.736
2002-02-18,1.736
2002-02-19,1.736
2002-02-20,1.757
2002-02-21,1.757
2002-02-22,1.767
2002-02-25,1.766
2002-02-26,1.767
2002-02-27,1.757
2002-02-28,1.757
2002-03-01,1.777
2002-03-04,1.787
2002-03-05,1.787
2002-03-06,1.767
2002-03-07,1.787
2002-03-08,1.797
2002-03-11,1.828
2002-03-12,1.839
2002-03-13,1.818
2002-03-14,1.849
2002-03-15,1.848
2002-03-18,1.858
2002-03-19,1.839
2002-03-20,1.838
2002-03-21,1.818
2002-03-22,1.838
2002-03-25,1.807
2002-03-26,1.828
2002-03-27,1.798
2002-03-28,1.787
2002-03-29,1.777
2002-04-01,1.777
2002-04-02,1.808
2002-04-03,1.787
2002-04-04,1.787
2002-04-05,1.756
2002-04-08,1.746
2002-04-09,1.706
2002-04-10,1.705
2002-04-11,1.705
2002-04-12,1.705
2002-04-15,1.705
2002-04-16,1.736
2002-04-17,1.716
2002-04-18,1.726
2002-04-19,1.7205
2002-04-22,1.7102
2002-04-23,1.7209
2002-04-24,1.7106
2002-04-25,1.731
2002-04-26,1.7307
2002-04-29,1.7613
2002-04-30,1.7618
2002-05-01,1.7617
2002-05-02,1.7514
2002-05-03,1.7512
2002-05-06,1.7511
2002-05-07,1.7414
2002-05-08,1.7515
2002-05-09,1.7514
2002-05-10,1.7512
2002-05-13,1.7715
2002-05-14,1.7618
2002-05-15,1.7515
2002-05-16,1.7412
2002-05-17,1.7512
2002-05-20,1.7409
2002-05-21,1.7414
2002-05-22,1.7208
2002-05-23,1.731
2002-05-24,1.7306
2002-05-27,1.7312
2002-05-28,1.7509
2002-05-29,1.7413
2002-05-30,1.7412
2002-05-31,1.7205
2002-06-03,1.7306
2002-06-04,1.7516
2002-06-05,1.7413
2002-06-06,1.7207
2002-06-07,1.7307
2002-06-10,1.7409
2002-06-11,1.7311
2002-06-12,1.7208
2002-06-13,1.7105
2002-06-14,1.7001
2002-06-17,1.7204
2002-06-18,1.7209
2002-06-19,1.7004
2002-06-20,1.7105
2002-06-21,1.7103
2002-06-24,1.7204
2002-06-25,1.7209
2002-06-26,1.6901
2002-06-27,1.6901
2002-06-28,1.6796
2002-07-01,1.7
2002-07-02,1.7107
2002-07-03,1.7105
2002-07-04,1.7047
2002-07-05,1.7102
2002-07-08,1.7204
2002-07-09,1.7209
2002-07-10,1.7106
2002-07-11,1.7105
2002-07-12,1.7001
2002-07-15,1.7
2002-07-16,1.7209
2002-07-17,1.7106
2002-07-18,1.7003
2002-07-19,1.7001
2002-07-22,1.7
2002-07-23,1.6902
2002-07-24,1.6799
2002-07-25,1.6798
2002-07-26,1.6796
2002-07-29,1.7
2002-07-30,1.7005
2002-07-31,1.6901
2002-08-01,1.6696
2002-08-02,1.6183
2002-08-05,1.6284
2002-08-06,1.6391
2002-08-07,1.5777
2002-08-08,1.5981
2002-08-09,1.6081
2002-08-12,1.6591
2002-08-13,1.6084
2002-08-14,1.6288
2002-08-15,1.6083
2002-08-16,1.6081
2002-08-19,1.6387
2002-08-20,1.6084
2002-08-21,1.6135
2002-08-22,1.639
2002-08-23,1.6387
2002-08-26,1.6489
2002-08-27,1.6699
2002-08-28,1.6596
2002-08-29,1.6595
2002-08-30,1.6694
2002-09-02,1.6643
2002-09-03,1.6284
2002-09-04,1.6186
2002-09-05,1.5981
2002-09-06,1.649
2002-09-09,1.6693
2002-09-10,1.6698
2002-09-11,1.6799
2002-09-12,1.6798
2002-09-13,1.6694
2002-09-16,1.7
2002-09-17,1.68
2002-09-18,1.6697
2002-09-19,1.639
2002-09-20,1.6387
2002-09-23,1.6387
2002-09-24,1.6391
2002-09-25,1.6493
2002-09-26,1.639
2002-09-27,1.6081
2002-09-30,1.5467
2002-10-01,1.5778
2002-10-02,1.5573
2002-10-03,1.5572
2002-10-04,1.5979
2002-10-07,1.608
2002-10-08,1.5982
2002-10-09,1.5368
2002-10-10,1.5674
2002-10-11,1.5672
2002-10-14,1.5671
2002-10-15,1.6487
2002-10-16,1.6493
2002-10-17,1.6798
2002-10-18,1.6592
2002-10-21,1.6795
2002-10-22,1.68
2002-10-23,1.6595
2002-10-24,1.6492
2002-10-25,1.6285
2002-10-28,1.5876
2002-10-29,1.496
2002-10-30,1.4858
2002-10-31,1.4449
2002-11-01,1.4141
2002-11-04,1.4242
2002-11-05,1.4143
2002-11-06,1.2204
2002-11-07,1.2101
2002-11-08,1.21
2002-11-11,1.2105
2002-11-12,1.2099
2002-11-13,1.2
2002-11-14,1.2101
2002-11-15,1.21
2002-11-18,1.21
2002-11-19,1.2102
2002-11-20,1.2102
2002-11-21,1.2101
2002-11-22,1.21
2002-11-25,1.2202
2002-11-26,1.2204
2002-11-27,1.2203
2002-11-28,1.2199
2002-11-29,1.21
2002-12-02,1.2202
2002-12-03,1.2204
2002-12-04,1.2102
2002-12-05,1.1999
2002-12-06,1.1998
2002-12-09,1.21
2002-12-10,1.2102
2002-12-11,1.2
2002-12-12,1.1999
2002-12-13,1.1998
2002-12-16,1.2202
2002-12-17,1.2102
2002-12-18,1.2
2002-12-19,1.1897
2002-12-20,1.1896
2002-12-23,1.1692
2002-12-24,1.1796
2002-12-25,1.1715
2002-12-26,1.1692
2002-12-27,1.1488
2002-12-30,1.1896
2002-12-31,1.1898
2003-01-01,1.1922
2003-01-02,1.1998
2003-01-03,1.21
2003-01-06,1.1896
2003-01-07,1.1898
2003-01-08,1.1796
2003-01-09,1.1897
2003-01-10,1.1896
2003-01-13,1.1794
2003-01-14,1.1898
2003-01-15,1.1796
2003-01-16,1.1693
2003-01-17,1.1692
2003-01-20,1.1668
2003-01-21,1.1589
2003-01-22,1.1592
2003-01-23,1.1591
2003-01-24,1.1386
2003-01-27,1.159
2003-01-28,1.1694
2003-01-29,1.1694
2003-01-30,1.1591
2003-01-31,1.1692
2003-02-03,1.1692
2003-02-04,1.1541
2003-02-05,1.1592
2003-02-06,1.1591
2003-02-07,1.159
2003-02-10,1.1692
2003-02-11,1.1694
2003-02-12,1.1592
2003-02-13,1.1591
2003-02-14,1.1692
2003-02-17,1.1605
2003-02-18,1.1691
2003-02-19,1.1694
2003-02-20,1.1795
2003-02-21,1.1794
2003-02-24,1.1896
2003-02-25,1.1898
2003-02-26,1.1898
2003-02-27,1.1897
2003-02-28,1.1896
2003-03-03,1.1794
2003-03-04,1.1796
2003-03-05,1.1694
2003-03-06,1.1591
2003-03-07,1.1081
2003-03-10,1.0673
2003-03-11,1.0776
2003-03-12,1.0776
2003-03-13,1.1285
2003-03-14,1.1183
2003-03-17,1.1386
2003-03-18,1.149
2003-03-19,1.149
2003-03-20,1.1489
2003-03-21,1.1692
2003-03-24,1.1692
2003-03-25,1.1694
2003-03-26,1.1592
2003-03-27,1.1387
2003-03-28,1.1183
2003-03-31,1.108
2003-04-01,1.1082
2003-04-02,1.1184
2003-04-03,1.098
2003-04-04,1.0979
2003-04-07,1.1488
2003-04-08,1.1388
2003-04-09,1.1184
2003-04-10,1.1285
2003-04-11,1.159
2003-04-14,1.1692
2003-04-15,1.1694
2003-04-16,1.1592
2003-04-17,1.1692
2003-04-18,1.1608
2003-04-21,1.1691
2003-04-22,1.1592
2003-04-23,1.1592
2003-04-24,1.1387
2003-04-25,1.1284
2003-04-28,1.1284
2003-04-29,1.1286
2003-04-30,1.1082
2003-05-01,1.0878
2003-05-02,1.1183
2003-05-05,1.0978
2003-05-06,1.098
2003-05-07,1.098
2003-05-08,1.0878
2003-05-09,1.0979
2003-05-12,1.0673
2003-05-13,1.0674
2003-05-14,1.0266
2003-05-15,1.047
2003-05-16,1.0265
2003-05-19,1.0469
2003-05-20,1.0163
2003-05-21,1.0674
2003-05-22,1.0674
2003-05-23,1.0673
2003-05-26,1.0635
2003-05-27,1.0774
2003-05-28,1.0876
2003-05-29,1.0878
2003-05-30,1.0979
2003-06-02,1.1182
2003-06-03,1.0806
2003-06-04,1.0397
2003-06-05,1.0397
2003-06-06,1.0396
2003-06-09,1.0191
2003-06-10,0.9682
2003-06-11,0.9273
2003-06-12,0.9069
2003-06-13,0.8455
2003-06-16,0.8557
2003-06-17,0.8865
2003-06-18,0.8762
2003-06-19,0.8048
2003-06-20,0.8149
2003-06-23,0.8251
2003-06-24,0.815
2003-06-25,0.9069
2003-06-26,0.8762
2003-06-27,0.8557
2003-06-30,0.8455
2003-07-01,0.8763
2003-07-02,0.8558
2003-07-03,0.8455
2003-07-04,0.8515
2003-07-07,0.8863
2003-07-08,0.8967
2003-07-09,0.8762
2003-07-10,0.8762
2003-07-11,0.8762
2003-07-14,0.8863
2003-07-15,0.8967
2003-07-16,0.8967
2003-07-17,0.8864
2003-07-18,0.8864
2003-07-21,0.8966
2003-07-22,0.9171
2003-07-23,0.9069
2003-07-24,0.9069
2003-07-25,0.917
2003-07-28,0.9476
2003-07-29,0.9784
2003-07-30,0.9579
2003-07-31,0.9375
2003-08-01,0.9272
2003-08-04,0.9578
2003-08-05,0.9478
2003-08-06,0.9375
2003-08-07,0.9273
2003-08-08,0.9578
2003-08-11,0.9374
2003-08-12,0.9375
2003-08-13,0.9375
2003-08-14,0.9477
2003-08-15,0.9476
2003-08-18,0.9476
2003-08-19,0.9478
2003-08-20,0.9477
2003-08-21,0.9579
2003-08-22,0.9681
2003-08-25,0.9885
2003-08-26,0.9886
2003-08-27,0.9886
2003-08-28,0.9682
2003-08-29,0.9681
2003-09-01,0.9709
2003-09-02,0.9578
2003-09-03,0.9682
2003-09-04,0.9579
2003-09-05,0.9374
2003-09-08,0.9476
2003-09-09,0.9478
2003-09-10,0.9477
2003-09-11,0.9477
2003-09-12,0.9476
2003-09-15,0.9374
2003-09-16,0.9478
2003-09-17,0.9375
2003-09-18,0.9477
2003-09-19,0.9374
2003-09-22,0.9272
2003-09-23,0.9376
2003-09-24,0.9273
2003-09-25,0.9273
2003-09-26,0.9374
2003-09-29,0.9374
2003-09-30,0.9376
2003-10-01,0.9375
2003-10-02,0.9273
2003-10-03,0.9272
2003-10-06,0.917
2003-10-07,0.9069
2003-10-08,0.8864
2003-10-09,0.8966
2003-10-10,0.8966
2003-10-13,0.9016
2003-10-14,0.8965
2003-10-15,0.9171
2003-10-16,0.9171
2003-10-17,0.917
2003-10-20,0.9272
2003-10-21,0.9478
2003-10-22,0.9477
2003-10-23,0.9375
2003-10-24,0.9374
2003-10-27,0.9578
2003-10-28,0.9478
2003-10-29,0.9477
2003-10-30,0.9477
2003-10-31,0.9476
2003-11-03,0.9272
2003-11-04,0.9375
2003-11-05,0.9477
2003-11-06,0.9375
2003-11-07,0.9476
2003-11-10,0.9374
2003-11-11,0.9477
2003-11-12,0.9375
2003-11-13,0.9477
2003-11-14,0.9476
2003-11-17,0.9374
2003-11-18,0.9478
2003-11-19,0.9375
2003-11-20,0.9375
2003-11-21,0.9272
2003-11-24,0.9272
2003-11-25,0.9273
2003-11-26,0.9273
2003-11-27,0.9272
2003-11-28,0.9272
2003-12-01,0.9068
2003-12-02,0.9273
2003-12-03,0.9273
2003-12-04,0.9069
2003-12-05,0.9068
2003-12-08,0.9068
2003-12-09,0.9069
2003-12-10,0.8967
2003-12-11,0.8864
2003-12-12,0.8864
2003-12-15,0.8863
2003-12-16,0.8967
2003-12-17,0.8864
2003-12-18,0.8762
2003-12-19,0.8659
2003-12-22,0.8761
2003-12-23,0.8865
2003-12-24,0.8864
2003-12-25,0.8864
2003-12-26,0.8557
2003-12-29,0.8659
2003-12-30,0.9273
2003-12-31,0.9171
2004-01-01,0.917
2004-01-02,0.8966
2004-01-05,0.917
2004-01-06,0.9069
2004-01-07,0.8967
2004-01-08,0.866
2004-01-09,0.8557
2004-01-12,0.8659
2004-01-13,0.8763
2004-01-14,0.866
2004-01-15,0.866
2004-01-16,0.8761
2004-01-19,0.8761
2004-01-20,0.8659
2004-01-21,0.8762
2004-01-22,0.866
2004-01-23,0.8762
2004-01-26,0.8966
2004-01-27,0.9069
2004-01-28,0.9273
2004-01-29,0.9273
2004-01-30,0.9068
2004-02-02,0.917
2004-02-03,0.9273
2004-02-04,0.9171
2004-02-05,0.9273
2004-02-06,0.917
2004-02-09,0.9272
2004-02-10,0.9375
2004-02-11,0.9171
2004-02-12,0.9069
2004-02-13,0.9068
2004-02-16,0.9067
2004-02-17,0.9067
2004-02-18,0.9273
2004-02-19,0.9273
2004-02-20,0.9272
2004-02-23,0.9374
2004-02-24,0.9478
2004-02-25,0.9579
2004-02-26,0.9477
2004-02-27,0.9374
2004-03-01,0.9476
2004-03-02,0.958
2004-03-03,0.9477
2004-03-04,0.9579
2004-03-05,0.9476
2004-03-08,0.9374
2004-03-09,0.9478
2004-03-10,0.9477
2004-03-11,0.9375
2004-03-12,0.9476
2004-03-15,0.9374
2004-03-16,0.9478
2004-03-17,0.9273
2004-03-18,0.9273
2004-03-19,0.9272
2004-03-22,0.9272
2004-03-23,0.9375
2004-03-24,0.9273
2004-03-25,0.9273
2004-03-26,0.9374
2004-03-29,0.9374
2004-03-30,0.9478
2004-03-31,0.9375
2004-04-01,0.9273
2004-04-02,0.9374
2004-04-05,0.9272
2004-04-06,0.9273
2004-04-07,0.9273
2004-04-08,0.9272
2004-04-09,0.9272
2004-04-12,0.9272
2004-04-13,0.9375
2004-04-14,0.9477
2004-04-15,0.9375
2004-04-16,0.9272
2004-04-19,0.9374
2004-04-20,0.9886
2004-04-21,0.9784
2004-04-22,0.9477
2004-04-23,0.9681
2004-04-26,0.9578
2004-04-27,0.9682
2004-04-28,0.9784
2004-04-29,0.9681
2004-04-30,0.9578
2004-05-03,0.968
2004-05-04,0.9988
2004-05-05,0.9784
2004-05-06,0.9886
2004-05-07,1.0498
2004-05-10,1.0395
2004-05-11,1.0397
2004-05-12,1.0192
2004-05-13,0.9886
2004-05-14,0.9783
2004-05-17,0.9885
2004-05-18,1.0397
2004-05-19,1.0295
2004-05-20,1.0192
2004-05-21,1.0191
2004-05-24,1.0293
2004-05-25,1.0704
2004-05-26,1.0703
2004-05-27,1.0601
2004-05-28,1.06
2004-05-31,1.0599
2004-06-01,1.111
2004-06-02,1.1592
2004-06-03,1.1591
2004-06-04,1.1896
2004-06-07,1.1998
2004-06-08,1.251
2004-06-09,1.2612
2004-06-10,1.2713
2004-06-11,1.2814
2004-06-14,1.363
2004-06-15,1.3224
2004-06-16,1.2816
2004-06-17,1.2509
2004-06-18,1.261
2004-06-21,1.2508
2004-06-22,1.302
2004-06-23,1.2816
2004-06-24,1.2713
2004-06-25,1.2916
2004-06-28,1.3018
2004-06-29,1.3735
2004-06-30,1.2612
2004-07-01,1.2101
2004-07-02,1.2814
2004-07-05,1.2813
2004-07-06,1.2609
2004-07-07,1.2918
2004-07-08,1.2611
2004-07-09,1.261
2004-07-12,1.2814
2004-07-13,1.3327
2004-07-14,1.3326
2004-07-15,1.3326
2004-07-16,1.3324
2004-07-19,1.3222
2004-07-20,1.3425
2004-07-21,1.3428
2004-07-22,1.353
2004-07-23,1.3528
2004-07-26,1.414
2004-07-27,1.4552
2004-07-28,1.4449
2004-07-29,1.4346
2004-07-30,1.4345
2004-08-02,1.4548
2004-08-03,1.4756
2004-08-04,1.4653
2004-08-05,1.4653
2004-08-06,1.4243
2004-08-09,1.4752
2004-08-10,1.4859
2004-08-11,1.4245
2004-08-12,1.4347
2004-08-13,1.4243
2004-08-16,1.4447
2004-08-17,1.4654
2004-08-18,1.4653
2004-08-19,1.4653
2004-08-20,1.4753
2004-08-23,1.4957
2004-08-24,1.5267
2004-08-25,1.5369
2004-08-26,1.5368
2004-08-27,1.5469
2004-08-30,1.557
2004-08-31,1.5778
2004-09-01,1.5675
2004-09-02,1.5879
2004-09-03,1.6387
2004-09-06,1.6386
2004-09-07,1.6181
2004-09-08,1.639
2004-09-09,1.6287
2004-09-10,1.649
2004-09-13,1.6387
2004-09-14,1.6493
2004-09-15,1.6595
2004-09-16,1.6594
2004-09-17,1.6901
2004-09-20,1.6898
2004-09-21,1.7107
2004-09-22,1.7004
2004-09-23,1.7105
2004-09-24,1.7205
2004-09-27,1.7102
2004-09-28,1.7107
2004-09-29,1.7004
2004-09-30,1.7003
2004-10-01,1.6796
2004-10-04,1.6795
2004-10-05,1.7005
2004-10-06,1.7004
2004-10-07,1.6901
2004-10-08,1.6795
2004-10-11,1.6795
2004-10-12,1.6794
2004-10-13,1.7106
2004-10-14,1.7207
2004-10-15,1.7409
2004-10-18,1.7715
2004-10-19,1.813
2004-10-20,1.8129
2004-10-21,1.8333
2004-10-22,1.833
2004-10-25,1.8636
2004-10-26,1.9051
2004-10-27,1.905
2004-10-28,1.8946
2004-10-29,1.8943
2004-11-01,1.9147
2004-11-02,1.9767
2004-11-03,1.9459
2004-11-04,1.9663
2004-11-05,2.0172
2004-11-08,2.0375
2004-11-09,2.0792
2004-11-10,2.0585
2004-11-11,2.0683
2004-11-12,2.058
2004-11-15,2.0887
2004-11-16,2.1304
2004-11-17,2.12
2004-11-18,2.1302
2004-11-19,2.1298
2004-11-22,2.1501
2004-11-23,2.1714
2004-11-24,2.1711
2004-11-25,2.1708
2004-11-26,2.1911
2004-11-29,2.2116
2004-11-30,2.2227
2004-12-01,2.2123
2004-12-02,2.2121
2004-12-03,2.2015
2004-12-06,2.2218
2004-12-07,2.2432
2004-12-08,2.2328
2004-12-09,2.2326
2004-12-10,2.2425
2004-12-13,2.2218
2004-12-14,2.2227
2004-12-15,2.202
2004-12-16,2.1916
2004-12-17,2.1912
2004-12-20,2.1911
2004-12-21,2.2124
2004-12-22,2.1815
2004-12-23,2.181
2004-12-24,2.1809
2004-12-27,2.232
2004-12-28,2.2534
2004-12-29,2.2225
2004-12-30,2.2224
2004-12-31,2.2117
2005-01-03,2.2423
2005-01-04,2.3457
2005-01-05,2.3148
2005-01-06,2.3044
2005-01-07,2.3142
2005-01-10,2.3141
2005-01-11,2.3457
2005-01-12,2.3251
2005-01-13,2.3352
2005-01-14,2.3551
2005-01-17,2.3549
2005-01-18,2.3343
2005-01-19,2.3661
2005-01-20,2.3454
2005-01-21,2.345
2005-01-24,2.3448
2005-01-25,2.4073
2005-01-26,2.4071
2005-01-27,2.4275
2005-01-28,2.4475
2005-01-31,2.4576
2005-02-01,2.5099
2005-02-02,2.4995
2005-02-03,2.4788
2005-02-04,2.4783
2005-02-07,2.4884
2005-02-08,2.5099
2005-02-09,2.5098
2005-02-10,2.5096
2005-02-11,2.5399
2005-02-14,2.5294
2005-02-15,2.5716
2005-02-16,2.5714
2005-02-17,2.5712
2005-02-18,2.591
2005-02-21,2.5908
2005-02-22,2.6214
2005-02-23,2.6741
2005-02-24,2.6842
2005-02-25,2.7247
2005-02-28,2.745
2005-03-01,2.7462
2005-03-02,2.7255
2005-03-03,2.7356
2005-03-04,2.7452
2005-03-07,2.7245
2005-03-08,2.7462
2005-03-09,2.746
2005-03-10,2.7253
2005-03-11,2.7555
2005-03-14,2.7655
2005-03-15,2.7874
2005-03-16,2.7872
2005-03-17,2.7767
2005-03-18,2.7966
2005-03-21,2.8066
2005-03-22,2.8593
2005-03-23,2.818
2005-03-24,2.8274
2005-03-25,2.8272
2005-03-28,2.827
2005-03-29,2.8285
2005-03-30,2.818
2005-03-31,2.7664
2005-04-01,2.776
2005-04-04,2.7347
2005-04-05,2.7771
2005-04-06,2.7563
2005-04-07,2.7561
2005-04-08,2.7658
2005-04-11,2.745
2005-04-12,2.7565
2005-04-13,2.7666
2005-04-14,2.7664
2005-04-15,2.776
2005-04-18,2.8683
2005-04-19,2.9005
2005-04-20,2.8591
2005-04-21,2.8795
2005-04-22,2.9096
2005-04-25,2.8786
2005-04-26,2.9005
2005-04-27,2.8694
2005-04-28,2.8692
2005-04-29,2.8891
2005-05-02,2.8786
2005-05-03,2.9005
2005-05-04,2.8386
2005-05-05,2.7869
2005-05-06,2.8582
2005-05-09,2.8477
2005-05-10,2.8902
2005-05-11,2.8591
2005-05-12,2.8692
2005-05-13,2.8068
2005-05-16,2.7964
2005-05-17,2.8696
2005-05-18,2.8488
2005-05-19,2.8589
2005-05-20,2.8788
2005-05-23,2.8991
2005-05-24,2.9417
2005-05-25,2.9311
2005-05-26,2.9206
2005-05-27,2.9402
2005-05-30,2.94
2005-05-31,2.9398
2005-06-01,2.9723
2005-06-02,2.972
2005-06-03,2.9919
2005-06-06,2.9814
2005-06-07,3.0034
2005-06-08,3.0032
2005-06-09,2.9823
2005-06-10,2.9919
2005-06-13,2.9916
2005-06-14,2.9931
2005-06-15,2.9826
2005-06-16,2.9515
2005-06-17,2.9713
2005-06-20,2.9711
2005-06-21,3.0137
2005-06-22,3.0237
2005-06-23,3.0544
2005-06-24,3.0845
2005-06-27,3.0945
2005-06-28,3.127
2005-06-29,3.1164
2005-06-30,3.1161
2005-07-01,3.1562
2005-07-04,3.1559
2005-07-05,3.1557
2005-07-06,3.1782
2005-07-07,3.1367
2005-07-08,3.1668
2005-07-11,3.1562
2005-07-12,3.1991
2005-07-13,3.2091
2005-07-14,3.2191
2005-07-15,3.2388
2005-07-18,3.2488
2005-07-19,3.2918
2005-07-20,3.2915
2005-07-21,3.3427
2005-07-22,3.3624
2005-07-25,3.3827
2005-07-26,3.4155
2005-07-27,3.3843
2005-07-28,3.3943
2005-07-29,3.3933
2005-08-01,3.4239
2005-08-02,3.4671
2005-08-03,3.4462
2005-08-04,3.4561
2005-08-05,3.5067
2005-08-08,3.4961
2005-08-09,3.5084
2005-08-10,3.4977
2005-08-11,3.4871
2005-08-12,3.5067
2005-08-15,3.4961
2005-08-16,3.529
2005-08-17,3.5081
2005-08-18,3.4665
2005-08-19,3.5067
2005-08-22,3.4961
2005-08-23,3.5087
2005-08-24,3.4878
2005-08-25,3.5081
2005-08-26,3.538
2005-08-29,3.5583
2005-08-30,3.5497
2005-08-31,3.4977
2005-09-01,3.4149
2005-09-02,3.4445
2005-09-05,3.4442
2005-09-06,3.4851
2005-09-07,3.4771
2005-09-08,3.4561
2005-09-09,3.4655
2005-09-12,3.4755
2005-09-13,3.4671
2005-09-14,3.4255
2005-09-15,3.4355
2005-09-16,3.4758
2005-09-19,3.5167
2005-09-20,3.591
2005-09-21,3.3843
2005-09-22,3.4458
2005-09-23,3.4655
2005-09-26,3.4961
2005-09-27,3.4774
2005-09-28,3.4565
2005-09-29,3.5283
2005-09-30,3.5376
2005-10-03,3.5579
2005-10-04,3.6013
2005-10-05,3.5493
2005-10-06,3.5903
2005-10-07,3.5992
2005-10-10,3.5988
2005-10-11,3.6397
2005-10-12,3.6938
2005-10-13,3.7348
2005-10-14,3.7852
2005-10-17,3.7745
2005-10-18,3.8492
2005-10-19,3.8488
2005-10-20,3.8277
2005-10-21,3.8472
2005-10-24,3.8468
2005-10-25,3.9216
2005-10-26,3.8901
2005-10-27,3.8794
2005-10-28,3.9091
2005-10-31,3.8777
2005-11-01,3.9526
2005-11-02,3.9212
2005-11-03,3.9311
2005-11-04,3.9505
2005-11-07,3.9087
2005-11-08,3.9526
2005-11-09,3.9522
2005-11-10,3.9608
2005-11-11,3.9604
2005-11-14,3.9703
2005-11-15,4.0043
2005-11-16,3.9935
2005-11-17,4.0034
2005-11-18,4.0021
2005-11-21,3.9707
2005-11-22,3.9112
2005-11-23,3.9414
2005-11-24,3.9401
2005-11-25,3.9397
2005-11-28,3.9191
2005-11-29,3.9733
2005-11-30,3.9315
2005-12-01,3.9621
2005-12-02,3.9815
2005-12-05,3.9914
2005-12-06,4.025
2005-12-07,4.0142
2005-12-08,3.9311
2005-12-09,3.9298
2005-12-12,3.9087
2005-12-13,3.9009
2005-12-14,3.8798
2005-12-15,3.9414
2005-12-16,3.9195
2005-12-19,3.95
2005-12-20,3.9629
2005-12-21,3.9832
2005-12-22,3.9828
2005-12-23,3.981
2005-12-26,3.981
2005-12-27,3.9595
2005-12-28,3.9418
2005-12-29,3.9931
2005-12-30,4.074
2006-01-02,4.0736
2006-01-03,4.1144
2006-01-04,4.1798
2006-01-05,4.1793
2006-01-06,4.1985
2006-01-09,4.2084
2006-01-10,4.2838
2006-01-11,4.2937
2006-01-12,4.3035
2006-01-13,4.3222
2006-01-16,4.3217
2006-01-17,4.3212
2006-01-18,4.3455
2006-01-19,4.3449
2006-01-20,4.3537
2006-01-23,4.3429
2006-01-24,4.3874
2006-01-25,4.418
2006-01-26,4.4278
2006-01-27,4.4366
2006-01-30,4.4464
2006-01-31,4.46
2006-02-01,4.4698
2006-02-02,4.4693
2006-02-03,4.4676
2006-02-06,4.4774
2006-02-07,4.4911
2006-02-08,4.5009
2006-02-09,4.5107
2006-02-10,4.5298
2006-02-13,4.5292
2006-02-14,4.5533
2006-02-15,4.5424
2006-02-16,4.5315
2006-02-17,4.5292
2006-02-20,4.5287
2006-02-21,4.5488
2006-02-22,4.5631
2006-02-23,4.5833
2006-02-24,4.5816
2006-02-27,4.5914
2006-02-28,4.6156
2006-03-01,4.5943
2006-03-02,4.5937
2006-03-03,4.6023
2006-03-06,4.5603
2006-03-07,4.5948
2006-03-08,4.5735
2006-03-09,4.5729
2006-03-10,4.6023
2006-03-13,4.581
2006-03-14,4.5845
2006-03-15,4.6046
2006-03-16,4.5937
2006-03-17,4.6127
2006-03-20,4.6328
2006-03-21,4.6778
2006-03-22,4.6772
2006-03-23,4.6559
2006-03-24,4.6334
2006-03-27,4.6224
2006-03-28,4.6363
2006-03-29,4.615
2006-03-30,4.604
2006-03-31,4.6023
2006-04-03,4.6328
2006-04-04,4.6571
2006-04-05,4.6669
2006-04-06,4.6663
2006-04-07,4.6749
2006-04-10,4.6743
2006-04-11,4.6882
2006-04-12,4.698
2006-04-13,4.6852
2006-04-14,4.6846
2006-04-17,4.684
2006-04-18,4.709
2006-04-19,4.7084
2006-04-20,4.7181
2006-04-21,4.7371
2006-04-24,4.7364
2006-04-25,4.7713
2006-04-26,4.7707
2006-04-27,4.77
2006-04-28,4.7578
2006-05-01,4.7675
2006-05-02,4.8024
2006-05-03,4.8122
2006-05-04,4.7908
2006-05-05,4.8097
2006-05-08,4.8194
2006-05-09,4.8752
2006-05-10,4.8641
2006-05-11,4.8116
2006-05-12,4.8097
2006-05-15,4.7986
2006-05-16,4.8128
2006-05-17,4.8122
2006-05-18,4.8219
2006-05-19,4.8097
2006-05-22,4.7986
2006-05-23,4.8128
2006-05-24,4.8226
2006-05-25,4.8116
2006-05-26,4.8298
2006-05-29,4.8298
2006-05-30,4.8078
2006-05-31,4.833
2006-06-01,4.8219
2006-06-02,4.7993
2006-06-05,4.809
2006-06-06,4.8544
2006-06-07,4.8433
2006-06-08,4.8531
2006-06-09,4.8719
2006-06-12,4.892
2006-06-13,4.8855
2006-06-14,4.8849
2006-06-15,4.8219
2006-06-16,4.8615
2006-06-19,4.8712
2006-06-20,4.9167
2006-06-21,4.9057
2006-06-22,4.8946
2006-06-23,4.9549
2006-06-26,4.975
2006-06-27,5.0311
2006-06-28,4.9888
2006-06-29,4.9881
2006-06-30,4.9757
2006-07-03,5.0055
2006-07-04,5.0615
2006-07-05,5.0089
2006-07-06,4.9881
2006-07-07,4.9964
2006-07-10,4.9958
2006-07-11,5.0519
2006-07-12,5.0615
2006-07-13,5.0401
2006-07-14,5.0484
2006-07-17,5.0684
2006-07-18,5.1247
2006-07-19,5.1031
2006-07-20,5.0816
2006-07-21,5.0691
2006-07-24,5.0788
2006-07-25,5.1247
2006-07-26,5.0927
2006-07-27,5.092
2006-07-28,5.0484
2006-07-31,5.0684
2006-08-01,5.1039
2006-08-02,5.1031
2006-08-03,5.1024
2006-08-04,5.0691
2006-08-07,5.0996
2006-08-08,5.0935
2006-08-09,5.0615
2006-08-10,5.0401
2006-08-11,5.0587
2006-08-14,5.0788
2006-08-15,5.0831
2006-08-16,5.0615
2006-08-17,5.0816
2006-08-18,5.0899
2006-08-21,5.0788
2006-08-22,5.0942
2006-08-23,5.0831
2006-08-24,5.0823
2006-08-25,5.101
2006-08-28,5.0795
2006-08-29,5.0623
2006-08-30,5.0408
2006-08-31,5.0297
2006-09-01,5.0061
2006-09-04,5.0055
2006-09-05,4.9736
2006-09-06,4.9576
2006-09-07,4.9569
2006-09-08,4.9238
2006-09-11,4.9231
2006-09-12,4.8959
2006-09-13,4.8953
2006-09-14,4.9258
2006-09-15,4.9342
2006-09-18,4.9335
2006-09-19,4.9375
2006-09-20,4.9161
2006-09-21,4.905
2006-09-22,4.9134
2006-09-25,4.892
2006-09-26,4.8752
2006-09-27,4.8745
2006-09-28,4.8635
2006-09-29,4.8719
2006-10-02,4.8816
2006-10-03,4.9063
2006-10-04,4.9057
2006-10-05,4.9258
2006-10-06,4.9335
2006-10-09,4.9328
2006-10-10,4.9633
2006-10-11,5.0096
2006-10-12,5.0401
2006-10-13,5.0484
2006-10-16,5.0477
2006-10-17,5.0831
2006-10-18,5.0823
2006-10-19,5.092
2006-10-20,5.0795
2006-10-23,5.0996
2006-10-24,5.1143
2006-10-25,5.1135
2006-10-26,5.1024
2006-10-27,5.0899
2006-10-30,5.0684
2006-10-31,5.0727
2006-11-01,5.0512
2006-11-02,5.0505
2006-11-03,5.0795
2006-11-06,5.0684
2006-11-07,5.0727
2006-11-08,5.0927
2006-11-09,5.092
2006-11-10,5.0795
2006-11-13,5.0684
2006-11-14,5.0831
2006-11-15,5.0823
2006-11-16,5.092
2006-11-17,5.0795
2006-11-20,5.0477
2006-11-21,5.0519
2006-11-22,5.0505
2006-11-23,5.0484
2006-11-24,5.0269
2006-11-27,5.0269
2006-11-28,5.0366
2006-11-29,5.0304
2006-11-30,5.0193
2006-12-01,5.0172
2006-12-04,4.9958
2006-12-05,4.9791
2006-12-06,4.9784
2006-12-07,4.9673
2006-12-08,4.9445
2006-12-11,4.9231
2006-12-12,4.9271
2006-12-13,4.9264
2006-12-14,4.9362
2006-12-15,4.903
2006-12-18,4.9231
2006-12-19,4.9479
2006-12-20,4.9576
2006-12-21,4.9569
2006-12-22,4.975
2006-12-25,4.9743
2006-12-26,4.9736
2006-12-27,4.968
2006-12-28,4.9881
2006-12-29,5.0061
2007-01-01,5.0055
2007-01-02,5.0359
2007-01-03,5.0408
2007-01-04,5.0297
2007-01-05,5.038
2007-01-08,5.0477
2007-01-09,5.0727
2007-01-10,5.0823
2007-01-11,5.092
2007-01-12,5.0788
2007-01-15,5.0781
2007-01-16,5.0774
2007-01-17,5.1031
2007-01-18,5.1128
2007-01-19,5.1314
2007-01-22,5.1203
2007-01-23,5.1351
2007-01-24,5.1239
2007-01-25,5.1336
2007-01-26,5.1211
2007-01-29,5.1203
2007-01-30,5.1247
2007-01-31,5.1031
2007-02-01,5.1128
2007-02-02,5.1314
2007-02-05,5.1203
2007-02-06,5.1351
2007-02-07,5.1447
2007-02-08,5.144
2007-02-09,5.1418
2007-02-12,5.1515
2007-02-13,5.1559
2007-02-14,5.1447
2007-02-15,5.1544
2007-02-16,5.1619
2007-02-19,5.1612
2007-02-20,5.1604
2007-02-21,5.1655
2007-02-22,5.1752
2007-02-23,5.173
2007-02-26,5.1619
2007-02-27,5.1039
2007-02-28,5.1239
2007-03-01,5.1232
2007-03-02,5.0899
2007-03-05,5.0788
2007-03-06,5.1039
2007-03-07,5.0823
2007-03-08,5.0712
2007-03-09,5.0795
2007-03-12,5.0788
2007-03-13,5.0519
2007-03-14,5.0408
2007-03-15,5.0297
2007-03-16,5.0172
2007-03-19,5.0165
2007-03-20,5.0415
2007-03-21,5.0304
2007-03-22,5.0401
2007-03-23,5.0587
2007-03-26,5.058
2007-03-27,5.0415
2007-03-28,5.0408
2007-03-29,5.0297
2007-03-30,5.0276
2007-04-02,5.0269
2007-04-03,5.0311
2007-04-04,5.0304
2007-04-05,5.0172
2007-04-06,5.0269
2007-04-09,5.0158
2007-04-10,4.9999
2007-04-11,5.0096
2007-04-12,5.0089
2007-04-13,4.9964
2007-04-16,4.9854
2007-04-17,4.9791
2007-04-18,4.968
2007-04-19,4.9673
2007-04-20,4.9653
2007-04-23,4.9646
2007-04-24,4.9583
2007-04-25,4.9472
2007-04-26,4.9258
2007-04-27,4.9134
2007-04-30,4.8401
2007-05-01,4.8752
2007-05-02,4.8745
2007-05-03,4.8738
2007-05-04,4.8719
2007-05-07,4.8505
2007-05-08,4.8752
2007-05-09,4.8537
2007-05-10,4.8323
2007-05-11,4.8304
2007-05-14,4.809
2007-05-15,4.8128
2007-05-16,4.7291
2007-05-17,4.7804
2007-05-18,4.7993
2007-05-21,4.8298
2007-05-22,4.8395
2007-05-23,4.8849
2007-05-24,4.8842
2007-05-25,4.8609
2007-05-28,4.8602
2007-05-29,4.7974
2007-05-30,4.8254
2007-05-31,4.7311
2007-06-01,4.7812
2007-06-04,4.7598
2007-06-05,4.8156
2007-06-06,4.7837
2007-06-07,4.7935
2007-06-08,4.7604
2007-06-11,4.7182
2007-06-12,4.7219
2007-06-13,4.638
2007-06-14,4.6271
2007-06-15,4.5422
2007-06-18,4.5209
2007-06-19,4.6698
2007-06-20,4.7213
2007-06-21,4.6895
2007-06-22,4.7084
2007-06-25,4.7702
2007-06-26,4.8052
2007-06-27,4.7733
2007-06-28,4.7623
2007-06-29,4.802
2007-07-02,4.8638
2007-07-03,4.9504
2007-07-04,4.9497
2007-07-05,4.9373
2007-07-06,4.9373
2007-07-09,4.9158
2007-07-10,4.9406
2007-07-11,4.9399
2007-07-12,4.9497
2007-07-13,4.9581
2007-07-16,4.9262
2007-07-17,4.9614
2007-07-18,4.9504
2007-07-19,4.9705
2007-07-20,4.9685
2007-07-23,4.9886
2007-07-24,5.0031
2007-07-25,4.9712
2007-07-26,4.908
2007-07-27,4.8436
2007-07-30,4.8534
2007-07-31,4.9406
2007-08-01,4.8774
2007-08-02,4.8768
2007-08-03,4.8228
2007-08-06,4.8534
2007-08-07,4.9302
2007-08-08,4.9399
2007-08-09,4.7727
2007-08-10,4.5422
2007-08-13,4.6871
2007-08-14,4.6282
2007-08-15,4.0875
2007-08-16,3.8589
2007-08-17,3.7542
2007-08-20,3.0926
2007-08-21,3.6012
2007-08-22,3.6526
2007-08-23,3.8904
2007-08-24,4.2209
2007-08-27,4.5006
2007-08-28,4.3267
2007-08-29,4.0045
2007-08-30,3.7968
2007-08-31,4.1059
2007-09-03,4.1054
2007-09-04,4.4056
2007-09-05,4.3781
2007-09-06,4.3049
2007-09-07,4.0545
2007-09-10,4.0023
2007-09-11,4.0879
2007-09-12,3.9941
2007-09-13,4.0455
2007-09-14,3.982
2007-09-17,4.0852
2007-09-18,3.9945
2007-09-19,3.9008
2007-09-20,3.7864
2007-09-21,3.7542
2007-09-24,3.7952
2007-09-25,3.7872
2007-09-26,3.6936
2007-09-27,3.6932
2007-09-28,3.7956
2007-10-01,3.8987
2007-10-02,3.9427
2007-10-03,3.9423
2007-10-04,3.9315
2007-10-05,3.9712
2007-10-08,3.9708
2007-10-09,4.0122
2007-10-10,4.0356
2007-10-11,4.1077
2007-10-12,4.1893
2007-10-15,4.2718
2007-10-16,4.2436
2007-10-17,3.9941
2007-10-18,3.8486
2007-10-19,3.8163
2007-10-22,3.9609
2007-10-23,3.9738
2007-10-24,3.849
2007-10-25,3.9211
2007-10-26,3.9406
2007-10-29,3.9609
2007-10-30,3.9531
2007-10-31,3.9112
2007-11-01,3.7968
2007-11-02,3.599
2007-11-05,3.7228
2007-11-06,3.7354
2007-11-07,3.4453
2007-11-08,3.4036
2007-11-09,3.2474
2007-11-12,3.2471
2007-11-13,3.4536
2007-11-14,3.3936
2007-11-15,3.3002
2007-11-16,3.413
2007-11-19,3.361
2007-11-20,3.2802
2007-11-21,3.0834
2007-11-22,3.0826
2007-11-23,3.2167
2007-11-26,3.103
2007-11-27,3.1458
2007-11-28,3.032
2007-11-29,2.9595
2007-11-30,3.1445
2007-12-03,2.9895
2007-12-04,3.0426
2007-12-05,3.0527
2007-12-06,3.073
2007-12-07,3.062
2007-12-10,3.0308
2007-12-11,2.8981
2007-12-12,2.8566
2007-12-13,2.8874
2007-12-14,2.8661
2007-12-17,2.9792
2007-12-18,3.0323
2007-12-19,2.8876
2007-12-20,2.9286
2007-12-21,2.9691
2007-12-24,3.2781
2007-12-25,3.3005
2007-12-26,3.3109
2007-12-27,3.1143
2007-12-28,3.1445
2007-12-31,3.2368
2008-01-01,3.3212
2008-01-02,3.2489
2008-01-03,3.2176
2008-01-04,3.1858
2008-01-07,3.2371
2008-01-08,3.2078
2008-01-09,3.2282
2008-01-10,3.2073
2008-01-11,3.0929
2008-01-14,3.1545
2008-01-15,3.1458
2008-01-16,3.1249
2008-01-17,2.9905
2008-01-18,2.8452
2008-01-21,2.845
2008-01-22,2.2689
2008-01-23,2.1978
2008-01-24,2.3621
2008-01-25,2.2486
2008-01-28,2.2485
2008-01-29,2.2802
2008-01-30,2.1464
2008-01-31,1.9409
2008-02-01,2.0843
2008-02-04,2.2177
2008-02-05,2.1568
2008-02-06,2.0848
2008-02-07,2.1874
2008-02-08,2.2178
2008-02-11,2.2485
2008-02-12,2.2802
2008-02-13,2.2595
2008-02-14,2.2799
2008-02-15,2.1868
2008-02-18,2.1867
2008-02-19,2.2175
2008-02-20,2.2183
2008-02-21,2.1874
2008-02-22,2.187
2008-02-25,2.1766
2008-02-26,2.0951
2008-02-27,1.9615
2008-02-28,1.8998
2008-02-29,1.838
2008-03-03,1.6432
2008-03-04,1.6436
2008-03-05,1.4898
2008-03-06,1.3567
2008-03-07,1.4384
2008-03-10,1.3258
2008-03-11,1.4694
2008-03-12,1.4079
2008-03-13,1.3567
2008-03-14,1.1622
2008-03-17,0.9987
2008-03-18,0.8763
2008-03-19,0.5599
2008-03-20,0.5701
2008-03-21,0.5701
2008-03-24,1.0702
2008-03-25,1.2749
2008-03-26,1.2646
2008-03-27,1.2646
2008-03-28,1.3668
2008-03-31,1.3156
2008-04-01,1.3875
2008-04-02,1.367
2008-04-03,1.3874
2008-04-04,1.3668
2008-04-07,1.3872
2008-04-08,1.367
2008-04-09,1.2953
2008-04-10,1.2339
2008-04-11,1.1826
2008-04-14,1.0702
2008-04-15,1.1317
2008-04-16,1.1215
2008-04-17,1.2748
2008-04-18,1.3463
2008-04-21,1.2951
2008-04-22,1.2647
2008-04-23,1.2135
2008-04-24,1.2441
2008-04-25,1.3565
2008-04-28,1.3667
2008-04-29,1.4592
2008-04-30,1.3772
2008-05-01,1.3976
2008-05-02,1.4998
2008-05-05,1.5919
2008-05-06,1.6231
2008-05-07,1.664
2008-05-08,1.6537
2008-05-09,1.6842
2008-05-12,1.7866
2008-05-13,1.8179
2008-05-14,1.8178
2008-05-15,1.828
2008-05-16,1.838
2008-05-19,1.8482
2008-05-20,1.859
2008-05-21,1.8589
2008-05-22,1.8588
2008-05-23,1.8482
2008-05-26,1.8481
2008-05-27,1.8891
2008-05-28,1.8794
2008-05-29,1.8998
2008-05-30,1.879
2008-06-02,1.8276
2008-06-03,1.8437
2008-06-04,1.8436
2008-06-05,1.8435
2008-06-06,1.833
2008-06-09,1.884
2008-06-10,2.0075
2008-06-11,1.9357
2008-06-12,1.9868
2008-06-13,1.966
2008-06-16,1.9454
2008-06-17,1.9767
2008-06-18,1.9152
2008-06-19,1.9049
2008-06-20,1.8534
2008-06-23,1.884
2008-06-24,1.8334
2008-06-25,1.7924
2008-06-26,1.7105
2008-06-27,1.6592
2008-06-30,1.7306
2008-07-01,1.8641
2008-07-02,1.8129
2008-07-03,1.8432
2008-07-04,1.8329
2008-07-07,1.8123
2008-07-08,1.8539
2008-07-09,1.7924
2008-07-10,1.6594
2008-07-11,1.5774
2008-07-14,1.4548
2008-07-15,1.3327
2008-07-16,1.353
2008-07-17,1.3938
2008-07-18,1.4549
2008-07-21,1.4242
2008-07-22,1.5369
2008-07-23,1.5471
2008-07-24,1.639
2008-07-25,1.7205
2008-07-28,1.6898
2008-07-29,1.7107
2008-07-30,1.6799
2008-07-31,1.6594
2008-08-01,1.6592
2008-08-04,1.6898
2008-08-05,1.7311
2008-08-06,1.639
2008-08-07,1.6696
2008-08-08,1.6898
2008-08-11,1.8124
2008-08-12,1.8539
2008-08-13,1.8333
2008-08-14,1.8537
2008-08-15,1.833
2008-08-18,1.7613
2008-08-19,1.7925
2008-08-20,1.6799
2008-08-21,1.7105
2008-08-22,1.6898
2008-08-25,1.6693
2008-08-26,1.7005
2008-08-27,1.6698
2008-08-28,1.7311
2008-08-29,1.7103
2008-09-01,1.7102
2008-09-02,1.6795
2008-09-03,1.6799
2008-09-04,1.6696
2008-09-05,1.7716
2008-09-08,1.7
2008-09-09,1.6596
2008-09-10,1.639
2008-09-11,1.6083
2008-09-12,1.4651
2008-09-15,0.8025
2008-09-16,0.6906
2008-09-17,0.0406
2008-09-18,0.071
2008-09-19,0.8839
2008-09-22,0.833
2008-09-23,0.711
2008-09-24,0.4568
2008-09-25,0.7517
2008-09-26,0.8432
2008-09-29,0.68
2008-09-30,0.9044
2008-10-01,0.8026
2008-10-02,0.5991
2008-10-03,0.4669
2008-10-06,0.4669
2008-10-07,0.7619
2008-10-08,0.6093
2008-10-09,0.5177
2008-10-10,0.1826
2008-10-13,0.1826
2008-10-14,0.2739
2008-10-15,0.213
2008-10-16,0.4263
2008-10-17,0.7923
2008-10-20,1.0775
2008-10-21,1.0674
2008-10-22,1.0063
2008-10-23,0.9655
2008-10-24,0.8432
2008-10-27,0.7516
2008-10-28,0.7517
2008-10-29,0.5788
2008-10-30,0.3755
2008-10-31,0.436
2008-11-03,0.4364
2008-11-04,0.4771
2008-11-05,0.3856
2008-11-06,0.3044
2008-11-07,0.2841
2008-11-10,0.2029
2008-11-11,0.4263
2008-11-12,0.142
2008-11-13,0.1826
2008-11-14,0.1318
2008-11-17,0.0913
2008-11-18,0.1116
2008-11-19,0.0608
2008-11-20,0.0152
2008-11-21,0.0101
2008-11-24,0.0101
2008-11-25,0.1014
2008-11-26,0.0406
2008-11-27,0.0406
2008-11-28,0.0406
2008-12-01,0.0406
2008-12-02,0.0507
2008-12-03,0.0101
2008-12-04,-0.041
2008-12-05,0.015
2008-12-08,-0.035
2008-12-09,-0.015
2008-12-10,-0.015
2008-12-11,-0.005
2008-12-12,0.005
2008-12-15,-0.005
2008-12-16,-0.025
2008-12-17,0.0101
2008-12-18,0.012
2008-12-19,0.015
2008-12-22,0.013
2008-12-23,0.0051
2008-12-24,-0.0172
2008-12-25,0.0051
2008-12-26,-0.0101
2008-12-29,0.0608
2008-12-30,0.0862
2008-12-31,0.0761
2009-01-01,0.071
2009-01-02,0.0791
2009-01-05,0.0862
2009-01-06,0.1349
2009-01-07,0.0913
2009-01-08,0.071
2009-01-09,0.0558
2009-01-12,0.0588
2009-01-13,0.1014
2009-01-14,0.0913
2009-01-15,0.1014
2009-01-16,0.1116
2009-01-19,0.1116
2009-01-20,0.1014
2009-01-21,0.1095
2009-01-22,0.0963
2009-01-23,0.0963
2009-01-26,0.0963
2009-01-27,0.1298
2009-01-28,0.1755
2009-01-29,0.2181
2009-01-30,0.2262
2009-02-02,0.2435
2009-02-03,0.3095
2009-02-04,0.2892
2009-02-05,0.2719
2009-02-06,0.2739
2009-02-09,0.2709
2009-02-10,0.3156
2009-02-11,0.3044
2009-02-12,0.2892
2009-02-13,0.2892
2009-02-16,0.2922
2009-02-17,0.2831
2009-02-18,0.3044
2009-02-19,0.3003
2009-02-20,0.2689
2009-02-23,0.2689
2009-02-24,0.2973
2009-02-25,0.2973
2009-02-26,0.2668
2009-02-27,0.2465
2009-03-02,0.2333
2009-03-03,0.2536
2009-03-04,0.2486
2009-03-05,0.1866
2009-03-06,0.1958
2009-03-09,0.2008
2009-03-10,0.2333
2009-03-11,0.2181
2009-03-12,0.1907
2009-03-13,0.1877
2009-03-16,0.2242
2009-03-17,0.2272
2009-03-18,0.1978
2009-03-19,0.1856
2009-03-20,0.2008
2009-03-23,0.1877
2009-03-24,0.2059
2009-03-25,0.1826
2009-03-26,0.14
2009-03-27,0.1268
2009-03-30,0.1268
2009-03-31,0.2009
2009-04-01,0.1978
2009-04-02,0.2059
2009-04-03,0.2008
2009-04-06,0.1856
2009-04-07,0.1907
2009-04-08,0.1755
2009-04-09,0.1755
2009-04-10,0.1755
2009-04-13,0.1674
2009-04-14,0.1572
2009-04-15,0.141
2009-04-16,0.1217
2009-04-17,0.1298
2009-04-20,0.1217
2009-04-21,0.142
2009-04-22,0.1308
2009-04-23,0.0963
2009-04-24,0.0963
2009-04-27,0.0842
2009-04-28,0.1166
2009-04-29,0.0913
2009-04-30,0.1247
2009-05-01,0.143
2009-05-04,0.1785
2009-05-05,0.1826
2009-05-06,0.1785
2009-05-07,0.1775
2009-05-08,0.1714
2009-05-11,0.1603
2009-05-12,0.1806
2009-05-13,0.1653
2009-05-14,0.1521
2009-05-15,0.1562
2009-05-18,0.1572
2009-05-19,0.1755
2009-05-20,0.1674
2009-05-21,0.1755
2009-05-22,0.1734
2009-05-25,0.1734
2009-05-26,0.1704
2009-05-27,0.1552
2009-05-28,0.1329
2009-05-29,0.1298
2009-06-01,0.0913
2009-06-02,0.1258
2009-06-03,0.1217
2009-06-04,0.1369
2009-06-05,0.1775
2009-06-08,0.1724
2009-06-09,0.1704
2009-06-10,0.1724
2009-06-11,0.1704
2009-06-12,0.1653
2009-06-15,0.1501
2009-06-16,0.1633
2009-06-17,0.1603
2009-06-18,0.1724
2009-06-19,0.1684
2009-06-22,0.1826
2009-06-23,0.1927
2009-06-24,0.1806
2009-06-25,0.1653
2009-06-26,0.1724
2009-06-29,0.1755
2009-06-30,0.1775
2009-07-01,0.1623
2009-07-02,0.1562
2009-07-03,0.1532
2009-07-06,0.1521
2009-07-07,0.1806
2009-07-08,0.1755
2009-07-09,0.1755
2009-07-10,0.1674
2009-07-13,0.1755
2009-07-14,0.1755
2009-07-15,0.1755
2009-07-16,0.1653
2009-07-17,0.1623
2009-07-20,0.1633
2009-07-21,0.1816
2009-07-22,0.1806
2009-07-23,0.1806
2009-07-24,0.1775
2009-07-27,0.1856
2009-07-28,0.1826
2009-07-29,0.1775
2009-07-30,0.1755
2009-07-31,0.1755
2009-08-03,0.1704
2009-08-04,0.1775
2009-08-05,0.1755
2009-08-06,0.1653
2009-08-07,0.1704
2009-08-10,0.1572
2009-08-11,0.1755
2009-08-12,0.1704
2009-08-13,0.1674
2009-08-14,0.1663
2009-08-17,0.1674
2009-08-18,0.1775
2009-08-19,0.1572
2009-08-20,0.1521
2009-08-21,0.1562
2009-08-24,0.1521
2009-08-25,0.1552
2009-08-26,0.145
2009-08-27,0.14
2009-08-28,0.1369
2009-08-31,0.1268
2009-09-01,0.1288
2009-09-02,0.1288
2009-09-03,0.1217
2009-09-04,0.1258
2009-09-07,0.1268
2009-09-08,0.1217
2009-09-09,0.1349
2009-09-10,0.1369
2009-09-11,0.1349
2009-09-14,0.1298
2009-09-15,0.1247
2009-09-16,0.1014
2009-09-17,0.0872
2009-09-18,0.0791
2009-09-21,0.0842
2009-09-22,0.0974
2009-09-23,0.0913
2009-09-24,0.0892
2009-09-25,0.0963
2009-09-28,0.0862
2009-09-29,0.1207
2009-09-30,0.1075
2009-10-01,0.0943
2009-10-02,0.0882
2009-10-05,0.0882
2009-10-06,0.069
2009-10-07,0.0578
2009-10-08,0.0578
2009-10-09,0.0639
2009-10-12,0.0608
2009-10-13,0.0588
2009-10-14,0.0659
2009-10-15,0.0527
2009-10-16,0.0568
2009-10-19,0.0608
2009-10-20,0.075
2009-10-21,0.0639
2009-10-22,0.0436
2009-10-23,0.0507
2009-10-26,0.0497
2009-10-27,0.071
2009-10-28,0.0588
2009-10-29,0.0477
2009-10-30,0.0446
2009-11-02,0.0385
2009-11-03,0.0406
2009-11-04,0.0436
2009-11-05,0.0335
2009-11-06,0.0416
2009-11-09,0.0436
2009-11-10,0.0578
2009-11-11,0.0558
2009-11-12,0.0507
2009-11-13,0.0517
2009-11-16,0.0558
2009-11-17,0.0537
2009-11-18,0.0203
2009-11-19,0.0051
2009-11-20,0.0051
2009-11-23,0.0101
2009-11-24,0.0304
2009-11-25,0.0345
2009-11-26,0.0345
2009-11-27,0.0152
2009-11-30,0.0466
2009-12-01,0.0406
2009-12-02,0.0385
2009-12-03,0.0365
2009-12-04,0.0385
2009-12-07,0.0152
2009-12-08,0.0203
2009-12-09,0.0203
2009-12-10,0.0203
2009-12-11,0.0203
2009-12-14,0.0203
2009-12-15,0.0406
2009-12-16,0.0335
2009-12-17,0.0365
2009-12-18,0.0365
2009-12-21,0.0416
2009-12-22,0.07
2009-12-23,0.0537
2009-12-24,0.0395
2009-12-25,0.0395
2009-12-28,0.0558
2009-12-29,0.0821
2009-12-30,0.0406
2009-12-31,0.0477
2010-01-01,0.0558
2010-01-04,0.0548
2010-01-05,0.0608
2010-01-06,0.0487
2010-01-07,0.0436
2010-01-08,0.0395
2010-01-11,0.0203
2010-01-12,0.0385
2010-01-13,0.0487
2010-01-14,0.0507
2010-01-15,0.0517
2010-01-18,0.0537
2010-01-19,0.0436
2010-01-20,0.0456
2010-01-21,0.0385
2010-01-22,0.0436
2010-01-25,0.0436
2010-01-26,0.0608
2010-01-27,0.069
2010-01-28,0.069
2010-01-29,0.069
2010-02-01,0.0842
2010-02-02,0.0872
2010-02-03,0.0872
2010-02-04,0.0842
2010-02-05,0.0852
2010-02-08,0.0892
2010-02-09,0.0963
2010-02-10,0.0994
2010-02-11,0.0933
2010-02-12,0.0872
2010-02-15,0.0872
2010-02-16,0.0862
2010-02-17,0.0872
2010-02-18,0.1065
2010-02-19,0.0943
2010-02-22,0.0842
2010-02-23,0.1045
2010-02-24,0.1095
2010-02-25,0.1146
2010-02-26,0.1146
2010-03-01,0.1227
2010-03-02,0.1197
2010-03-03,0.1349
2010-03-04,0.1349
2010-03-05,0.143
2010-03-08,0.145
2010-03-09,0.145
2010-03-10,0.145
2010-03-11,0.145
2010-03-12,0.142
2010-03-15,0.145
2010-03-16,0.1552
2010-03-17,0.1471
2010-03-18,0.145
2010-03-19,0.144
2010-03-22,0.1369
2010-03-23,0.1247
2010-03-24,0.1329
2010-03-25,0.1298
2010-03-26,0.1349
2010-03-29,0.1258
2010-03-30,0.145
2010-03-31,0.1501
2010-04-01,0.1521
2010-04-02,0.1572
2010-04-05,0.1603
2010-04-06,0.1633
2010-04-07,0.1603
2010-04-08,0.1552
2010-04-09,0.1471
2010-04-12,0.1349
2010-04-13,0.145
2010-04-14,0.1501
2010-04-15,0.1501
2010-04-16,0.1511
2010-04-19,0.1461
2010-04-20,0.141
2010-04-21,0.145
2010-04-22,0.1501
2010-04-23,0.1501
2010-04-26,0.1501
2010-04-27,0.14
2010-04-28,0.1521
2010-04-29,0.1521
2010-04-30,0.1542
2010-05-03,0.1603
2010-05-04,0.1562
2010-05-05,0.1461
2010-05-06,0.1045
2010-05-07,0.1197
2010-05-10,0.145
2010-05-11,0.1471
2010-05-12,0.1501
2010-05-13,0.1552
2010-05-14,0.145
2010-05-17,0.1511
2010-05-18,0.1603
2010-05-19,0.1623
2010-05-20,0.1552
2010-05-21,0.1521
2010-05-24,0.145
2010-05-25,0.1532
2010-05-26,0.1603
2010-05-27,0.1603
2010-05-28,0.1552
2010-05-31,0.1521
2010-06-01,0.146
2010-06-02,0.14
2010-06-03,0.1349
2010-06-04,0.1207
2010-06-07,0.1065
2010-06-08,0.1065
2010-06-09,0.0903
2010-06-10,0.0801
2010-06-11,0.069
2010-06-14,0.0507
2010-06-15,0.071
2010-06-16,0.0892
2010-06-17,0.0872
2010-06-18,0.0943
2010-06-21,0.1075
2010-06-22,0.1126
2010-06-23,0.1197
2010-06-24,0.1207
2010-06-25,0.1268
2010-06-28,0.1349
2010-06-29,0.1369
2010-06-30,0.1704
2010-07-01,0.1653
2010-07-02,0.1603
2010-07-05,0.1603
2010-07-06,0.1603
2010-07-07,0.1471
2010-07-08,0.145
2010-07-09,0.145
2010-07-12,0.1369
2010-07-13,0.142
2010-07-14,0.145
2010-07-15,0.1471
2010-07-16,0.145
2010-07-19,0.1471
2010-07-20,0.145
2010-07-21,0.1501
2010-07-22,0.145
2010-07-23,0.145
2010-07-26,0.1521
2010-07-27,0.142
2010-07-28,0.1461
2010-07-29,0.145
2010-07-30,0.14
2010-08-02,0.14
2010-08-03,0.1359
2010-08-04,0.145
2010-08-05,0.14
2010-08-06,0.1369
2010-08-09,0.1369
2010-08-10,0.14
2010-08-11,0.145
2010-08-12,0.1471
2010-08-13,0.1471
2010-08-16,0.1501
2010-08-17,0.1481
2010-08-18,0.1501
2010-08-19,0.145
2010-08-20,0.145
2010-08-23,0.1501
2010-08-24,0.145
2010-08-25,0.1501
2010-08-26,0.145
2010-08-27,0.1379
2010-08-30,0.1298
2010-08-31,0.1268
2010-09-01,0.1298
2010-09-02,0.1278
2010-09-03,0.1247
2010-09-06,0.1247
2010-09-07,0.1247
2010-09-08,0.1247
2010-09-09,0.1349
2010-09-10,0.1318
2010-09-13,0.1369
2010-09-14,0.1349
2010-09-15,0.1461
2010-09-16,0.1501
2010-09-17,0.1471
2010-09-20,0.1501
2010-09-21,0.1501
2010-09-22,0.1521
2010-09-23,0.1501
2010-09-24,0.14
2010-09-27,0.1298
2010-09-28,0.142
2010-09-29,0.1552
2010-09-30,0.1532
2010-10-01,0.1501
2010-10-04,0.1471
2010-10-05,0.1075
2010-10-06,0.1146
2010-10-07,0.1146
2010-10-08,0.1146
2010-10-11,0.1146
2010-10-12,0.1146
2010-10-13,0.1217
2010-10-14,0.1349
2010-10-15,0.1349
2010-10-18,0.1349
2010-10-19,0.1298
2010-10-20,0.1318
2010-10-21,0.1217
2010-10-22,0.1197
2010-10-25,0.1146
2010-10-26,0.1217
2010-10-27,0.1298
2010-10-28,0.1227
2010-10-29,0.1105
2010-11-01,0.1014
2010-11-02,0.1126
2010-11-03,0.1176
2010-11-04,0.1146
2010-11-05,0.1146
2010-11-08,0.1105
2010-11-09,0.1146
2010-11-10,0.1268
2010-11-11,0.1247
2010-11-12,0.1247
2010-11-15,0.1268
2010-11-16,0.1278
2010-11-17,0.1318
2010-11-18,0.1329
2010-11-19,0.1298
2010-11-22,0.1247
2010-11-23,0.1308
2010-11-24,0.1521
2010-11-25,0.1501
2010-11-26,0.1521
2010-11-29,0.1552
2010-11-30,0.1552
2010-12-01,0.1562
2010-12-02,0.145
2010-12-03,0.1318
2010-12-06,0.1247
2010-12-07,0.1318
2010-12-08,0.1349
2010-12-09,0.1349
2010-12-10,0.1166
2010-12-13,0.1197
2010-12-14,0.1318
2010-12-15,0.1349
2010-12-16,0.1247
2010-12-17,0.1014
2010-12-20,0.1014
2010-12-21,0.1268
2010-12-22,0.1298
2010-12-23,0.1318
2010-12-24,0.1318
2010-12-27,0.1258
2010-12-28,0.1379
2010-12-29,0.1197
2010-12-30,0.1075
2010-12-31,0.1197
2011-01-03,0.1197
2011-01-04,0.1298
2011-01-05,0.1349
2011-01-06,0.14
2011-01-07,0.1349
2011-01-10,0.1349
2011-01-11,0.145
2011-01-12,0.142
2011-01-13,0.14
2011-01-14,0.145
2011-01-17,0.145
2011-01-18,0.145
2011-01-19,0.1501
2011-01-20,0.1552
2011-01-21,0.1501
2011-01-24,0.1501
2011-01-25,0.145
2011-01-26,0.1552
2011-01-27,0.14
2011-01-28,0.14
2011-01-31,0.145
2011-02-01,0.1501
2011-02-02,0.1501
2011-02-03,0.142
2011-02-04,0.145
2011-02-07,0.142
2011-02-08,0.14
2011-02-09,0.1308
2011-02-10,0.1095
2011-02-11,0.1116
2011-02-14,0.1095
2011-02-15,0.1197
2011-02-16,0.1065
2011-02-17,0.0892
2011-02-18,0.0892
2011-02-21,0.0892
2011-02-22,0.1014
2011-02-23,0.1166
2011-02-24,0.1166
2011-02-25,0.1247
2011-02-28,0.1349
2011-03-01,0.1349
2011-03-02,0.1217
2011-03-03,0.1207
2011-03-04,0.1105
2011-03-07,0.1004
2011-03-08,0.1045
2011-03-09,0.0913
2011-03-10,0.0669
2011-03-11,0.069
2011-03-14,0.074
2011-03-15,0.0892
2011-03-16,0.0842
2011-03-17,0.074
2011-03-18,0.0639
2011-03-21,0.069
2011-03-22,0.0862
2011-03-23,0.0842
2011-03-24,0.074
2011-03-25,0.0801
2011-03-28,0.0791
2011-03-29,0.0963
2011-03-30,0.0913
2011-03-31,0.0913
2011-04-01,0.0558
2011-04-04,0.0355
2011-04-05,0.0659
2011-04-06,0.0558
2011-04-07,0.0355
2011-04-08,0.0355
2011-04-11,0.0355
2011-04-12,0.0456
2011-04-13,0.0507
2011-04-14,0.0659
2011-04-15,0.0608
2011-04-18,0.0507
2011-04-19,0.0507
2011-04-20,0.0558
2011-04-21,0.0507
2011-04-22,0.0507
2011-04-25,0.0456
2011-04-26,0.0558
2011-04-27,0.0507
2011-04-28,0.0355
2011-04-29,0.0355
2011-05-02,0.0304
2011-05-03,0.0203
2011-05-04,0.0152
2011-05-05,0.0101
2011-05-06,0.0051
2011-05-09,0.0051
2011-05-10,0.0253
2011-05-11,0.0152
2011-05-12,0.0152
2011-05-13,0.0203
2011-05-16,0.0203
2011-05-17,0.0355
2011-05-18,0.0355
2011-05-19,0.0406
2011-05-20,0.0406
2011-05-23,0.0456
2011-05-24,0.0507
2011-05-25,0.0456
2011-05-26,0.0456
2011-05-27,0.0406
2011-05-30,0.0406
2011-05-31,0.0456
2011-06-01,0.0407
2011-06-02,0.0356
2011-06-03,0.0305
2011-06-06,0.0203
2011-06-07,0.0356
2011-06-08,0.0305
2011-06-09,0.0356
2011-06-10,0.0407
2011-06-13,0.0356
2011-06-14,0.0458
2011-06-15,0.0458
2011-06-16,0.0305
2011-06-17,0.0254
2011-06-20,0.0203
2011-06-21,0.0203
2011-06-22,0.0101
2011-06-23,0.0051
2011-06-24,0.0051
2011-06-27,0.0101
2011-06-28,0.0203
2011-06-29,0.0203
2011-06-30,0.0102
2011-07-01,0.0153
2011-07-04,0.0153
2011-07-05,-0.0051
2011-07-06,0.0051
2011-07-07,0.0203
2011-07-08,0.0203
2011-07-11,0.0102
2011-07-12,0.0203
2011-07-13,-0.0051
2011-07-14,0.0051
2011-07-15,0.0051
2011-07-18,0.0051
2011-07-19,0.0152
2011-07-20,0.0152
2011-07-21,0.0355
2011-07-22,0.0304
2011-07-25,0.0304
2011-07-26,0.0661
2011-07-27,0.0763
2011-07-28,0.0712
2011-07-29,0.0915
2011-08-01,0.0712
2011-08-02,0.0559
2011-08-03,0.0102
2011-08-04,0.0051
2011-08-05,0.0051
2011-08-08,0.0203
2011-08-09,0.0254
2011-08-10,0.0102
2011-08-11,0.0102
2011-08-12,0.0102
2011-08-15,0.0
2011-08-16,0.0051
2011-08-17,0.0051
2011-08-18,0.0
2011-08-19,0.0
2011-08-22,-0.0051
2011-08-23,0.0051
2011-08-24,-0.0102
2011-08-25,-0.0051
2011-08-26,-0.0051
2011-08-29,0.0
2011-08-30,0.0051
2011-08-31,0.0102
2011-09-01,0.0102
2011-09-02,0.0153
2011-09-05,0.0153
2011-09-06,0.0153
2011-09-07,0.0153
2011-09-08,0.0102
2011-09-09,0.0051
2011-09-12,0.0051
2011-09-13,0.0
2011-09-14,0.0
2011-09-15,0.0
2011-09-16,0.0
2011-09-19,0.0
2011-09-20,0.0051
2011-09-21,0.0051
2011-09-22,0.0
2011-09-23,-0.0051
2011-09-26,0.0
2011-09-27,0.0102
2011-09-28,0.0051
2011-09-29,0.0102
2011-09-30,0.0203
2011-10-03,-0.0051
2011-10-04,0.0
2011-10-05,0.0
2011-10-06,0.0
2011-10-07,0.0051
2011-10-10,0.0051
2011-10-11,0.0
2011-10-12,0.0152
2011-10-13,0.0152
2011-10-14,0.0101
2011-10-17,0.0203
2011-10-18,0.0153
2011-10-19,0.0203
2011-10-20,0.0153
2011-10-21,0.0153
2011-10-24,0.0051
2011-10-25,0.0051
2011-10-26,0.0102
2011-10-27,0.0102
2011-10-28,0.0
2011-10-31,-0.0152
2011-11-01,-0.0102
2011-11-02,0.0
2011-11-03,0.0
2011-11-04,-0.0051
2011-11-07,0.0
2011-11-08,0.0051
2011-11-09,0.0051
2011-11-10,0.0
2011-11-11,0.0
2011-11-14,0.0051
2011-11-15,0.0051
2011-11-16,0.0051
2011-11-17,0.0
2011-11-18,0.0
2011-11-21,0.0051
2011-11-22,0.0153
2011-11-23,0.0153
2011-11-24,0.0153
2011-11-25,0.0153
2011-11-28,0.0102
2011-11-29,0.0102
2011-11-30,0.0
2011-12-01,-0.0051
2011-12-02,-0.0051
2011-12-05,-0.0051
2011-12-06,0.0
2011-12-07,0.0
2011-12-08,0.0
2011-12-09,0.0
2011-12-12,0.0
2011-12-13,0.0051
2011-12-14,-0.0051
2011-12-15,-0.0051
2011-12-16,-0.0051
2011-12-19,-0.0051
2011-12-20,0.0051
2011-12-21,0.0
2011-12-22,0.0
2011-12-23,-0.0051
2011-12-26,-0.0051
2011-12-27,0.0051
2011-12-28,0.0
2011-12-29,0.0
2011-12-30,0.0102
2012-01-02,0.0102
2012-01-03,0.0051
2012-01-04,0.0102
2012-01-05,0.0102
2012-01-06,0.0051
2012-01-09,0.0051
2012-01-10,0.0102
2012-01-11,0.0153
2012-01-12,0.0254
2012-01-13,0.0203
2012-01-16,0.0203
2012-01-17,0.0203
2012-01-18,0.0203
2012-01-19,0.0407
2012-01-20,0.0407
2012-01-23,0.0356
2012-01-24,0.0356
2012-01-25,0.0356
2012-01-26,0.0458
2012-01-27,0.0508
2012-01-30,0.0458
2012-01-31,0.0508
2012-02-01,0.0559
2012-02-02,0.0763
2012-02-03,0.0712
2012-02-06,0.0661
2012-02-07,0.0813
2012-02-08,0.0763
2012-02-09,0.0864
2012-02-10,0.0813
2012-02-13,0.0966
2012-02-14,0.1068
2012-02-15,0.1068
2012-02-16,0.0966
2012-02-17,0.0763
2012-02-20,0.0763
2012-02-21,0.061
2012-02-22,0.0813
2012-02-23,0.0864
2012-02-24,0.0915
2012-02-27,0.1017
2012-02-28,0.0915
2012-02-29,0.0763
2012-03-01,0.0712
2012-03-02,0.061
2012-03-05,0.061
2012-03-06,0.0712
2012-03-07,0.0763
2012-03-08,0.0763
2012-03-09,0.0813
2012-03-12,0.0763
2012-03-13,0.0813
2012-03-14,0.0813
2012-03-15,0.0813
2012-03-16,0.0813
2012-03-19,0.0763
2012-03-20,0.0915
2012-03-21,0.0864
2012-03-22,0.0712
2012-03-23,0.0712
2012-03-26,0.0712
2012-03-27,0.0813
2012-03-28,0.0763
2012-03-29,0.061
2012-03-30,0.0661
2012-04-02,0.061
2012-04-03,0.0712
2012-04-04,0.0712
2012-04-05,0.0661
2012-04-06,0.0712
2012-04-09,0.0763
2012-04-10,0.0813
2012-04-11,0.0813
2012-04-12,0.0813
2012-04-13,0.0813
2012-04-16,0.0763
2012-04-17,0.0763
2012-04-18,0.0661
2012-04-19,0.0661
2012-04-20,0.0661
2012-04-23,0.0712
2012-04-24,0.0813
2012-04-25,0.0864
2012-04-26,0.0864
2012-04-27,0.0864
2012-04-30,0.0915
2012-05-01,0.0864
2012-05-02,0.0763
2012-05-03,0.0763
2012-05-04,0.0712
2012-05-07,0.0763
2012-05-08,0.0915
2012-05-09,0.0864
2012-05-10,0.0915
2012-05-11,0.0915
2012-05-14,0.0864
2012-05-15,0.0915
2012-05-16,0.0915
2012-05-17,0.0915
2012-05-18,0.0763
2012-05-21,0.0661
2012-05-22,0.0814
2012-05-23,0.0813
2012-05-24,0.0915
2012-05-25,0.0813
2012-05-28,0.0813
2012-05-29,0.0763
2012-05-30,0.0659
2012-05-31,0.0659
2012-06-01,0.0659
2012-06-04,0.0659
2012-06-05,0.0761
2012-06-06,0.0811
2012-06-07,0.0761
2012-06-08,0.0761
2012-06-11,0.0761
2012-06-12,0.0862
2012-06-13,0.0913
2012-06-14,0.0963
2012-06-15,0.0862
2012-06-18,0.0761
2012-06-19,0.0864
2012-06-20,0.0813
2012-06-21,0.0763
2012-06-22,0.0763
2012-06-25,0.0763
2012-06-26,0.0862
2012-06-27,0.0862
2012-06-28,0.0811
2012-06-29,0.0811
2012-07-02,0.071
2012-07-03,0.0811
2012-07-04,0.0811
2012-07-05,0.071
2012-07-06,0.071
2012-07-09,0.071
2012-07-10,0.0862
2012-07-11,0.0913
2012-07-12,0.0963
2012-07-13,0.0811
2012-07-16,0.0862
2012-07-17,0.0915
2012-07-18,0.0864
2012-07-19,0.0763
2012-07-20,0.0864
2012-07-23,0.0915
2012-07-24,0.0963
2012-07-25,0.0963
2012-07-26,0.1014
2012-07-27,0.1014
2012-07-30,0.0963
2012-07-31,0.0963
2012-08-01,0.0913
2012-08-02,0.0862
2012-08-03,0.0761
2012-08-06,0.0761
2012-08-07,0.0963
2012-08-08,0.1065
2012-08-09,0.1116
2012-08-10,0.1014
2012-08-13,0.0963
2012-08-14,0.1068
2012-08-15,0.0813
2012-08-16,0.0813
2012-08-17,0.0661
2012-08-20,0.0864
2012-08-21,0.1014
2012-08-22,0.1014
2012-08-23,0.0963
2012-08-24,0.0913
2012-08-27,0.0913
2012-08-28,0.0963
2012-08-29,0.0963
2012-08-30,0.0963
2012-08-31,0.071
2012-09-03,0.071
2012-09-04,0.0862
2012-09-05,0.1014
2012-09-06,0.1014
2012-09-07,0.1014
2012-09-10,0.1014
2012-09-11,0.0966
2012-09-12,0.1017
2012-09-13,0.0966
2012-09-14,0.0966
2012-09-17,0.0915
2012-09-18,0.0963
2012-09-19,0.1065
2012-09-20,0.1065
2012-09-21,0.1014
2012-09-24,0.0963
2012-09-25,0.1065
2012-09-26,0.1014
2012-09-27,0.0862
2012-09-28,0.0913
2012-10-01,0.0811
2012-10-02,0.0862
2012-10-03,0.0862
2012-10-04,0.1014
2012-10-05,0.0963
2012-10-08,0.0963
2012-10-09,0.0963
2012-10-10,0.0966
2012-10-11,0.0966
2012-10-12,0.0966
2012-10-15,0.0915
2012-10-16,0.0862
2012-10-17,0.1065
2012-10-18,0.0963
2012-10-19,0.0913
2012-10-22,0.0913
2012-10-23,0.1014
2012-10-24,0.1065
2012-10-25,0.1116
2012-10-26,0.1116
2012-10-29,0.1116
2012-10-30,0.112
2012-10-31,0.1065
2012-11-01,0.0913
2012-11-02,0.0913
2012-11-05,0.0862
2012-11-06,0.0915
2012-11-07,0.0966
2012-11-08,0.0864
2012-11-09,0.0915
2012-11-12,0.0915
2012-11-13,0.0864
2012-11-14,0.1014
2012-11-15,0.0761
2012-11-16,0.0761
2012-11-19,0.0761
2012-11-20,0.071
2012-11-21,0.0913
2012-11-22,0.0913
2012-11-23,0.0862
2012-11-26,0.0913
2012-11-27,0.0811
2012-11-28,0.0913
2012-11-29,0.0811
2012-11-30,0.0761
2012-12-03,0.0761
2012-12-04,0.0963
2012-12-05,0.0913
2012-12-06,0.0913
2012-12-07,0.0811
2012-12-10,0.0761
2012-12-11,0.0659
2012-12-12,0.0608
2012-12-13,0.0507
2012-12-14,0.0253
2012-12-17,0.0203
2012-12-18,0.0507
2012-12-19,0.0507
2012-12-20,0.0507
2012-12-21,0.0558
2012-12-24,0.0507
2012-12-25,0.0507
2012-12-26,0.0558
2012-12-27,0.0659
2012-12-28,0.03
2012-12-31,0.0406
2013-01-01,0.0406
2013-01-02,0.0558
2013-01-03,0.0659
2013-01-04,0.0659
2013-01-07,0.0608
2013-01-08,0.0507
2013-01-09,0.0558
2013-01-10,0.0608
2013-01-11,0.0659
2013-01-14,0.0659
2013-01-15,0.0761
2013-01-16,0.071
2013-01-17,0.071
2013-01-18,0.071
2013-01-21,0.071
2013-01-22,0.0608
2013-01-23,0.071
2013-01-24,0.0761
2013-01-25,0.071
2013-01-28,0.0608
2013-01-29,0.0659
2013-01-30,0.0608
2013-01-31,0.071
2013-02-01,0.0659
2013-02-04,0.0558
2013-02-05,0.071
2013-02-06,0.0659
2013-02-07,0.0659
2013-02-08,0.0659
2013-02-11,0.0659
2013-02-12,0.0811
2013-02-13,0.0913
2013-02-14,0.0963
2013-02-15,0.0963
2013-02-18,0.0963
2013-02-19,0.1065
2013-02-20,0.1166
2013-02-21,0.1217
2013-02-22,0.1217
2013-02-25,0.1166
2013-02-26,0.1116
2013-02-27,0.1014
2013-02-28,0.1014
2013-03-01,0.1014
2013-03-04,0.0862
2013-03-05,0.0963
2013-03-06,0.0963
2013-03-07,0.0963
2013-03-08,0.0862
2013-03-11,0.0913
2013-03-12,0.0913
2013-03-13,0.0862
2013-03-14,0.0913
2013-03-15,0.0811
2013-03-18,0.071
2013-03-19,0.0507
2013-03-20,0.0659
2013-03-21,0.0659
2013-03-22,0.0659
2013-03-25,0.0608
2013-03-26,0.071
2013-03-27,0.0862
2013-03-28,0.071
2013-03-29,0.071
2013-04-01,0.0456
2013-04-02,0.0862
2013-04-03,0.0558
2013-04-04,0.0608
2013-04-05,0.0608
2013-04-08,0.0558
2013-04-09,0.0608
2013-04-10,0.0659
2013-04-11,0.0608
2013-04-12,0.0608
2013-04-15,0.0558
2013-04-16,0.0507
2013-04-17,0.0507
2013-04-18,0.0507
2013-04-19,0.0456
2013-04-22,0.0456
2013-04-23,0.0456
2013-04-24,0.0507
2013-04-25,0.0507
2013-04-26,0.0507
2013-04-29,0.0507
2013-04-30,0.0456
2013-05-01,0.0507
2013-05-02,0.0355
2013-05-03,0.0456
2013-05-06,0.0304
2013-05-07,0.0253
2013-05-08,0.0406
2013-05-09,0.0355
2013-05-10,0.0355
2013-05-13,0.0355
2013-05-14,0.0355
2013-05-15,0.0355
2013-05-16,0.0253
2013-05-17,0.0304
2013-05-20,0.0304
2013-05-21,0.0355
2013-05-22,0.0355
2013-05-23,0.0406
2013-05-24,0.0355
2013-05-27,0.0355
2013-05-28,0.0406
2013-05-29,0.0355
2013-05-30,0.0253
2013-05-31,0.0253
2013-06-03,0.0253
2013-06-04,0.0406
2013-06-05,0.0355
2013-06-06,0.0456
2013-06-07,0.0406
2013-06-10,0.0406
2013-06-11,0.0406
2013-06-12,0.0456
2013-06-13,0.0406
2013-06-14,0.0406
2013-06-17,0.0406
2013-06-18,0.0456
2013-06-19,0.0406
2013-06-20,0.0406
2013-06-21,0.0406
2013-06-24,0.0406
2013-06-25,0.0558
2013-06-26,0.0558
2013-06-27,0.0456
2013-06-28,0.0304
2013-07-01,0.0101
2013-07-02,0.0203
2013-07-03,0.0406
2013-07-04,0.0406
2013-07-05,0.0355
2013-07-08,0.0304
2013-07-09,0.0355
2013-07-10,0.0304
2013-07-11,0.0304
2013-07-12,0.0304
2013-07-15,0.0203
2013-07-16,0.0253
2013-07-17,0.0253
2013-07-18,0.0253
2013-07-19,0.0203
2013-07-22,0.0101
2013-07-23,0.0152
2013-07-24,0.0203
2013-07-25,0.0152
2013-07-26,0.0152
2013-07-29,0.0152
2013-07-30,0.0355
2013-07-31,0.0355
2013-08-01,0.0355
2013-08-02,0.0304
2013-08-05,0.0355
2013-08-06,0.0355
2013-08-07,0.0406
2013-08-08,0.0456
2013-08-09,0.0507
2013-08-12,0.0507
2013-08-13,0.0456
2013-08-14,0.0456
2013-08-15,0.0456
2013-08-16,0.0355
2013-08-19,0.0355
2013-08-20,0.0355
2013-08-21,0.0304
2013-08-22,0.0203
2013-08-23,0.0253
2013-08-26,0.0051
2013-08-27,0.0608
2013-08-28,0.0253
2013-08-29,0.0203
2013-08-30,0.0203
2013-09-02,0.0203
2013-09-03,0.0152
2013-09-04,0.0152
2013-09-05,0.0203
2013-09-06,0.0152
2013-09-09,0.0101
2013-09-10,0.0152
2013-09-11,0.0152
2013-09-12,0.0152
2013-09-13,0.0101
2013-09-16,0.0051
2013-09-17,0.0051
2013-09-18,0.0051
2013-09-19,0.0
2013-09-20,0.0101
2013-09-23,0.0051
2013-09-24,0.0203
2013-09-25,0.0152
2013-09-26,0.0
2013-09-27,0.0101
2013-09-30,0.0051
2013-10-01,0.0152
2013-10-02,0.0051
2013-10-03,0.0203
2013-10-04,0.0203
2013-10-07,0.0203
2013-10-08,0.0456
2013-10-09,0.0406
2013-10-10,0.0456
2013-10-11,0.0558
2013-10-14,0.0558
2013-10-15,0.1014
2013-10-16,0.0862
2013-10-17,0.0406
2013-10-18,0.0203
2013-10-21,0.0253
2013-10-22,0.0253
2013-10-23,0.0304
2013-10-24,0.0304
2013-10-25,0.0304
2013-10-28,0.0152
2013-10-29,0.0355
2013-10-30,0.0304
2013-10-31,0.0355
2013-11-01,0.0355
2013-11-04,0.0355
2013-11-05,0.0456
2013-11-06,0.0456
2013-11-07,0.0558
2013-11-08,0.0507
2013-11-11,0.0507
2013-11-12,0.0558
2013-11-13,0.071
2013-11-14,0.071
2013-11-15,0.0659
2013-11-18,0.0659
2013-11-19,0.0761
2013-11-20,0.0761
2013-11-21,0.071
2013-11-22,0.071
2013-11-25,0.0608
2013-11-26,0.0659
2013-11-27,0.0608
2013-11-28,0.0608
2013-11-29,0.0558
2013-12-02,0.0507
2013-12-03,0.0355
2013-12-04,0.0456
2013-12-05,0.0558
2013-12-06,0.0558
2013-12-09,0.0507
2013-12-10,0.0659
2013-12-11,0.0659
2013-12-12,0.0659
2013-12-13,0.0608
2013-12-16,0.0608
2013-12-17,0.0608
2013-12-18,0.0608
2013-12-19,0.0659
2013-12-20,0.0558
2013-12-23,0.0608
2013-12-24,0.0659
2013-12-25,0.0659
2013-12-26,0.0608
2013-12-27,0.0608
2013-12-30,0.0608
2013-12-31,0.0659
2014-01-01,0.0659
2014-01-02,0.0608
2014-01-03,0.0659
2014-01-06,0.0456
2014-01-07,0.0355
2014-01-08,0.0304
2014-01-09,0.0355
2014-01-10,0.0355
2014-01-13,0.0253
2014-01-14,0.0304
2014-01-15,0.0355
2014-01-16,0.0304
2014-01-17,0.0304
2014-01-20,0.0304
2014-01-21,0.0355
2014-01-22,0.0304
2014-01-23,0.0355
2014-01-24,0.0456
2014-01-27,0.0507
2014-01-28,0.0456
2014-01-29,0.0406
2014-01-30,0.0152
2014-01-31,0.0203
2014-02-03,0.0253
2014-02-04,0.0507
2014-02-05,0.0558
2014-02-06,0.0659
2014-02-07,0.0811
2014-02-10,0.0558
2014-02-11,0.0456
2014-02-12,0.0456
2014-02-13,0.0203
2014-02-14,0.0101
2014-02-17,0.0101
2014-02-18,0.0152
2014-02-19,0.0456
2014-02-20,0.0456
2014-02-21,0.0355
2014-02-24,0.0355
2014-02-25,0.0406
2014-02-26,0.0406
2014-02-27,0.0355
2014-02-28,0.0456
2014-03-03,0.0456
2014-03-04,0.0456
2014-03-05,0.0507
2014-03-06,0.0456
2014-03-07,0.0456
2014-03-10,0.0355
2014-03-11,0.0406
2014-03-12,0.0406
2014-03-13,0.0406
2014-03-14,0.0456
2014-03-17,0.0456
2014-03-18,0.0456
2014-03-19,0.0507
2014-03-20,0.0507
2014-03-21,0.0456
2014-03-24,0.0456
2014-03-25,0.0456
2014-03-26,0.0406
2014-03-27,0.0304
2014-03-28,0.0355
2014-03-31,0.0304
2014-04-01,0.0355
2014-04-02,0.0152
2014-04-03,0.0152
2014-04-04,0.0203
2014-04-07,0.0203
2014-04-08,0.0253
2014-04-09,0.0304
2014-04-10,0.0304
2014-04-11,0.0355
2014-04-14,0.0304
2014-04-15,0.0304
2014-04-16,0.0253
2014-04-17,0.0203
2014-04-18,0.0203
2014-04-21,0.0253
2014-04-22,0.0253
2014-04-23,0.0152
2014-04-24,0.0051
2014-04-25,0.0101
2014-04-28,0.0051
2014-04-29,0.0101
2014-04-30,0.0253
2014-05-01,0.0203
2014-05-02,0.0152
2014-05-05,0.0152
2014-05-06,0.0203
2014-05-07,0.0253
2014-05-08,0.0253
2014-05-09,0.0203
2014-05-12,0.0203
2014-05-13,0.0203
2014-05-14,0.0203
2014-05-15,0.0203
2014-05-16,0.0152
2014-05-19,0.0203
2014-05-20,0.0253
2014-05-21,0.0304
2014-05-22,0.0304
2014-05-23,0.0304
2014-05-26,0.0304
2014-05-27,0.0253
2014-05-28,0.0304
2014-05-29,0.0304
2014-05-30,0.0304
2014-06-02,0.0253
2014-06-03,0.0304
2014-06-04,0.0304
2014-06-05,0.0304
2014-06-06,0.0304
2014-06-09,0.0304
2014-06-10,0.0304
2014-06-11,0.0355
2014-06-12,0.0355
2014-06-13,0.0304
2014-06-16,0.0253
2014-06-17,0.0304
2014-06-18,0.0152
2014-06-19,0.0101
2014-06-20,0.0101
2014-06-23,0.0051
2014-06-24,0.0203
2014-06-25,0.0203
2014-06-26,0.0253
2014-06-27,0.0203
2014-06-30,0.0203
2014-07-01,0.0203
2014-07-02,0.0152
2014-07-03,0.0051
2014-07-04,0.0051
2014-07-07,0.0101
2014-07-08,0.0203
2014-07-09,0.0203
2014-07-10,0.0152
2014-07-11,0.0152
2014-07-14,0.0152
2014-07-15,0.0152
2014-07-16,0.0152
2014-07-17,0.0101
2014-07-18,0.0101
2014-07-21,0.0152
2014-07-22,0.0203
2014-07-23,0.0203
2014-07-24,0.0203
2014-07-25,0.0253
2014-07-28,0.0253
2014-07-29,0.0152
2014-07-30,0.0304
2014-07-31,0.0203
2014-08-01,0.0203
2014-08-04,0.0152
2014-08-05,0.0203
2014-08-06,0.0203
2014-08-07,0.0203
2014-08-08,0.0203
2014-08-11,0.0253
2014-08-12,0.0253
2014-08-13,0.0304
2014-08-14,0.0253
2014-08-15,0.0253
2014-08-18,0.0253
2014-08-19,0.0253
2014-08-20,0.0203
2014-08-21,0.0101
2014-08-22,0.0152
2014-08-25,0.0152
2014-08-26,0.0203
2014-08-27,0.0253
2014-08-28,0.0253
2014-08-29,0.0203
2014-09-01,0.0203
2014-09-02,0.0152
2014-09-03,0.0203
2014-09-04,0.0203
2014-09-05,0.0253
2014-09-08,0.0203
2014-09-09,0.0101
2014-09-10,0.0152
2014-09-11,0.0101
2014-09-12,0.0101
2014-09-15,0.0101
2014-09-16,0.0101
2014-09-17,0.0152
2014-09-18,0.0051
2014-09-19,0.0101
2014-09-22,0.0
2014-09-23,0.0101
2014-09-24,0.0101
2014-09-25,0.0051
2014-09-26,0.0101
2014-09-29,0.0051
2014-09-30,0.0152
2014-10-01,0.0101
2014-10-02,0.0101
2014-10-03,0.0051
2014-10-06,0.0051
2014-10-07,0.0051
2014-10-08,0.0
2014-10-09,0.0051
2014-10-10,0.0051
2014-10-13,0.0051
2014-10-14,0.0051
2014-10-15,0.0152
2014-10-16,0.0253
2014-10-17,0.0203
2014-10-20,0.0203
2014-10-21,0.0101
2014-10-22,0.0152
2014-10-23,0.0051
2014-10-24,0.0051
2014-10-27,0.0051
2014-10-28,0.0101
2014-10-29,0.0101
2014-10-30,0.0051
2014-10-31,0.0051
2014-11-03,0.0051
2014-11-04,0.0203
2014-11-05,0.0203
2014-11-06,0.0203
2014-11-07,0.0203
2014-11-10,0.0203
2014-11-11,0.0152
2014-11-12,0.0101
2014-11-13,0.0051
2014-11-14,0.0051
2014-11-17,0.0051
2014-11-18,0.0101
2014-11-19,0.0
2014-11-20,0.0
2014-11-21,0.0051
2014-11-24,0.0051
2014-11-25,0.0203
2014-11-26,0.0051
2014-11-27,0.0051
2014-11-28,0.0101
2014-12-01,0.0101
2014-12-02,0.0101
2014-12-03,0.0051
2014-12-04,0.0152
2014-12-05,0.0101
2014-12-08,0.0051
2014-12-09,0.0253
2014-12-10,0.0253
2014-12-11,0.0203
2014-12-12,0.0152
2014-12-15,0.0051
2014-12-16,0.0304
2014-12-17,0.0203
2014-12-18,0.0355
2014-12-19,0.0253
2014-12-22,0.0203
2014-12-23,0.0101
2014-12-24,0.0
2014-12-25,0.001
2014-12-26,0.0
2014-12-29,0.0
2014-12-30,0.0051
2014-12-31,0.0355
2015-01-01,0.0355
2015-01-02,0.0152
2015-01-05,0.0101
2015-01-06,0.0253
2015-01-07,0.0203
2015-01-08,0.0152
2015-01-09,0.0152
2015-01-12,0.0152
2015-01-13,0.0253
2015-01-14,0.0253
2015-01-15,0.0253
2015-01-16,0.0152
2015-01-19,0.0152
2015-01-20,0.0051
2015-01-21,0.0203
2015-01-22,0.0152
2015-01-23,0.0152
2015-01-26,0.0051
2015-01-27,0.0152
2015-01-28,0.0152
2015-01-29,0.0051
2015-01-30,0.0
2015-02-02,0.0051
2015-02-03,0.0152
2015-02-04,0.0051
2015-02-05,0.0051
2015-02-06,0.0152
2015-02-09,0.0051
2015-02-10,0.0051
2015-02-11,0.0051
2015-02-12,0.0101
2015-02-13,0.0051
2015-02-16,0.0051
2015-02-17,0.0051
2015-02-18,0.0152
2015-02-19,0.0152
2015-02-20,0.0152
2015-02-23,0.0152
2015-02-24,0.0152
2015-02-25,0.0152
2015-02-26,0.0152
2015-02-27,0.0101
2015-03-02,0.0101
2015-03-03,0.0101
2015-03-04,0.0051
2015-03-05,0.0051
2015-03-06,0.0051
2015-03-09,0.0051
2015-03-10,0.0101
2015-03-11,0.0152
2015-03-12,0.0203
2015-03-13,0.0203
2015-03-16,0.0304
2015-03-17,0.0456
2015-03-18,0.0253
2015-03-19,0.0051
2015-03-20,0.0
2015-03-23,0.0
2015-03-24,0.0152
2015-03-25,0.0253
2015-03-26,0.0253
2015-03-27,0.0355
2015-03-30,0.0152
2015-03-31,0.0203
2015-04-01,0.0152
2015-04-02,0.0101
2015-04-03,0.0101
2015-04-06,0.0051
2015-04-07,0.0152
2015-04-08,0.0203
2015-04-09,0.0203
2015-04-10,0.0152
2015-04-13,0.0101
2015-04-14,0.0152
2015-04-15,0.0101
2015-04-16,0.0152
2015-04-17,0.0152
2015-04-20,0.0101
2015-04-21,0.0203
2015-04-22,0.0203
2015-04-23,0.0203
2015-04-24,0.0152
2015-04-27,0.0101
2015-04-28,0.0101
2015-04-29,-0.0051
2015-04-30,0.0
2015-05-01,0.0
2015-05-04,0.0
2015-05-05,0.0051
2015-05-06,0.0051
2015-05-07,0.0051
2015-05-08,0.0051
2015-05-11,0.0051
2015-05-12,0.0101
2015-05-13,0.0152
2015-05-14,0.0101
2015-05-15,0.0101
2015-05-18,0.0051
2015-05-19,0.0101
2015-05-20,0.0152
2015-05-21,0.0101
2015-05-22,0.0101
2015-05-25,0.0101
2015-05-26,0.0101
2015-05-27,0.0051
2015-05-28,0.0
2015-05-29,0.0
2015-06-01,0.0
2015-06-02,0.0051
2015-06-03,0.0102
2015-06-04,0.0102
2015-06-05,0.0153
2015-06-08,0.0102
2015-06-09,0.0102
2015-06-10,0.0153
2015-06-11,0.0102
2015-06-12,0.0051
2015-06-15,0.0051
2015-06-16,0.0051
2015-06-17,0.0
2015-06-18,0.0
2015-06-19,0.0
2015-06-22,0.0
2015-06-23,0.0051
2015-06-24,0.0
2015-06-25,0.0
2015-06-26,0.0
2015-06-29,0.0
2015-06-30,0.0051
2015-07-01,0.0153
2015-07-02,0.0
2015-07-03,0.0
2015-07-06,0.0102
2015-07-07,0.0102
2015-07-08,0.0102
2015-07-09,0.0102
2015-07-10,0.0051
2015-07-13,-0.0102
2015-07-14,0.0051
2015-07-15,0.0101
2015-07-16,0.0152
2015-07-17,0.0152
2015-07-20,0.0203
2015-07-21,0.0254
2015-07-22,0.0305
2015-07-23,0.0305
2015-07-24,0.0305
2015-07-27,0.0305
2015-07-28,0.0458
2015-07-29,0.0458
2015-07-30,0.0661
2015-07-31,0.061
2015-08-03,0.0661
2015-08-04,0.0763
2015-08-05,0.0712
2015-08-06,0.0356
2015-08-07,0.061
2015-08-10,0.0661
2015-08-11,0.1014
2015-08-12,0.0963
2015-08-13,0.0862
2015-08-14,0.0811
2015-08-17,0.0608
2015-08-18,0.0661
2015-08-19,0.0407
2015-08-20,0.0153
2015-08-21,0.0203
2015-08-24,0.0153
2015-08-25,0.0508
2015-08-26,0.0508
2015-08-27,0.0508
2015-08-28,0.0508
2015-08-31,0.0
2015-09-01,0.0356
2015-09-02,0.0102
2015-09-03,0.0153
2015-09-04,0.0254
2015-09-07,0.0254
2015-09-08,0.0254
2015-09-09,0.0253
2015-09-10,0.0152
2015-09-11,0.0253
2015-09-14,0.0203
2015-09-15,0.0559
2015-09-16,0.0508
2015-09-17,-0.0051
2015-09-18,-0.0152
2015-09-21,-0.0152
2015-09-22,-0.0051
2015-09-23,0.0051
2015-09-24,0.0
2015-09-25,-0.0203
2015-09-28,-0.0051
2015-09-29,-0.0102
2015-09-30,-0.0203
2015-10-01,-0.0254
2015-10-02,-0.0051
2015-10-05,-0.0102
2015-10-06,-0.0051
2015-10-07,-0.0051
2015-10-08,0.0
2015-10-09,0.0
2015-10-12,0.0
2015-10-13,0.0
2015-10-14,-0.0051
2015-10-15,-0.0051
2015-10-16,0.0
2015-10-19,-0.0051
2015-10-20,0.0102
2015-10-21,0.0
2015-10-22,0.0
2015-10-23,0.0
2015-10-26,0.0153
2015-10-27,0.0153
2015-10-28,0.0356
2015-10-29,0.061
2015-10-30,0.0712
2015-11-02,0.0508
2015-11-03,0.0507
2015-11-04,0.0355
2015-11-05,0.0355
2015-11-06,0.0761
2015-11-09,0.0761
2015-11-10,0.1271
2015-11-11,0.1271
2015-11-12,0.1271
2015-11-13,0.1169
2015-11-16,0.1017
2015-11-17,0.117
2015-11-18,0.1119
2015-11-19,0.0915
2015-11-20,0.0966
2015-11-23,0.1068
2015-11-24,0.1576
2015-11-25,0.1729
2015-11-26,0.1729
2015-11-27,0.1678
2015-11-30,0.1678
2015-12-01,0.1983
2015-12-02,0.2034
2015-12-03,0.2034
2015-12-04,0.2136
2015-12-07,0.2289
2015-12-08,0.2696
2015-12-09,0.2492
2015-12-10,0.2289
2015-12-11,0.2187
2015-12-14,0.2034
2015-12-15,0.2441
2015-12-16,0.2492
2015-12-17,0.2187
2015-12-18,0.1729
2015-12-21,0.1576
2015-12-22,0.1882
2015-12-23,0.1933
2015-12-24,0.1983
2015-12-25,0.1983
2015-12-28,0.1933
2015-12-29,0.1933
2015-12-30,0.1424
2015-12-31,0.1627
2016-01-01,0.1627
2016-01-04,0.1627
2016-01-05,0.1983
2016-01-06,0.1983
2016-01-07,0.1983
2016-01-08,0.1933
2016-01-11,0.1882
2016-01-12,0.2085
2016-01-13,0.2187
2016-01-14,0.2441
2016-01-15,0.2289
2016-01-18,0.2289
2016-01-19,0.239
2016-01-20,0.2594
2016-01-21,0.2798
2016-01-22,0.295
2016-01-25,0.2849
2016-01-26,0.3103
2016-01-27,0.3154
2016-01-28,0.3256
2016-01-29,0.3103
2016-02-01,0.3001
2016-02-02,0.3358
2016-02-03,0.3307
2016-02-04,0.29
2016-02-05,0.2899
2016-02-08,0.2645
2016-02-09,0.3052
2016-02-10,0.3052
2016-02-11,0.2798
2016-02-12,0.2798
2016-02-15,0.2798
2016-02-16,0.2798
2016-02-17,0.3001
2016-02-18,0.29
2016-02-19,0.2899
2016-02-22,0.3001
2016-02-23,0.3205
2016-02-24,0.3307
2016-02-25,0.3205
2016-02-26,0.3103
2016-02-29,0.3154
2016-03-01,0.3256
2016-03-02,0.295
2016-03-03,0.2747
2016-03-04,0.2645
2016-03-07,0.2747
2016-03-08,0.3001
2016-03-09,0.3001
2016-03-10,0.3103
2016-03-11,0.3154
2016-03-14,0.3154
2016-03-15,0.3307
2016-03-16,0.295
2016-03-17,0.2798
2016-03-18,0.2849
2016-03-21,0.3001
2016-03-22,0.2951
2016-03-23,0.3001
2016-03-24,0.2798
2016-03-25,0.2798
2016-03-28,0.2645
2016-03-29,0.2238
2016-03-30,0.1933
2016-03-31,0.1983
2016-04-01,0.2238
2016-04-04,0.1933
2016-04-05,0.2136
2016-04-06,0.2289
2016-04-07,0.2289
2016-04-08,0.2238
2016-04-11,0.2136
2016-04-12,0.2238
2016-04-13,0.2238
2016-04-14,0.2187
2016-04-15,0.2187
2016-04-18,0.2034
2016-04-19,0.2085
2016-04-20,0.2238
2016-04-21,0.2289
2016-04-22,0.2289
2016-04-25,0.2492
2016-04-26,0.2441
2016-04-27,0.234
2016-04-28,0.2085
2016-04-29,0.2085
2016-05-02,0.1882
2016-05-03,0.1983
2016-05-04,0.1882
2016-05-05,0.1882
2016-05-06,0.1933
2016-05-09,0.2136
2016-05-10,0.2441
2016-05-11,0.2543
2016-05-12,0.2645
2016-05-13,0.2645
2016-05-16,0.2645
2016-05-17,0.2849
2016-05-18,0.295
2016-05-19,0.3001
2016-05-20,0.3052
2016-05-23,0.3205
2016-05-24,0.346
2016-05-25,0.3256
2016-05-26,0.2849
2016-05-27,0.3103
2016-05-30,0.3103
2016-05-31,0.2849
2016-06-01,0.2892
2016-06-02,0.2739
2016-06-03,0.279
2016-06-06,0.2587
2016-06-07,0.2638
2016-06-08,0.2333
2016-06-09,0.2486
2016-06-10,0.2435
2016-06-13,0.2536
2016-06-14,0.2645
2016-06-15,0.2543
2016-06-16,0.2543
2016-06-17,0.2543
2016-06-20,0.2492
2016-06-21,0.2689
2016-06-22,0.2638
2016-06-23,0.2841
2016-06-24,0.2485
2016-06-27,0.2435
2016-06-28,0.2536
2016-06-29,0.2587
2016-06-30,0.2587
2016-07-01,0.2536
2016-07-04,0.2536
2016-07-05,0.2435
2016-07-06,0.2689
2016-07-07,0.2841
2016-07-08,0.2739
2016-07-11,0.279
2016-07-12,0.29
2016-07-13,0.3001
2016-07-14,0.3103
2016-07-15,0.3001
2016-07-18,0.295
2016-07-19,0.3095
2016-07-20,0.3196
2016-07-21,0.3095
2016-07-22,0.3145
2016-07-25,0.3044
2016-07-26,0.3044
2016-07-27,0.279
2016-07-28,0.2384
2016-07-29,0.2536
2016-08-01,0.2536
2016-08-02,0.2689
2016-08-03,0.2638
2016-08-04,0.2536
2016-08-05,0.2587
2016-08-08,0.2587
2016-08-09,0.2798
2016-08-10,0.2798
2016-08-11,0.2798
2016-08-12,0.2747
2016-08-15,0.2849
2016-08-16,0.2739
2016-08-17,0.2942
2016-08-18,0.2942
2016-08-19,0.2993
2016-08-22,0.2892
2016-08-23,0.2993
2016-08-24,0.3146
2016-08-25,0.3196
2016-08-26,0.3145
2016-08-29,0.3095
2016-08-30,0.3247
2016-08-31,0.3298
2016-09-01,0.3247
2016-09-02,0.3196
2016-09-05,0.3196
2016-09-06,0.3095
2016-09-07,0.3358
2016-09-08,0.3409
2016-09-09,0.3358
2016-09-12,0.3612
2016-09-13,0.3501
2016-09-14,0.3196
2016-09-15,0.2841
2016-09-16,0.279
2016-09-19,0.2485
2016-09-20,0.2892
2016-09-21,0.2029
2016-09-22,0.1674
2016-09-23,0.1674
2016-09-26,0.1826
2016-09-27,0.2536
2016-09-28,0.2739
2016-09-29,0.2536
2016-09-30,0.2739
2016-10-03,0.2993
2016-10-04,0.3205
2016-10-05,0.3205
2016-10-06,0.3205
2016-10-07,0.3154
2016-10-10,0.3154
2016-10-11,0.3307
2016-10-12,0.3399
2016-10-13,0.2841
2016-10-14,0.2892
2016-10-17,0.2993
2016-10-18,0.3349
2016-10-19,0.3298
2016-10-20,0.3298
2016-10-21,0.3247
2016-10-24,0.3196
2016-10-25,0.3298
2016-10-26,0.3247
2016-10-27,0.2841
2016-10-28,0.279
2016-10-31,0.2993
2016-11-01,0.3511
2016-11-02,0.3612
2016-11-03,0.3663
2016-11-04,0.3663
2016-11-07,0.402
2016-11-08,0.4161
2016-11-09,0.4263
2016-11-10,0.4669
2016-11-11,0.4669
2016-11-14,0.5126
2016-11-15,0.4822
2016-11-16,0.4568
2016-11-17,0.4263
2016-11-18,0.4313
2016-11-21,0.4313
2016-11-22,0.4822
2016-11-23,0.4923
2016-11-24,0.4923
2016-11-25,0.4923
2016-11-28,0.4618
2016-11-29,0.4771
2016-11-30,0.4771
2016-12-01,0.4669
2016-12-02,0.4618
2016-12-05,0.4618
2016-12-06,0.4873
2016-12-07,0.4974
2016-12-08,0.5025
2016-12-09,0.533
2016-12-12,0.5025
2016-12-13,0.533
2016-12-14,0.533
2016-12-15,0.4974
2016-12-16,0.4923
2016-12-19,0.4872
2016-12-20,0.5076
2016-12-21,0.5025
2016-12-22,0.5025
2016-12-23,0.5076
2016-12-26,0.5076
2016-12-27,0.5126
2016-12-28,0.5076
2016-12-29,0.4466
2016-12-30,0.4974
2017-01-02,0.4974
2017-01-03,0.4872
2017-01-04,0.5279
2017-01-05,0.5127
2017-01-06,0.5126
2017-01-09,0.4974
2017-01-10,0.5076
2017-01-11,0.5076
2017-01-12,0.5127
2017-01-13,0.5228
2017-01-16,0.5228
2017-01-17,0.5228
2017-01-18,0.5228
2017-01-19,0.5025
2017-01-20,0.4974
2017-01-23,0.4872
2017-01-24,0.5025
2017-01-25,0.4923
2017-01-26,0.4974
2017-01-27,0.5076
2017-01-30,0.5025
2017-01-31,0.5127
2017-02-01,0.5025
2017-02-02,0.4974
2017-02-03,0.4974
2017-02-06,0.5177
2017-02-07,0.5178
2017-02-08,0.533
2017-02-09,0.5381
2017-02-10,0.533
2017-02-13,0.533
2017-02-14,0.5381
2017-02-15,0.533
2017-02-16,0.5177
2017-02-17,0.5126
2017-02-20,0.5126
2017-02-21,0.5126
2017-02-22,0.5127
2017-02-23,0.5076
2017-02-24,0.5025
2017-02-27,0.5025
2017-02-28,0.6042
2017-03-01,0.6194
2017-03-02,0.6601
2017-03-03,0.6957
2017-03-06,0.7211
2017-03-07,0.7415
2017-03-08,0.7161
2017-03-09,0.7262
2017-03-10,0.7414
2017-03-13,0.7414
2017-03-14,0.7619
2017-03-15,0.7212
2017-03-16,0.7211
2017-03-17,0.7262
2017-03-20,0.7262
2017-03-21,0.7568
2017-03-22,0.7619
2017-03-23,0.7618
2017-03-24,0.7618
2017-03-27,0.772
2017-03-28,0.7721
2017-03-29,0.772
2017-03-30,0.7568
2017-03-31,0.7516
2017-04-03,0.7567
2017-04-04,0.7721
2017-04-05,0.7975
2017-04-06,0.8026
2017-04-07,0.8127
2017-04-10,0.8025
2017-04-11,0.8077
2017-04-12,0.8026
2017-04-13,0.8025
2017-04-14,0.8025
2017-04-17,0.8025
2017-04-18,0.8026
2017-04-19,0.7975
2017-04-20,0.7873
2017-04-21,0.772
2017-04-24,0.7872
2017-04-25,0.8128
2017-04-26,0.8077
2017-04-27,0.7975
2017-04-28,0.7923
2017-05-01,0.8025
2017-05-02,0.8433
2017-05-03,0.8637
2017-05-04,0.8738
2017-05-05,0.8839
2017-05-08,0.889
2017-05-09,0.8942
2017-05-10,0.8891
2017-05-11,0.8738
2017-05-12,0.8687
2017-05-15,0.8737
2017-05-16,0.8993
2017-05-17,0.8891
2017-05-18,0.9095
2017-05-19,0.9043
2017-05-22,0.8941
2017-05-23,0.9044
2017-05-24,0.9197
2017-05-25,0.9197
2017-05-26,0.9246
2017-05-29,0.9246
2017-05-30,0.9297
2017-05-31,0.9706
2017-06-01,0.9706
2017-06-02,0.9705
2017-06-05,0.9705
2017-06-06,0.9706
2017-06-07,0.9859
2017-06-08,0.991
2017-06-09,0.996
2017-06-12,0.9959
2017-06-13,0.9961
2017-06-14,1.0012
2017-06-15,1.0011
2017-06-16,1.0011
2017-06-19,1.001
2017-06-20,1.0114
2017-06-21,0.9808
2017-06-22,0.9451
2017-06-23,0.9501
2017-06-26,0.9501
2017-06-27,1.0012
2017-06-28,1.0012
2017-06-29,1.0215
2017-06-30,1.0113
2017-07-03,1.0214
2017-07-04,1.0214
2017-07-05,1.0419
2017-07-06,1.0317
2017-07-07,1.0265
2017-07-10,1.0265
2017-07-11,1.0369
2017-07-12,1.0419
2017-07-13,1.0317
2017-07-14,1.0316
2017-07-17,1.0367
2017-07-18,1.0522
2017-07-19,1.1031
2017-07-20,1.1387
2017-07-21,1.159
2017-07-24,1.1692
2017-07-25,1.1541
2017-07-26,1.1133
2017-07-27,1.0929
2017-07-28,1.0775
2017-07-31,1.0724
2017-08-01,1.0674
2017-08-02,1.0674
2017-08-03,1.0725
2017-08-04,1.0698
2017-08-07,1.0507
2017-08-08,1.0445
2017-08-09,1.0445
2017-08-10,1.0304
2017-08-11,1.0316
2017-08-14,1.0201
2017-08-15,1.019
2017-08-16,1.0037
2017-08-17,0.9961
2017-08-18,1.0011
2017-08-21,0.9756
2017-08-22,0.9974
2017-08-23,0.9948
2017-08-24,1.0114
2017-08-25,1.0036
2017-08-28,1.0189
2017-08-29,1.0076
2017-08-30,1.0101
2017-08-31,0.991
2017-09-01,0.9998
2017-09-04,0.9998
2017-09-05,0.9997
2017-09-06,1.0547
2017-09-07,1.0394
2017-09-08,1.0367
2017-09-11,1.0341
2017-09-12,1.0267
2017-09-13,1.0343
2017-09-14,1.0432
2017-09-15,1.0265
2017-09-18,1.0125
2017-09-19,1.0267
2017-09-20,1.0279
2017-09-21,1.0279
2017-09-22,1.0202
2017-09-25,1.0074
2017-09-26,1.0496
2017-09-27,1.0458
2017-09-28,1.047
2017-09-29,1.0405
2017-10-02,1.0201
2017-10-03,1.0445
2017-10-04,1.061
2017-10-05,1.0597
2017-10-06,1.0622
2017-10-09,1.0622
2017-10-10,1.0723
2017-10-11,1.0878
2017-10-12,1.0712
2017-10-13,1.0673
2017-10-16,1.0622
2017-10-17,1.0878
2017-10-18,1.0878
2017-10-19,1.0852
2017-10-20,1.103
2017-10-23,1.0876
2017-10-24,1.1108
2017-10-25,1.098
2017-10-26,1.0954
2017-10-27,1.0928
2017-10-30,1.0927
2017-10-31,1.1312
2017-11-01,1.1592
2017-11-02,1.1591
2017-11-03,1.1692
2017-11-06,1.1768
2017-11-07,1.1987
2017-11-08,1.2229
2017-11-09,1.2229
2017-11-10,1.2202
2017-11-13,1.2074
2017-11-14,1.2408
2017-11-15,1.2382
2017-11-16,1.2535
2017-11-17,1.2585
2017-11-20,1.2584
2017-11-21,1.2714
2017-11-22,1.2841
2017-11-23,1.2841
2017-11-24,1.261
2017-11-27,1.2431
2017-11-28,1.2765
2017-11-29,1.2841
2017-11-30,1.256
2017-12-01,1.2585
2017-12-04,1.2686
2017-12-05,1.2893
2017-12-06,1.2816
2017-12-07,1.2764
2017-12-08,1.2712
2017-12-11,1.2865
2017-12-12,1.325
2017-12-13,1.2969
2017-12-14,1.3019
2017-12-15,1.312
2017-12-18,1.3375
2017-12-19,1.3658
2017-12-20,1.3734
2017-12-21,1.3402
2017-12-22,1.3222
2017-12-25,1.3222
2017-12-26,1.3298
2017-12-27,1.4321
2017-12-28,1.3759
2017-12-29,1.3757
2018-01-01,1.3757
2018-01-02,1.3884
2018-01-03,1.3913
2018-01-04,1.3964
2018-01-05,1.3936
2018-01-08,1.4063
2018-01-09,1.4245
2018-01-10,1.4194
2018-01-11,1.427
2018-01-12,1.437
2018-01-15,1.437
2018-01-16,1.419
2018-01-17,1.4398
2018-01-18,1.427
2018-01-19,1.4268
2018-01-22,1.4166
2018-01-23,1.4348
2018-01-24,1.4296
2018-01-25,1.4168
2018-01-26,1.4115
2018-01-29,1.4038
2018-01-30,1.4424
2018-01-31,1.4551
2018-02-01,1.478
2018-02-02,1.4728
2018-02-05,1.4804
2018-02-06,1.5165
2018-02-07,1.5419
2018-02-08,1.5393
2018-02-09,1.5545
2018-02-12,1.5697
2018-02-13,1.5829
2018-02-14,1.5726
2018-02-15,1.5879
2018-02-16,1.5901
2018-02-19,1.5901
2018-02-20,1.5952
2018-02-21,1.639
2018-02-22,1.6338
2018-02-23,1.6387
2018-02-26,1.6387
2018-02-27,1.6596
2018-02-28,1.6518
2018-03-01,1.6109
2018-03-02,1.6387
2018-03-05,1.6565
2018-03-06,1.6621
2018-03-07,1.6748
2018-03-08,1.6543
2018-03-09,1.6592
2018-03-12,1.6744
2018-03-13,1.703
2018-03-14,1.7489
2018-03-15,1.7616
2018-03-16,1.7691
2018-03-19,1.7562
2018-03-20,1.7874
2018-03-21,1.7413
2018-03-22,1.7105
2018-03-23,1.7154
2018-03-26,1.7383
2018-03-27,1.7516
2018-03-28,1.7183
2018-03-29,1.7001
2018-03-30,1.7001
2018-04-02,1.7153
2018-04-03,1.7388
2018-04-04,1.6953
2018-04-05,1.7054
2018-04-06,1.7077
2018-04-09,1.7076
2018-04-10,1.7209
2018-04-11,1.7208
2018-04-12,1.7437
2018-04-13,1.7486
2018-04-16,1.7409
2018-04-17,1.7797
2018-04-18,1.8078
2018-04-19,1.8102
2018-04-20,1.7997
2018-04-23,1.8175
2018-04-24,1.8488
2018-04-25,1.8436
2018-04-26,1.8077
2018-04-27,1.8023
2018-04-30,1.7996
2018-05-01,1.8309
2018-05-02,1.8231
2018-05-03,1.823
2018-05-04,1.8253
2018-05-07,1.8252
2018-05-08,1.8539
2018-05-09,1.8794
2018-05-10,1.8844
2018-05-11,1.8995
2018-05-14,1.8942
2018-05-15,1.9
2018-05-16,1.8973
2018-05-17,1.8998
2018-05-18,1.8816
2018-05-21,1.8994
2018-05-22,1.9204
2018-05-23,1.905
2018-05-24,1.8921
2018-05-25,1.8891
2018-05-28,1.8891
2018-05-29,1.8737
2018-05-30,1.9127
2018-05-31,1.8946
2018-06-01,1.9046
2018-06-04,1.9019
2018-06-05,1.9332
2018-06-06,1.9331
2018-06-07,1.9202
2018-06-08,1.9071
2018-06-11,1.8968
2018-06-12,1.9153
2018-06-13,1.9203
2018-06-14,1.9228
2018-06-15,1.9174
2018-06-18,1.9198
2018-06-19,1.923
2018-06-20,1.9229
2018-06-21,1.9279
2018-06-22,1.9071
2018-06-25,1.884
2018-06-26,1.9153
2018-06-27,1.9178
2018-06-28,1.9126
2018-06-29,1.9123
2018-07-02,1.9249
2018-07-03,1.9613
2018-07-04,1.9613
2018-07-05,1.9433
2018-07-06,1.9404
2018-07-09,1.9505
2018-07-10,1.9691
2018-07-11,1.9536
2018-07-12,1.9612
2018-07-13,1.966
2018-07-16,1.9761
2018-07-17,2.0075
2018-07-18,1.9971
2018-07-19,1.9842
2018-07-20,1.9685
2018-07-23,1.9556
2018-07-24,1.9844
2018-07-25,1.992
2018-07-26,1.9816
2018-07-27,1.9813
2018-07-30,1.9812
2018-07-31,2.0203
2018-08-01,2.0176
2018-08-02,2.0021
2018-08-03,2.0018
2018-08-06,2.0068
2018-08-07,2.0433
2018-08-08,2.0483
2018-08-09,2.0431
2018-08-10,2.0427
2018-08-13,2.0375
2018-08-14,2.0664
2018-08-15,2.0534
2018-08-16,2.0456
2018-08-17,2.0325
2018-08-20,2.0324
2018-08-21,2.0614
2018-08-22,2.0715
2018-08-23,2.0739
2018-08-24,2.0864
2018-08-27,2.0965
2018-08-28,2.1099
2018-08-29,2.1175
2018-08-30,2.0969
2018-08-31,2.0938
2018-09-03,2.0938
2018-09-04,2.1091
2018-09-05,2.1303
2018-09-06,2.125
2018-09-07,2.1298
2018-09-10,2.1245
2018-09-11,2.1381
2018-09-12,2.1354
2018-09-13,2.1327
2018-09-14,2.1426
2018-09-17,2.1476
2018-09-18,2.1612
2018-09-19,2.161
2018-09-20,2.1609
2018-09-21,2.1631
2018-09-24,2.1655
2018-09-25,2.2047
2018-09-26,2.1918
2018-09-27,2.184
2018-09-28,2.1964
2018-10-01,2.1937
2018-10-02,2.2073
2018-10-03,2.2174
2018-10-04,2.2121
2018-10-05,2.209
2018-10-08,2.209
2018-10-09,2.2345
2018-10-10,2.2584
2018-10-11,2.2583
2018-10-12,2.263
2018-10-15,2.2731
2018-10-16,2.297
2018-10-17,2.3046
2018-10-18,2.3044
2018-10-19,2.304
2018-10-22,2.3013
2018-10-23,2.3227
2018-10-24,2.3276
2018-10-25,2.3249
2018-10-26,2.3193
2018-10-29,2.3038
2018-10-30,2.3227
2018-10-31,2.3251
2018-11-01,2.3147
2018-11-02,2.3142
2018-11-05,2.3115
2018-11-06,2.338
2018-11-07,2.3533
2018-11-08,2.348
2018-11-09,2.3448
2018-11-12,2.3448
2018-11-13,2.337
2018-11-14,2.3712
2018-11-15,2.3557
2018-11-16,2.3424
2018-11-19,2.3474
2018-11-20,2.3791
2018-11-21,2.3967
2018-11-22,2.3967
2018-11-23,2.3962
2018-11-26,2.3935
2018-11-27,2.3893
2018-11-28,2.3789
2018-11-29,2.3531
2018-11-30,2.3424
2018-12-03,2.332
2018-12-04,2.4071
2018-12-05,2.4071
2018-12-06,2.4018
2018-12-07,2.386
2018-12-10,2.373
2018-12-11,2.3868
2018-12-12,2.4174
2018-12-13,2.407
2018-12-14,2.4091
2018-12-17,2.3807
2018-12-18,2.3842
2018-12-19,2.3943
2018-12-20,2.3788
2018-12-21,2.3757
2018-12-24,2.3729
2018-12-25,2.3729
2018-12-26,2.4251
2018-12-27,2.3993
2018-12-28,2.3706
2018-12-31,2.3549
2019-01-01,2.3549
2019-01-02,2.4097
2019-01-03,2.3993
2019-01-04,2.4065
2019-01-07,2.4038
2019-01-08,2.4381
2019-01-09,2.4354
2019-01-10,2.4224
2019-01-11,2.4142
2019-01-14,2.4115
2019-01-15,2.4227
2019-01-16,2.4071
2019-01-17,2.3967
2019-01-18,2.3935
2019-01-21,2.3935
2019-01-22,2.3934
2019-01-23,2.3969
2019-01-24,2.3531
2019-01-25,2.3732
2019-01-28,2.3807
2019-01-29,2.4073
2019-01-30,2.4123
2019-01-31,2.3839
2019-02-01,2.386
2019-02-04,2.3781
2019-02-05,2.4047
2019-02-06,2.4123
2019-02-07,2.3967
2019-02-08,2.4116
2019-02-11,2.4243
2019-02-12,2.4253
2019-02-13,2.4277
2019-02-14,2.4198
2019-02-15,2.4192
2019-02-18,2.4192
2019-02-19,2.419
2019-02-20,2.4354
2019-02-21,2.4429
2019-02-22,2.4424
2019-02-25,2.4397
2019-02-26,2.4381
2019-02-27,2.4354
2019-02-28,2.4326
2019-03-01,2.4296
2019-03-04,2.4243
2019-03-05,2.433
2019-03-06,2.4508
2019-03-07,2.4455
2019-03-08,2.4398
2019-03-11,2.4269
2019-03-12,2.4407
2019-03-13,2.4379
2019-03-14,2.4352
2019-03-15,2.4347
2019-03-18,2.432
2019-03-19,2.4432
2019-03-20,2.4533
2019-03-21,2.4583
2019-03-22,2.4424
2019-03-25,2.4422
2019-03-26,2.4484
2019-03-27,2.42
2019-03-28,2.4147
2019-03-29,2.3809
2019-04-01,2.3781
2019-04-02,2.41
2019-04-03,2.4201
2019-04-04,2.4225
2019-04-05,2.422
2019-04-08,2.4116
2019-04-09,2.4047
2019-04-10,2.4097
2019-04-11,2.4172
2019-04-12,2.4219
2019-04-15,2.4012
2019-04-16,2.4201
2019-04-17,2.4277
2019-04-18,2.4116
2019-04-19,2.4116
2019-04-22,2.4217
2019-04-23,2.4227
2019-04-24,2.4174
2019-04-25,2.4121
2019-04-26,2.4091
2019-04-29,2.4063
2019-04-30,2.4099
2019-05-01,2.4071
2019-05-02,2.4172
2019-05-03,2.4168
2019-05-06,2.4115
2019-05-07,2.4124
2019-05-08,2.4225
2019-05-09,2.4172
2019-05-10,2.4168
2019-05-13,2.3961
2019-05-14,2.3919
2019-05-15,2.3917
2019-05-16,2.3865
2019-05-17,2.3732
2019-05-20,2.3653
2019-05-21,2.3663
2019-05-22,2.3661
2019-05-23,2.3506
2019-05-24,2.3371
2019-05-27,2.3371
2019-05-28,2.3396
2019-05-29,2.3481
2019-05-30,2.3634
2019-05-31,2.3399
2019-06-03,2.3243
2019-06-04,2.3342
2019-06-05,2.3366
2019-06-06,2.3056
2019-06-07,2.2666
2019-06-10,2.2716
2019-06-11,2.2457
2019-06-12,2.2148
2019-06-13,2.1686
2019-06-14,2.1682
2019-06-17,2.1783
2019-06-18,2.2108
2019-06-19,2.1592
2019-06-20,2.1283
2019-06-21,2.0997
2019-06-24,2.1047
2019-06-25,2.1208
2019-06-26,2.1387
2019-06-27,2.1334
2019-06-28,2.0868
2019-07-01,2.1073
2019-07-02,2.1722
2019-07-03,2.2028
2019-07-04,2.2028
2019-07-05,2.2152
2019-07-08,2.2305
2019-07-09,2.2355
2019-07-10,2.1687
2019-07-11,2.1404
2019-07-12,2.1298
2019-07-15,2.1271
2019-07-16,2.144
2019-07-17,2.113
2019-07-18,2.0204
2019-07-19,2.0637
2019-07-22,2.0662
2019-07-23,2.0412
2019-07-24,2.0925
2019-07-25,2.1
2019-07-26,2.1125
2019-07-29,2.0996
2019-07-30,2.0592
2019-07-31,2.0616
2019-08-01,2.0744
2019-08-02,2.0483
2019-08-05,1.9969
2019-08-06,2.028
2019-08-07,2.0125
2019-08-08,2.0072
2019-08-09,1.9864
2019-08-12,1.9684
2019-08-13,1.9873
2019-08-14,1.9384
2019-08-15,1.8793
2019-08-16,1.8585
2019-08-19,1.8943
2019-08-20,1.9
2019-08-21,1.9718
2019-08-22,1.9819
2019-08-23,1.9534
2019-08-26,1.9764
2019-08-27,1.9694
2019-08-28,1.9796
2019-08-29,1.9795
2019-08-30,1.9765
2019-09-02,1.9765
2019-09-03,1.9507
2019-09-04,1.9434
2019-09-05,1.9509
2019-09-06,1.9481
2019-09-09,1.948
2019-09-10,1.9334
2019-09-11,1.9436
2019-09-12,1.9511
2019-09-13,1.956
2019-09-16,1.9764
2019-09-17,1.9719
2019-09-18,1.9307
2019-09-19,1.9178
2019-09-20,1.897
2019-09-23,1.8892
2019-09-24,1.9026
2019-09-25,1.882
2019-09-26,1.8024
2019-09-27,1.779
2019-09-30,1.8071
2019-10-01,1.7618
2019-10-02,1.7387
2019-10-03,1.6901
2019-10-04,1.6873
2019-10-07,1.7025
2019-10-08,1.6667
2019-10-09,1.6743
2019-10-10,1.6639
2019-10-11,1.6611
2019-10-14,1.6611
2019-10-15,1.6482
2019-10-16,1.6512
2019-10-17,1.6639
2019-10-18,1.656
2019-10-21,1.6508
2019-10-22,1.6385
2019-10-23,1.6512
2019-10-24,1.6614
2019-10-25,1.6612
2019-10-28,1.6278
2019-10-29,1.6008
2019-10-30,1.5726
2019-10-31,1.524
2019-11-01,1.5136
2019-11-04,1.5289
2019-11-05,1.536
2019-11-06,1.541
2019-11-07,1.5538
2019-11-08,1.5433
2019-11-11,1.5433
2019-11-12,1.5637
2019-11-13,1.5641
2019-11-14,1.5615
2019-11-15,1.5613
2019-11-18,1.5535
2019-11-19,1.5539
2019-11-20,1.5564
2019-11-21,1.564
2019-11-22,1.5766
2019-11-25,1.5817
2019-11-26,1.5778
2019-11-27,1.5853
2019-11-28,1.5853
2019-11-29,1.5672
2019-12-02,1.5493
2019-12-03,1.559
2019-12-04,1.5359
2019-12-05,1.5256
2019-12-06,1.5049
2019-12-09,1.533
2019-12-10,1.5411
2019-12-11,1.5615
2019-12-12,1.5461
2019-12-13,1.5562
2019-12-16,1.5484
2019-12-17,1.5386
2019-12-18,1.5513
2019-12-19,1.5615
2019-12-20,1.5613
2019-12-23,1.5561
2019-12-24,1.5667
2019-12-25,1.5667
2019-12-26,1.564
2019-12-27,1.551
2019-12-30,1.5202
2019-12-31,1.5436
2020-01-01,1.5436
2020-01-02,1.5256
2020-01-03,1.5075
2020-01-06,1.5177
2020-01-07,1.5104
2020-01-08,1.5257
2020-01-09,1.5231
2020-01-10,1.5305
2020-01-13,1.5356
2020-01-14,1.5514
2020-01-15,1.5564
2020-01-16,1.5461
2020-01-17,1.5535
2020-01-20,1.5535
2020-01-21,1.533
2020-01-22,1.5436
2020-01-23,1.5487
2020-01-24,1.5254
2020-01-27,1.533
2020-01-28,1.5462
2020-01-29,1.541
2020-01-30,1.5512
2020-01-31,1.5382
2020-02-03,1.5535
2020-02-04,1.5462
2020-02-05,1.5487
2020-02-06,1.5589
2020-02-07,1.5357
2020-02-10,1.5433
2020-02-11,1.559
2020-02-12,1.5692
2020-02-13,1.5717
2020-02-14,1.5689
2020-02-17,1.5689
2020-02-18,1.5688
2020-02-19,1.5692
2020-02-20,1.5717
2020-02-21,1.5459
2020-02-24,1.5254
2020-02-25,1.5104
2020-02-26,1.5078
2020-02-27,1.4207
2020-02-28,1.267
2020-03-02,1.1877
2020-03-03,0.9197
2020-03-04,0.7104
2020-03-05,0.6109
2020-03-06,0.4504
2020-03-09,0.3409
2020-03-10,0.4326
2020-03-11,0.3943
2020-03-12,0.3027
2020-03-13,0.2441
2020-03-16,0.1933
2020-03-17,0.1373
2020-03-18,-0.0127
2020-03-19,-0.0254
2020-03-20,-0.033
2020-03-23,-0.0356
2020-03-24,-0.0381
2020-03-25,-0.0813
2020-03-26,-0.1372
2020-03-27,-0.0381
2020-03-30,0.0102
2020-03-31,0.061
2020-04-01,0.0381
2020-04-02,0.0458
2020-04-03,0.0585
2020-04-06,0.0534
2020-04-07,0.1144
2020-04-08,0.1627
2020-04-09,0.1933
2020-04-10,0.1933
2020-04-13,0.1933
2020-04-14,0.1373
2020-04-15,0.117
2020-04-16,0.1119
2020-04-17,0.0864
2020-04-20,0.0712
2020-04-21,0.0864
2020-04-22,0.0915
2020-04-23,0.0966
2020-04-24,0.0991
2020-04-27,0.0915
2020-04-28,0.0864
2020-04-29,0.0788
2020-04-30,0.0788
2020-05-01,0.0991
2020-05-04,0.0991
2020-05-05,0.0966
2020-05-06,0.1068
2020-05-07,0.0839
2020-05-08,0.0941
2020-05-11,0.1042
2020-05-12,0.1195
2020-05-13,0.1093
2020-05-14,0.1093
2020-05-15,0.0991
2020-05-18,0.1042
2020-05-19,0.1144
2020-05-20,0.1144
2020-05-21,0.1068
2020-05-22,0.1144
2020-05-25,0.1144
2020-05-26,0.1169
2020-05-27,0.1398
2020-05-28,0.1424
2020-05-29,0.1246
2020-06-01,0.1246
2020-06-02,0.1395
2020-06-03,0.1471
2020-06-04,0.142
2020-06-05,0.1471
2020-06-08,0.1572
2020-06-09,0.1576
2020-06-10,0.1653
2020-06-11,0.1602
2020-06-12,0.15
2020-06-15,0.1526
2020-06-16,0.1521
2020-06-17,0.1471
2020-06-18,0.1445
2020-06-19,0.1471
2020-06-22,0.1395
2020-06-23,0.1344
2020-06-24,0.1369
2020-06-25,0.1369
2020-06-26,0.1369
2020-06-29,0.1217
2020-06-30,0.1293
2020-07-01,0.1293
2020-07-02,0.1369
2020-07-03,0.1369
2020-07-06,0.1369
2020-07-07,0.1398
2020-07-08,0.1348
2020-07-09,0.1246
2020-07-10,0.1246
2020-07-13,0.1271
2020-07-14,0.1318
2020-07-15,0.1268
2020-07-16,0.104
2020-07-17,0.1039
2020-07-20,0.109
2020-07-21,0.109
2020-07-22,0.1116
2020-07-23,0.1014
2020-07-24,0.1039
2020-07-27,0.0963
2020-07-28,0.0989
2020-07-29,0.0963
2020-07-30,0.0862
2020-07-31,0.0837
2020-08-03,0.0837
2020-08-04,0.0864
2020-08-05,0.0941
2020-08-06,0.0864
2020-08-07,0.089
2020-08-10,0.0915
2020-08-11,0.0989
2020-08-12,0.0938
2020-08-13,0.0938
2020-08-14,0.0887
2020-08-17,0.0862
2020-08-18,0.0913
2020-08-19,0.0938
2020-08-20,0.0887
2020-08-21,0.0887
2020-08-24,0.0862
2020-08-25,0.0887
2020-08-26,0.0913
2020-08-27,0.0938
2020-08-28,0.0963
2020-08-31,0.0938
2020-09-01,0.0991
2020-09-02,0.0991
2020-09-03,0.0991
2020-09-04,0.0991
2020-09-07,0.0991
2020-09-08,0.1093
2020-09-09,0.1014
2020-09-10,0.104
2020-09-11,0.109
2020-09-14,0.1039
2020-09-15,0.0989
2020-09-16,0.0938
2020-09-17,0.0837
2020-09-18,0.0811
2020-09-21,0.0786
2020-09-22,0.0862
2020-09-23,0.0887
2020-09-24,0.0913
2020-09-25,0.0913
2020-09-28,0.0887
2020-09-29,0.0864
2020-09-30,0.0915
2020-10-01,0.0864
2020-10-02,0.0864
2020-10-05,0.0864
2020-10-06,0.0837
2020-10-07,0.0913
2020-10-08,0.0887
2020-10-09,0.0938
2020-10-12,0.0938
2020-10-13,0.0887
2020-10-14,0.0989
2020-10-15,0.0938
2020-10-16,0.0913
2020-10-19,0.0887
2020-10-20,0.0862
2020-10-21,0.0887
2020-10-22,0.0887
2020-10-23,0.0862
2020-10-26,0.0761
2020-10-27,0.089
2020-10-28,0.0864
2020-10-29,0.0864
2020-10-30,0.0864
2020-11-02,0.0864
2020-11-03,0.0887
2020-11-04,0.0862
2020-11-05,0.0862
2020-11-06,0.0862
2020-11-09,0.0887
2020-11-10,0.0887
2020-11-11,0.0887
2020-11-12,0.0862
2020-11-13,0.0837
2020-11-16,0.0761
2020-11-17,0.0786
2020-11-18,0.071
2020-11-19,0.0583
2020-11-20,0.0634
2020-11-23,0.0659
2020-11-24,0.0737
2020-11-25,0.0788
2020-11-26,0.0788
2020-11-27,0.0737
2020-11-30,0.0712
2020-12-01,0.0761
2020-12-02,0.0761
2020-12-03,0.0761
2020-12-04,0.0735
2020-12-07,0.0684
2020-12-08,0.0684
2020-12-09,0.071
2020-12-10,0.071
2020-12-11,0.0634
2020-12-14,0.0634
2020-12-15,0.0659
2020-12-16,0.0761
2020-12-17,0.0811
2020-12-18,0.0811
2020-12-21,0.0811
2020-12-22,0.0761
2020-12-23,0.0786
2020-12-24,0.0811
2020-12-25,0.0811
2020-12-28,0.0837
2020-12-29,0.0862
2020-12-30,0.071
2020-12-31,0.0583
2021-01-01,0.0583
2021-01-04,0.0634
2021-01-05,0.0761
2021-01-06,0.0811
2021-01-07,0.0786
2021-01-08,0.071
2021-01-11,0.0811
2021-01-12,0.0761
2021-01-13,0.0811
2021-01-14,0.0735
2021-01-15,0.0761
2021-01-18,0.0761
2021-01-19,0.071
2021-01-20,0.0735
2021-01-21,0.071
2021-01-22,0.071
2021-01-25,0.0684
2021-01-26,0.0634
2021-01-27,0.0608
2021-01-28,0.0532
2021-01-29,0.0482
2021-02-01,0.0482
2021-02-02,0.0456
2021-02-03,0.0406
2021-02-04,0.0228
2021-02-05,0.0203
2021-02-08,0.0253
2021-02-09,0.0253
2021-02-10,0.038
2021-02-11,0.0355
2021-02-12,0.0355
2021-02-15,0.0355
2021-02-16,0.033
2021-02-17,0.033
2021-02-18,0.0279
2021-02-19,0.0279
2021-02-22,0.0279
2021-02-23,0.0228
2021-02-24,0.0304
2021-02-25,0.033
2021-02-26,0.033
2021-03-01,0.033
2021-03-02,0.0304
2021-03-03,0.0355
2021-03-04,0.0304
2021-03-05,0.0253
2021-03-08,0.033
2021-03-09,0.0279
2021-03-10,0.0304
2021-03-11,0.0279
2021-03-12,0.0203
2021-03-15,0.0127
2021-03-16,0.0127
2021-03-17,0.0025
2021-03-18,-0.0025
2021-03-19,-0.0025
2021-03-22,0.0025
2021-03-23,0.0025
2021-03-24,0.0152
2021-03-25,0.0152
2021-03-26,0.0152
2021-03-29,0.0101
2021-03-30,0.0101
2021-03-31,0.0152
2021-04-01,0.0127
2021-04-02,0.0127
2021-04-05,0.0152
2021-04-06,0.0152
2021-04-07,0.0101
2021-04-08,0.0101
2021-04-09,0.0076
2021-04-12,0.0076
2021-04-13,0.0101
2021-04-14,0.0152
2021-04-15,0.0051
2021-04-16,0.0101
2021-04-19,0.0152
2021-04-20,0.0127
2021-04-21,0.0127
2021-04-22,0.0152
2021-04-23,0.0152
2021-04-26,0.0076
2021-04-27,0.0025
2021-04-28,0.0025
2021-04-29,0.0025
2021-04-30,0.0025
2021-05-03,0.0051
2021-05-04,0.0076
2021-05-05,0.0101
2021-05-06,0.0101
2021-05-07,0.0051
2021-05-10,-0.0025
2021-05-11,0.0051
2021-05-12,0.0051
2021-05-13,0.0076
2021-05-14,-0.0025
2021-05-17,0.0051
2021-05-18,0.0025
2021-05-19,0.0025
2021-05-20,0.0025
2021-05-21,-0.0025
2021-05-24,0.0025
2021-05-25,0.0076
2021-05-26,0.0051
2021-05-27,0.0025
2021-05-28,0.0025
2021-05-31,0.0025
2021-06-01,0.0076
2021-06-02,0.0127
2021-06-03,0.0127
2021-06-04,0.0127
2021-06-07,0.0177
2021-06-08,0.0228
2021-06-09,0.0177
2021-06-10,0.0203
2021-06-11,0.0203
2021-06-14,0.0127
2021-06-15,0.0127
2021-06-16,0.0228
2021-06-17,0.0253
2021-06-18,0.0279
2021-06-21,0.0304
2021-06-22,0.0304
2021-06-23,0.0355
2021-06-24,0.0431
2021-06-25,0.0431
2021-06-28,0.0406
2021-06-29,0.0406
2021-06-30,0.0406
2021-07-01,0.0406
2021-07-02,0.038
2021-07-05,0.038
2021-07-06,0.0431
2021-07-07,0.0456
2021-07-08,0.0456
2021-07-09,0.0431
2021-07-12,0.0456
2021-07-13,0.0406
2021-07-14,0.0431
2021-07-15,0.038
2021-07-16,0.0431
2021-07-19,0.0355
2021-07-20,0.0406
2021-07-21,0.0431
2021-07-22,0.0406
2021-07-23,0.0431
2021-07-26,0.0406
2021-07-27,0.0406
2021-07-28,0.0456
2021-07-29,0.0431
2021-07-30,0.0406
2021-08-02,0.0406
2021-08-03,0.0406
2021-08-04,0.0456
2021-08-05,0.0456
2021-08-06,0.0431
2021-08-09,0.0456
2021-08-10,0.0431
2021-08-11,0.0507
2021-08-12,0.0431
2021-08-13,0.0456
2021-08-16,0.0608
2021-08-17,0.0608
2021-08-18,0.0532
2021-08-19,0.0456
2021-08-20,0.0431
2021-08-23,0.0406
2021-08-24,0.038
2021-08-25,0.0456
2021-08-26,0.0431
2021-08-27,0.0456
2021-08-30,0.0406
2021-08-31,0.0355
2021-09-01,0.0355
2021-09-02,0.0406
2021-09-03,0.033
2021-09-06,0.033
2021-09-07,0.033
2021-09-08,0.038
2021-09-09,0.0355
2021-09-10,0.038
2021-09-13,0.033
2021-09-14,0.0304
2021-09-15,0.033
2021-09-16,0.0279
2021-09-17,0.0304
2021-09-20,0.0203
2021-09-21,0.0203
2021-09-22,0.0253
2021-09-23,0.0228
2021-09-24,0.0253
2021-09-27,0.0228
2021-09-28,0.0253
2021-09-29,0.0304
2021-09-30,0.033
2021-10-01,0.0304
2021-10-04,0.0253
2021-10-05,0.0355
2021-10-06,0.0406
2021-10-07,0.0431
2021-10-08,0.0456
2021-10-11,0.0456
2021-10-12,0.0406
2021-10-13,0.0406
2021-10-14,0.0355
2021-10-15,0.0431
2021-10-18,0.0406
2021-10-19,0.0406
2021-10-20,0.0431
2021-10-21,0.0456
2021-10-22,0.0507
2021-10-25,0.0482
2021-10-26,0.0482
2021-10-27,0.0482
2021-10-28,0.0456
2021-10-29,0.0482
2021-11-01,0.0406
2021-11-02,0.0406
2021-11-03,0.0406
2021-11-04,0.033
2021-11-05,0.038
2021-11-08,0.0355
2021-11-09,0.038
2021-11-10,0.0431
2021-11-11,0.0431
2021-11-12,0.0406
2021-11-15,0.0431
2021-11-16,0.038
2021-11-17,0.0406
2021-11-18,0.0482
2021-11-19,0.0406
2021-11-22,0.0406
2021-11-23,0.0406
2021-11-24,0.0532
2021-11-25,0.0532
2021-11-26,0.038
2021-11-29,0.038
2021-11-30,0.0456
2021-12-01,0.0406
2021-12-02,0.0355
2021-12-03,0.0431
2021-12-06,0.038
2021-12-07,0.0558
2021-12-08,0.0583
2021-12-09,0.0482
2021-12-10,0.0482
2021-12-13,0.0456
2021-12-14,0.038
2021-12-15,0.038
2021-12-16,0.0304
2021-12-17,0.0304
2021-12-20,0.038
2021-12-21,0.0507
2021-12-22,0.0583
2021-12-23,0.0558
2021-12-24,0.0558
2021-12-27,0.0406
2021-12-28,0.0431
2021-12-29,0.038
2021-12-30,0.0304
2021-12-31,0.0304
2022-01-03,0.0532
2022-01-04,0.0735
2022-01-05,0.0837
2022-01-06,0.0913
2022-01-07,0.0913
2022-01-10,0.0862
2022-01-11,0.109
2022-01-12,0.1141
2022-01-13,0.1141
2022-01-14,0.1116
2022-01-17,0.1116
2022-01-18,0.1242
2022-01-19,0.1648
2022-01-20,0.1648
2022-01-21,0.1597
2022-01-24,0.1547
2022-01-25,0.1775
2022-01-26,0.1851
2022-01-27,0.1902
2022-01-28,0.175
2022-01-31,0.18
2022-02-01,0.1902
2022-02-02,0.1851
2022-02-03,0.1902
2022-02-04,0.2232
2022-02-07,0.2105
2022-02-08,0.2612
2022-02-09,0.2689
2022-02-10,0.3704
2022-02-11,0.3399
2022-02-14,0.3679
2022-02-15,0.3806
2022-02-16,0.3653
2022-02-17,0.3374
2022-02-18,0.3196
2022-02-21,0.3196
2022-02-22,0.3272
2022-02-23,0.345
2022-02-24,0.3019
2022-02-25,0.2917
2022-02-28,0.2917
2022-03-01,0.3019
2022-03-02,0.3247
2022-03-03,0.3247
2022-03-04,0.3095
2022-03-07,0.312
2022-03-08,0.3399
2022-03-09,0.3577
2022-03-10,0.3577
2022-03-11,0.3552
2022-03-14,0.3805
2022-03-15,0.4339
2022-03-16,0.3831
2022-03-17,0.3755
2022-03-18,0.3653
2022-03-21,0.4263
2022-03-22,0.4669
2022-03-23,0.4441
2022-03-24,0.472
2022-03-25,0.5203
2022-03-28,0.5279
2022-03-29,0.5178
2022-03-30,0.5178
2022-03-31,0.4822
2022-04-01,0.5101
2022-04-04,0.5431
2022-04-05,0.6194
2022-04-06,0.6601
2022-04-07,0.6703
2022-04-08,0.6804
2022-04-11,0.6931
2022-04-12,0.7034
2022-04-13,0.7364
2022-04-14,0.7491
2022-04-15,0.7491
2022-04-18,0.7592
2022-04-19,0.7899
2022-04-20,0.8077
2022-04-21,0.7873
2022-04-22,0.7669
2022-04-25,0.7923
2022-04-26,0.7797
2022-04-27,0.8153
2022-04-28,0.8026
2022-04-29,0.8229
2022-05-02,0.7694
2022-05-03,0.8942
2022-05-04,0.8509
2022-05-05,0.8102
2022-05-06,0.8127
2022-05-09,0.7999
2022-05-10,0.8764
2022-05-11,0.8866
2022-05-12,0.9273
2022-05-13,0.9425
2022-05-16,0.9807
2022-05-17,1.0394
2022-05-18,0.9986
2022-05-19,0.9833
2022-05-20,1.0087
2022-05-23,0.9858
2022-05-24,1.0394
2022-05-25,1.0394
2022-05-26,1.0317
2022-05-27,1.0316
2022-05-30,1.0316
2022-05-31,1.0392
2022-06-01,1.1158
2022-06-02,1.1158
2022-06-03,1.131
2022-06-06,1.1819
2022-06-07,1.2459
2022-06-08,1.2357
2022-06-09,1.2535
2022-06-10,1.3018
2022-06-13,1.534
2022-06-14,1.7337
2022-06-15,1.5879
2022-06-16,1.4908
2022-06-17,1.5646
2022-06-20,1.5646
2022-06-21,1.5186
2022-06-22,1.5266
2022-06-23,1.57
2022-06-24,1.6311
2022-06-27,1.6412
2022-06-28,1.703
2022-06-29,1.6748
2022-06-30,1.6262
2022-07-01,1.6387
2022-07-04,1.6387
2022-07-05,1.6692
2022-07-06,1.8359
2022-07-07,1.8588
2022-07-08,1.8841
2022-07-11,1.9991
2022-07-12,2.1483
2022-07-13,2.3148
2022-07-14,2.3249
2022-07-15,2.2886
2022-07-18,2.2936
2022-07-19,2.4432
2022-07-20,2.4405
2022-07-21,2.4095
2022-07-22,2.3783
2022-07-25,2.4422
2022-07-26,2.474
2022-07-27,2.3687
2022-07-28,2.3275
2022-07-29,2.3168
2022-08-01,2.309
2022-08-02,2.4355
2022-08-03,2.4328
2022-08-04,2.3967
2022-08-05,2.4706
2022-08-08,2.4961
2022-08-09,2.5613
2022-08-10,2.5688
2022-08-11,2.5147
2022-08-12,2.5168
2022-08-15,2.5371
2022-08-16,2.587
2022-08-17,2.6073
2022-08-18,2.62
2022-08-19,2.6451
2022-08-22,2.6962
2022-08-23,2.6694
2022-08-24,2.736
2022-08-25,2.7846
2022-08-26,2.8173
2022-08-29,2.8531
2022-08-30,2.8568
2022-08-31,2.9003
2022-09-01,2.9077
2022-09-02,2.8657
2022-09-05,2.8657
2022-09-06,2.9117
2022-09-07,2.98
2022-09-08,3.0029
2022-09-09,3.0073
2022-09-12,3.0585
2022-09-13,3.1321
2022-09-14,3.1653
2022-09-15,3.1084
2022-09-16,3.0922
2022-09-19,3.1176
2022-09-20,3.181
2022-09-21,3.2271
2022-09-22,3.1728
2022-09-23,3.1822
2022-09-26,3.2205
2022-09-27,3.2377
2022-09-28,3.2786
2022-09-29,3.2809
2022-09-30,3.2466
2022-10-03,3.2128
2022-10-04,3.3511
2022-10-05,3.3508
2022-10-06,3.3685
2022-10-07,3.3312
2022-10-10,3.3312
2022-10-11,3.421
2022-10-12,3.6009
2022-10-13,3.6961
2022-10-14,3.6975
2022-10-17,3.7358
2022-10-18,3.8725
2022-10-19,3.9599
2022-10-20,3.9621
2022-10-21,3.9272
2022-10-24,3.9965
2022-10-25,3.9655
2022-10-26,4.0013
2022-10-27,4.0009
2022-10-28,4.046
2022-10-31,4.0559
2022-11-01,4.0897
2022-11-02,4.1229
2022-11-03,4.1276
2022-11-04,4.1003
2022-11-07,4.074
2022-11-08,4.1544
2022-11-09,4.1875
2022-11-10,4.1572
2022-11-11,4.1572
2022-11-14,4.1593
2022-11-15,4.1207
2022-11-16,4.2082
2022-11-17,4.1974
2022-11-18,4.2322
2022-11-21,4.1774
2022-11-22,4.1673
2022-11-23,4.2207
2022-11-24,4.2207
2022-11-25,4.2606
2022-11-28,4.2653
2022-11-29,4.3019
2022-11-30,4.3196
2022-12-01,4.2673
2022-12-02,4.2477
2022-12-05,4.2575
2022-12-06,4.2631
2022-12-07,4.2626
2022-12-08,4.2414
2022-12-09,4.2632
2022-12-12,4.2601
2022-12-13,4.2994
2022-12-14,4.3014
2022-12-15,4.288
2022-12-16,4.2503
2022-12-19,4.2317
2022-12-20,4.2527
2022-12-21,4.273
2022-12-22,4.3061
2022-12-23,4.2834
2022-12-26,4.2834
2022-12-27,4.2467
2022-12-28,4.4361
2022-12-29,4.376
2022-12-30,4.3429
2023-01-02,4.3429
2023-01-03,4.3553
2023-01-04,4.4828
2023-01-05,4.5937
2023-01-06,4.579
2023-01-09,4.5939
2023-01-10,4.5845
2023-01-11,4.6565
2023-01-12,4.5755
2023-01-13,4.5732
2023-01-16,4.5732
2023-01-17,4.5778
2023-01-18,4.6383
2023-01-19,4.6377
2023-01-20,4.6282
2023-01-23,4.6483
2023-01-24,4.6545
2023-01-25,4.6643
2023-01-26,4.6637
2023-01-27,4.6645
2023-01-30,4.6535
2023-01-31,4.6415
2023-02-01,4.6383
2023-02-02,4.6118
2023-02-03,4.636
2023-02-06,4.625
2023-02-07,4.6441
2023-02-08,4.6902
2023-02-09,4.7259
2023-02-10,4.7345
2023-02-13,4.7468
2023-02-14,4.7142
2023-02-15,4.7499
2023-02-16,4.783
2023-02-17,4.7857
2023-02-20,4.7857
2023-02-21,4.7902
2023-02-22,4.8174
2023-02-23,4.8064
2023-02-24,4.7811
2023-02-27,4.7572
2023-02-28,4.7687
2023-03-01,4.8485
2023-03-02,4.8427
2023-03-03,4.8408
2023-03-06,4.8375
2023-03-07,4.9063
2023-03-08,4.9758
2023-03-09,4.9491
2023-03-10,4.8693
2023-03-13,4.765
2023-03-14,4.7557
2023-03-15,4.6098
2023-03-16,4.5937
2023-03-17,4.3356
2023-03-20,4.5292
2023-03-21,4.6156
2023-03-22,4.6591
2023-03-23,4.5963
2023-03-24,4.6127
2023-03-27,4.6509
2023-03-28,4.6467
2023-03-29,4.7239
2023-03-30,4.7752
2023-03-31,4.693
2023-04-03,4.7183
2023-04-04,4.7479
2023-04-05,4.8174
2023-04-06,4.7941
2023-04-07,4.752
2023-04-10,4.962
2023-04-11,4.9141
2023-04-12,4.9446
2023-04-13,4.9569
2023-04-14,4.9861
2023-04-17,4.9906
2023-04-18,5.0701
2023-04-19,5.0901
2023-04-20,5.0582
2023-04-21,5.0172
2023-04-24,4.9672
2023-04-25,5.0233
2023-04-26,5.1083
2023-04-27,5.144
2023-04-28,5.0302
2023-05-01,5.0113
2023-05-02,5.1065
2023-05-03,5.1811
2023-05-04,5.1986
2023-05-05,5.2016
2023-05-08,5.2008
2023-05-09,5.1819
2023-05-10,5.1967
2023-05-11,5.1492
2023-05-12,5.1522
2023-05-15,5.1229
2023-05-16,5.1403
2023-05-17,5.2176
2023-05-18,5.2246
2023-05-19,5.2172
2023-05-22,5.2242
2023-05-23,5.2261
2023-05-24,5.3268
2023-05-25,5.2818
2023-05-26,5.2294
2023-05-29,5.2294
2023-05-30,5.252
2023-05-31,5.3884
2023-06-01,5.3433
2023-06-02,5.3513
2023-06-05,5.2828
2023-06-06,5.2339
2023-06-07,5.2722
2023-06-08,5.2272
2023-06-09,5.2354
2023-06-12,5.2164
2023-06-13,5.1961
2023-06-14,5.2162
2023-06-15,5.1998
2023-06-16,5.2151
2023-06-19,5.2151
2023-06-20,5.2143
2023-06-21,5.2762
2023-06-22,5.2885
2023-06-23,5.2888
2023-06-26,5.3063
2023-06-27,5.277
2023-06-28,5.3205
2023-06-29,5.325
2023-06-30,5.2836
2023-07-03,5.2768
2023-07-04,5.3198
2023-07-05,5.3398
2023-07-06,5.3521
2023-07-07,5.3367
2023-07-10,5.3385
2023-07-11,5.3709
2023-07-12,5.378
2023-07-13,5.385
2023-07-14,5.3539
2023-07-17,5.3923
2023-07-18,5.384
2023-07-19,5.4015
2023-07-20,5.4033
2023-07-21,5.4009
2023-07-24,5.4105
2023-07-25,5.4049
2023-07-26,5.3962
2023-07-27,5.4163
2023-07-28,5.4087
2023-07-31,5.4001
2023-08-01,5.3797
2023-08-02,5.3763
2023-08-03,5.3989
2023-08-04,5.3965
2023-08-07,5.4035
2023-08-08,5.4336
2023-08-09,5.4328
2023-08-10,5.4268
2023-08-11,5.4191
2023-08-14,5.4157
2023-08-15,5.4075
2023-08-16,5.4432
2023-08-17,5.4085
2023-08-18,5.4296
2023-08-21,5.434
2023-08-22,5.4161
2023-08-23,5.4362
2023-08-24,5.4641
2023-08-25,5.4565
2023-08-28,5.4843
2023-08-29,5.4344
2023-08-30,5.4466
2023-08-31,5.4354
2023-09-01,5.4087
2023-09-04,5.4087
2023-09-05,5.4131
2023-09-06,5.4537
2023-09-07,5.4424
2023-09-08,5.4426
2023-09-11,5.447
2023-09-12,5.4231
2023-09-13,5.4484
2023-09-14,5.4607
2023-09-15,5.453
2023-09-18,5.4548
2023-09-19,5.4336
2023-09-20,5.4589
2023-09-21,5.4581
2023-09-22,5.4661
2023-09-25,5.4679
2023-09-26,5.4422
2023-09-27,5.47
2023-09-28,5.4614
2023-09-29,5.4459
2023-10-02,5.4555
2023-10-03,5.478
2023-10-04,5.4955
2023-10-05,5.492
2023-10-06,5.507
2023-10-09,5.507
2023-10-10,5.4696
2023-10-11,5.4928
2023-10-12,5.4894
2023-10-13,5.4843
2023-10-16,5.4783
2023-10-17,5.4858
2023-10-18,5.4902
2023-10-19,5.4659
2023-10-20,5.4478
2023-10-23,5.4522
2023-10-24,5.424
2023-10-25,5.4596
2023-10-26,5.4484
2023-10-27,5.4485
2023-10-30,5.4529
2023-10-31,5.4623
2023-11-01,5.4511
2023-11-02,5.4268
2023-11-03,5.3931
2023-11-06,5.4183
2023-11-07,5.4153
2023-11-08,5.4223
2023-11-09,5.4241
2023-11-10,5.4035
2023-11-13,5.4157
2023-11-14,5.3788
2023-11-15,5.4067
2023-11-16,5.3928
2023-11-17,5.3852
2023-11-20,5.3844
2023-11-21,5.3849
2023-11-22,5.4093
2023-11-23,5.4093
2023-11-24,5.3939
2023-11-27,5.3879
2023-11-28,5.4101
2023-11-29,5.3962
2023-11-30,5.3876
2023-12-01,5.3513
2023-12-04,5.3714
2023-12-05,5.3553
2023-12-06,5.3936
2023-12-07,5.3876
2023-12-08,5.3722
2023-12-11,5.3818
2023-12-12,5.3814
2023-12-13,5.3649
2023-12-14,5.3746
2023-12-15,5.3774
2023-12-18,5.3818
2023-12-19,5.3631
2023-12-20,5.3806
2023-12-21,5.3667
2023-12-22,5.3532
2023-12-25,5.3532
2023-12-26,5.3628
2023-12-27,5.3884
2023-12-28,5.372
2023-12-29,5.3323
2024-01-01,5.3323
2024-01-02,5.3628
2024-01-03,5.3884
2024-01-04,5.3798
2024-01-05,5.367
2024-01-08,5.374
2024-01-09,5.3605
2024-01-10,5.3727
2024-01-11,5.3693
2024-01-12,5.3532
2024-01-15,5.3532
2024-01-16,5.355
2024-01-17,5.3675
2024-01-18,5.3537
2024-01-19,5.3357
2024-01-22,5.3506
2024-01-23,5.3474
2024-01-24,5.3623
2024-01-25,5.3511
2024-01-26,5.3513
2024-01-29,5.3584
2024-01-30,5.3526
2024-01-31,5.3597
2024-02-01,5.3615
2024-02-02,5.3618
2024-02-05,5.3584
2024-02-06,5.3631
2024-02-07,5.378
2024-02-08,5.3824
2024-02-09,5.3748
2024-02-12,5.3844
2024-02-13,5.3866
2024-02-14,5.378
2024-02-15,5.3667
2024-02-16,5.3688
2024-02-19,5.3688
2024-02-20,5.3628
2024-02-21,5.3884
2024-02-22,5.398
2024-02-23,5.3983
2024-02-26,5.4053
2024-02-27,5.3788
2024-02-28,5.391
2024-02-29,5.3798
2024-03-01,5.3722
2024-03-04,5.374
2024-03-05,5.3579
2024-03-06,5.3858
2024-03-07,5.3798
2024-03-08,5.38
2024-03-11,5.3923
2024-03-12,5.3788
2024-03-13,5.3936
2024-03-14,5.3902
2024-03-15,5.3748
2024-03-18,5.3897
2024-03-19,5.3683
2024-03-20,5.3806
2024-03-21,5.3772
2024-03-22,5.3618
2024-03-25,5.3532
2024-03-26,5.3553
2024-03-27,5.3675
2024-03-28,5.3618
2024-03-29,5.3618
2024-04-01,5.3662
2024-04-02,5.356
2024-04-03,5.3605
2024-04-04,5.3545
2024-04-05,5.3626
2024-04-08,5.3696
2024-04-09,5.3474
2024-04-10,5.3962
2024-04-11,5.3928
2024-04-12,5.3774
2024-04-15,5.3766
2024-04-16,5.3605
2024-04-17,5.4015
2024-04-18,5.4007
2024-04-19,5.3722
2024-04-22,5.3949
2024-04-23,5.3526
2024-04-24,5.4093
2024-04-25,5.4059
2024-04-26,5.3931
2024-04-29,5.3949
2024-04-30,5.3918
2024-05-01,5.4067
2024-05-02,5.3954
2024-05-03,5.3852
2024-05-06,5.3923
2024-05-07,5.3918
2024-05-08,5.3858
2024-05-09,5.3902
2024-05-10,5.3957
2024-05-13,5.3792
2024-05-14,5.3788
2024-05-15,5.3962
2024-05-16,5.3954
2024-05-17,5.3904
2024-05-20,5.3923
2024-05-21,5.3814
2024-05-22,5.4067
2024-05-23,5.4033
2024-05-24,5.3975
2024-05-27,5.4001
2024-05-28,5.4019
2024-05-29,5.4067
2024-05-30,5.4085
2024-05-31,5.4009
2024-06-03,5.4001
2024-06-04,5.3866
2024-06-05,5.3962
2024-06-06,5.3902
2024-06-07,5.3852
2024-06-10,5.3766
2024-06-11,5.3667
2024-06-12,5.3841
2024-06-13,5.3755
2024-06-14,5.3783
2024-06-17,5.3827
2024-06-18,5.3789
2024-06-19,5.3789
2024-06-20,5.3677
2024-06-21,5.3575
2024-06-24,5.3463
2024-06-25,5.3432
2024-06-26,5.3737
2024-06-27,5.3677
2024-06-28,5.3549
2024-07-01,5.3567
2024-07-02,5.3683
2024-07-03,5.3824
2024-07-04,5.3824
2024-07-05,5.3748
2024-07-08,5.3714
2024-07-09,5.3536
2024-07-10,5.3685
2024-07-11,5.3391
2024-07-12,5.3315
2024-07-15,5.3255
2024-07-16,5.3302
2024-07-17,5.3346
2024-07-18,5.3339
2024-07-19,5.3289
2024-07-22,5.3203
2024-07-23,5.299
2024-07-24,5.3112
2024-07-25,5.3052
2024-07-26,5.2899
2024-07-29,5.284
2024-07-30,5.2822
2024-07-31,5.284
2024-08-01,5.252
2024-08-02,5.1742
2024-08-05,5.2099
2024-08-06,5.2001
2024-08-07,5.2202
2024-08-08,5.2142
2024-08-09,5.2068
2024-08-12,5.2086
2024-08-13,5.1767
2024-08-14,5.2019
2024-08-15,5.2194
2024-08-16,5.2094
2024-08-19,5.1931
2024-08-20,5.1689
2024-08-21,5.1447
2024-08-22,5.1596
2024-08-23,5.1289
2024-08-26,5.1255
2024-08-27,5.1003
2024-08-28,5.1048
2024-08-29,5.1197
2024-08-30,5.1117
2024-09-02,5.1117
2024-09-03,5.1109
2024-09-04,5.0771
2024-09-05,5.0582
2024-09-06,5.051
2024-09-09,5.0191
2024-09-10,4.9583
2024-09-11,5.0018
2024-09-12,4.9621
2024-09-13,4.8797
2024-09-16,4.8609
2024-09-17,4.8466
2024-09-18,4.7499
2024-09-19,4.713
2024-09-20,4.6541
2024-09-23,4.6147
2024-09-24,4.6048
2024-09-25,4.6146
2024-09-26,4.6141
2024-09-27,4.6019
2024-09-30,4.6169
2024-10-01,4.5689
2024-10-02,4.5891
2024-10-03,4.5807
2024-10-04,4.6127
2024-10-07,4.6458
2024-10-08,4.626
2024-10-09,4.6513
2024-10-10,4.6403
2024-10-11,4.625
2024-10-14,4.625
2024-10-15,4.6193
2024-10-16,4.6202
2024-10-17,4.6377
2024-10-18,4.6282
2024-10-21,4.6224
2024-10-22,4.6256
2024-10-23,4.6302
2024-10-24,4.6141
2024-10-25,4.6331
2024-10-28,4.6091
2024-10-29,4.5896
2024-10-30,4.5761
2024-10-31,4.5418
2024-11-01,4.5013
2024-11-04,4.5214
2024-11-05,4.53
2024-11-06,4.532
2024-11-07,4.5341
2024-11-08,4.524
2024-11-11,4.524
2024-11-12,4.5287
2024-11-13,4.4957
2024-11-14,4.5237
2024-11-15,4.4909
2024-11-18,4.5111
2024-11-19,4.519
2024-11-20,4.5314
2024-11-21,4.5387
2024-11-22,4.537
2024-11-25,4.5234
2024-11-26,4.4859
2024-11-27,4.4926
2024-11-28,4.4926
2024-11-29,4.4858
2024-12-02,4.4619
2024-12-03,4.447
2024-12-04,4.4543
2024-12-05,4.4408
2024-12-06,4.3874
2024-12-09,4.392
2024-12-10,4.3641
2024-12-11,4.3584
2024-12-12,4.3268
2024-12-13,4.3201
2024-12-16,4.3067
2024-12-17,4.3253
2024-12-18,4.3377
2024-12-19,4.3268
2024-12-20,4.3175
2024-12-23,4.3144
2024-12-24,4.3066
2024-12-25,4.3066
2024-12-26,4.3191
2024-12-27,4.2735
2024-12-30,4.2782
2024-12-31,4.3144
2025-01-01,4.3144
2025-01-02,4.3061
2025-01-03,4.2917
2025-01-06,4.2911
2025-01-07,4.3071
2025-01-08,4.3066
2025-01-09,4.3035
2025-01-10,4.3175
2025-01-13,4.317
2025-01-14,4.3045
2025-01-15,4.3014
2025-01-16,4.2983
2025-01-17,4.2963
2025-01-20,4.2963
2025-01-21,4.2984
2025-01-22,4.317
2025-01-23,4.3139
2025-01-24,4.3046
2025-01-27,4.2911
2025-01-28,4.2838
2025-01-29,4.2885
2025-01-30,4.2854
2025-01-31,4.2839
2025-02-03,4.2911
2025-02-04,4.3097
2025-02-05,4.3144
2025-02-06,4.3191
2025-02-07,4.3279
2025-02-10,4.3325
2025-02-11,4.3149
2025-02-12,4.3273
2025-02-13,4.3165
2025-02-14,4.3118
2025-02-17,4.3118
2025-02-18,4.3139
2025-02-19,4.3196
2025-02-20,4.3113
2025-02-21,4.2994
2025-02-24,4.2886
2025-02-25,4.2812
2025-02-26,4.2963
2025-02-27,4.2958
2025-02-28,4.2942
2025-03-03,4.2937
2025-03-04,4.2838
2025-03-05,4.304
2025-03-06,4.2983
2025-03-07,4.2994
2025-03-10,4.2782
2025-03-11,4.2812
2025-03-12,4.2988
2025-03-13,4.2958
2025-03-14,4.2917
2025-03-17,4.286
2025-03-18,4.2817
2025-03-19,4.2942
2025-03-20,4.2911
2025-03-21,4.287
2025-03-24,4.2839
2025-03-25,4.276
2025-03-26,4.2937
2025-03-27,4.2932
2025-03-28,4.2917
2025-03-31,4.2937
2025-04-01,4.2916
2025-04-02,4.2988
2025-04-03,4.288
2025-04-04,4.2425
2025-04-07,4.2601
2025-04-08,4.2916
2025-04-09,4.3196
2025-04-10,4.3113
2025-04-11,4.3098
2025-04-14,4.2989
2025-04-15,4.2968
2025-04-16,4.3066
2025-04-17,4.3098
2025-04-18,4.3098
2025-04-21,4.317
2025-04-22,4.3019
2025-04-23,4.3118
2025-04-24,4.2983
2025-04-25,4.2917
2025-04-28,4.286
2025-04-29,4.2812
2025-04-30,4.2859
2025-05-01,4.2906
2025-05-02,4.3123
2025-05-05,4.3093
2025-05-06,4.3019
2025-05-07,4.3196
2025-05-08,4.3242
2025-05-09,4.3201
2025-05-12,4.3791
2025-05-13,4.3745
2025-05-14,4.3843
2025-05-15,4.3553
2025-05-16,4.3356
2025-05-19,4.3377
2025-05-20,4.3201
2025-05-21,4.3377
2025-05-22,4.3346
2025-05-23,4.3325
2025-05-26,4.3377
2025-05-27,4.301
2025-05-28,4.3273
2025-05-29,4.3372
2025-05-30,4.333
2025-06-02,4.3299
2025-06-03,4.3201
2025-06-04,4.3377
2025-06-05,4.332
2025-06-06,4.3356
2025-06-09,4.3455
2025-06-10,4.3356
2025-06-11,4.3532
2025-06-12,4.3631
2025-06-13,4.3486
2025-06-16,4.3532
2025-06-17,4.3071
2025-06-18,4.3191
2025-06-19,4.3191
2025-06-20,4.2994
2025-06-23,4.2627
2025-06-24,4.2605
2025-06-25,4.2885
2025-06-26,4.3061
2025-06-27,4.2942
2025-06-30,4.2911
2025-07-01,4.3227
2025-07-02,4.3273
2025-07-03,4.3512
2025-07-04,4.3512
2025-07-07,4.3429
2025-07-08,4.346
2025-07-09,4.3584
2025-07-10,4.3501
2025-07-11,4.3305
2025-07-14,4.3325
2025-07-15,4.3304
2025-07-16,4.3325
2025-07-17,4.3372
2025-07-18,4.3279
2025-07-21,4.3222
2025-07-22,4.3071
2025-07-23,4.3455
2025-07-24,4.3501
2025-07-25,4.346
2025-07-28,4.3351
2025-07-29,4.333
2025-07-30,4.3377
2025-07-31,4.3372
2025-08-01,4.2658
2025-08-04,4.2446
2025-08-05,4.232
2025-08-06,4.2289
2025-08-07,4.2362
2025-08-08,4.2373
2025-08-11,4.242
2025-08-12,4.2191
2025-08-13,4.2005
2025-08-14,4.2129
2025-08-15,4.2115
2025-08-18,4.2213
2025-08-19,4.1958
2025-08-20,4.2082
2025-08-21,4.231
2025-08-22,4.183
2025-08-25,4.1929
2025-08-26,4.173
2025-08-27,4.1725
2025-08-28,4.172
2025-08-29,4.1391
2025-09-01,4.1391
2025-09-02,4.1179
2025-09-03,4.1177
2025-09-04,4.0758
2025-09-05,4.0021
2025-09-08,4.0172
2025-09-09,4.0172
2025-09-10,4.0297
2025-09-11,4.0215
2025-09-12,4.0202
2025-09-15,3.9888
2025-09-16,3.9526
2025-09-17,3.9651
2025-09-18,3.9724
2025-09-19,3.9608
2025-09-22,3.9371
2025-09-23,3.9246
2025-09-24,3.9526
2025-09-25,3.9703
2025-09-26,3.9483
2025-09-29,3.953
2025-09-30,3.9323
2025-10-01,3.9293
2025-10-02,3.9418
2025-10-03,3.9509
2025-10-06,3.9401
2025-10-07,3.9138
2025-10-08,3.9315
2025-10-09,3.9517
2025-10-10,3.9423
2025-10-13,3.9423
2025-10-14,3.9315
2025-10-15,3.9496
2025-10-16,3.9337
2025-10-17,3.9143
2025-10-20,3.8726
2025-10-21,3.8647
2025-10-22,3.8772
2025-10-23,3.8794
2025-10-24,3.8446
2025-10-27,3.8132
2025-10-28,3.7924
2025-10-29,3.8746
2025-10-30,3.8355
2025-10-31,3.8007
2025-11-03,3.8597
2025-11-04,3.8647
2025-11-05,3.8772
2025-11-06,3.8484
2025-11-07,3.8446
2025-11-10,3.8696
2025-11-11,3.8285
2025-11-12,3.8695
2025-11-13,3.8794
2025-11-14,3.8756
2025-11-17,3.8571
2025-11-18,3.8518
2025-11-19,3.8669
2025-11-20,3.8613
2025-11-21,3.8214
2025-11-24,3.8158
2025-11-25,3.7665
2025-11-26,3.8381
2025-11-27,3.8381
2025-11-28,3.7956
2025-12-01,3.7668
2025-12-02,3.7407
2025-12-03,3.7042
2025-12-04,3.7012
2025-12-05,3.6949
2025-12-08,3.6946
2025-12-09,3.702
2025-12-10,3.6655
2025-12-11,3.6419
2025-12-12,3.6072
2025-12-15,3.6172
2025-12-16,3.6064
2025-12-17,3.619
2025-12-18,3.6032
2025-12-19,3.6021
2025-12-22,3.6069
2025-12-23,3.5832
2025-12-24,3.6341
2025-12-25,3.6341
2025-12-26,3.6227
2025-12-29,3.6172
2025-12-30,3.5419
2025-12-31,3.6264
